modality,feature,model_scale,term,estimate
methylation,CpG_R0001,original,(Intercept),0.15148948114958
methylation,CpG_R0001,original,age,7.610821978879289e-05
methylation,CpG_R0001,original,sexM,-0.0007720250439732756
methylation,CpG_R0001,original,siteB,-0.014277750480773703
methylation,CpG_R0001,original,siteC,-0.0006684172656235317
methylation,CpG_R0002,original,(Intercept),0.07359829526671044
methylation,CpG_R0002,original,age,0.0006413473048045732
methylation,CpG_R0002,original,sexM,-0.0008072590622815394
methylation,CpG_R0002,original,siteB,0.019716988517842825
methylation,CpG_R0002,original,siteC,0.028796246747914922
methylation,CpG_R0003,original,(Intercept),0.07315780488194537
methylation,CpG_R0003,original,age,-0.0001978375043304392
methylation,CpG_R0003,original,sexM,-0.0051685735562869905
methylation,CpG_R0003,original,siteB,0.013483405776533078
methylation,CpG_R0003,original,siteC,0.005302164696785568
methylation,CpG_R0004,original,(Intercept),0.1507658981649253
methylation,CpG_R0004,original,age,0.00011635482900831511
methylation,CpG_R0004,original,sexM,0.006824747870746584
methylation,CpG_R0004,original,siteB,0.004829998355436833
methylation,CpG_R0004,original,siteC,0.014697450634263603
methylation,CpG_R0005,original,(Intercept),0.17153103419099514
methylation,CpG_R0005,original,age,0.0002253753949362235
methylation,CpG_R0005,original,sexM,-0.0010420483710613787
methylation,CpG_R0005,original,siteB,-0.013400095184827484
methylation,CpG_R0005,original,siteC,-0.01717457803114346
methylation,CpG_R0006,original,(Intercept),0.4098226187292433
methylation,CpG_R0006,original,age,-0.00014306098921803063
methylation,CpG_R0006,original,sexM,0.010542722391358308
methylation,CpG_R0006,original,siteB,-0.030362765753926324
methylation,CpG_R0006,original,siteC,-0.029395596889924706
methylation,CpG_R0007,original,(Intercept),0.07962906380432208
methylation,CpG_R0007,original,age,0.0002462606679967995
methylation,CpG_R0007,original,sexM,-0.008486964228008173
methylation,CpG_R0007,original,siteB,0.02080522831415332
methylation,CpG_R0007,original,siteC,0.017583681007028163
methylation,CpG_R0008,original,(Intercept),0.08049990251666932
methylation,CpG_R0008,original,age,-0.00025044108750203476
methylation,CpG_R0008,original,sexM,0.0037173756159083818
methylation,CpG_R0008,original,siteB,0.003214006060118304
methylation,CpG_R0008,original,siteC,-0.007177954725340833
methylation,CpG_R0009,original,(Intercept),0.18587723902791903
methylation,CpG_R0009,original,age,-0.0006813195193776263
methylation,CpG_R0009,original,sexM,-0.011347385716846594
methylation,CpG_R0009,original,siteB,-0.0012772440161037285
methylation,CpG_R0009,original,siteC,-0.005981573346298351
methylation,CpG_R0010,original,(Intercept),0.24994333741725558
methylation,CpG_R0010,original,age,-4.024103098422384e-05
methylation,CpG_R0010,original,sexM,-0.00434218935981278
methylation,CpG_R0010,original,siteB,0.016009815702678516
methylation,CpG_R0010,original,siteC,0.0062142637362645435
methylation,CpG_R0011,original,(Intercept),0.01580180077985847
methylation,CpG_R0011,original,age,0.0008243707021828773
methylation,CpG_R0011,original,sexM,-0.001175011377763886
methylation,CpG_R0011,original,siteB,0.024340527329485384
methylation,CpG_R0011,original,siteC,0.015943080758181197
methylation,CpG_R0012,original,(Intercept),0.16458648420211225
methylation,CpG_R0012,original,age,-6.865139511611927e-05
methylation,CpG_R0012,original,sexM,-0.004204654542035012
methylation,CpG_R0012,original,siteB,-0.03549367265594891
methylation,CpG_R0012,original,siteC,-0.025469445828992906
methylation,CpG_R0013,original,(Intercept),0.10503876389880024
methylation,CpG_R0013,original,age,-3.778415004283816e-05
methylation,CpG_R0013,original,sexM,-0.005539609941349453
methylation,CpG_R0013,original,siteB,0.0005670871139822236
methylation,CpG_R0013,original,siteC,-0.0005597216207148432
methylation,CpG_R0014,original,(Intercept),0.18617651598439242
methylation,CpG_R0014,original,age,-0.00029229525689739277
methylation,CpG_R0014,original,sexM,0.013803092875489205
methylation,CpG_R0014,original,siteB,0.005421701143561658
methylation,CpG_R0014,original,siteC,0.01892990879504051
methylation,CpG_R0015,original,(Intercept),0.16385896238199776
methylation,CpG_R0015,original,age,-8.62917602907146e-05
methylation,CpG_R0015,original,sexM,-0.0032042571734954743
methylation,CpG_R0015,original,siteB,-0.008248722180196696
methylation,CpG_R0015,original,siteC,-0.015654025312440912
methylation,CpG_R0016,original,(Intercept),0.1482887183840495
methylation,CpG_R0016,original,age,-0.0006019986767705395
methylation,CpG_R0016,original,sexM,-0.004318353447669142
methylation,CpG_R0016,original,siteB,-0.002288457641020044
methylation,CpG_R0016,original,siteC,0.005980799919850937
methylation,CpG_R0017,original,(Intercept),0.3374105790515116
methylation,CpG_R0017,original,age,0.0008172292471849809
methylation,CpG_R0017,original,sexM,-0.009376143270203217
methylation,CpG_R0017,original,siteB,0.006159714456381673
methylation,CpG_R0017,original,siteC,0.008354859047034289
methylation,CpG_R0018,original,(Intercept),0.21378005699667343
methylation,CpG_R0018,original,age,-0.0001209865283462922
methylation,CpG_R0018,original,sexM,-0.013570982236916948
methylation,CpG_R0018,original,siteB,0.0005097900110829281
methylation,CpG_R0018,original,siteC,0.00856140697576146
methylation,CpG_R0019,original,(Intercept),0.026985459568787663
methylation,CpG_R0019,original,age,5.3511581317673834e-06
methylation,CpG_R0019,original,sexM,0.002857597579235859
methylation,CpG_R0019,original,siteB,-0.0007911219903439101
methylation,CpG_R0019,original,siteC,-0.0029169604856114197
methylation,CpG_R0020,original,(Intercept),0.21702185751071384
methylation,CpG_R0020,original,age,-1.116717003129352e-05
methylation,CpG_R0020,original,sexM,-0.0032659126990113086
methylation,CpG_R0020,original,siteB,-0.008339369232079546
methylation,CpG_R0020,original,siteC,0.007912796507978345
methylation,CpG_R0021,original,(Intercept),-0.04606187176496574
methylation,CpG_R0021,original,age,0.0031151490481692735
methylation,CpG_R0021,original,sexM,-0.006223012616089521
methylation,CpG_R0021,original,siteB,-0.004605436655089083
methylation,CpG_R0021,original,siteC,0.002889173982340314
methylation,CpG_R0022,original,(Intercept),0.14609417923988924
methylation,CpG_R0022,original,age,6.013988293962936e-05
methylation,CpG_R0022,original,sexM,0.004469676865937781
methylation,CpG_R0022,original,siteB,0.010955690496874204
methylation,CpG_R0022,original,siteC,0.016798059964475528
methylation,CpG_R0023,original,(Intercept),0.24157399689091505
methylation,CpG_R0023,original,age,0.0005156875244111797
methylation,CpG_R0023,original,sexM,-0.007399386336983925
methylation,CpG_R0023,original,siteB,-0.004957581702845347
methylation,CpG_R0023,original,siteC,0.004380587448244672
methylation,CpG_R0024,original,(Intercept),0.3845159010441191
methylation,CpG_R0024,original,age,-0.00045343821859845397
methylation,CpG_R0024,original,sexM,0.0027536936699830063
methylation,CpG_R0024,original,siteB,0.004472022686309067
methylation,CpG_R0024,original,siteC,0.0024179829205278175
methylation,CpG_R0025,original,(Intercept),0.33881950085770557
methylation,CpG_R0025,original,age,-0.0004356929536094589
methylation,CpG_R0025,original,sexM,-0.0009993851613127455
methylation,CpG_R0025,original,siteB,0.008602151760705225
methylation,CpG_R0025,original,siteC,0.021016511781657837
methylation,CpG_R0026,original,(Intercept),0.5973348938711832
methylation,CpG_R0026,original,age,3.87622507710682e-05
methylation,CpG_R0026,original,sexM,-0.012775921893189003
methylation,CpG_R0026,original,siteB,-0.003192837370112718
methylation,CpG_R0026,original,siteC,0.011911590450943112
methylation,CpG_R0027,original,(Intercept),0.3141460168121557
methylation,CpG_R0027,original,age,-0.00043281231769085363
methylation,CpG_R0027,original,sexM,-0.005458740452206102
methylation,CpG_R0027,original,siteB,0.017699791726246417
methylation,CpG_R0027,original,siteC,0.034689166217451925
methylation,CpG_R0028,original,(Intercept),0.13626441613277746
methylation,CpG_R0028,original,age,-0.0005476786570095443
methylation,CpG_R0028,original,sexM,-0.005722611301710848
methylation,CpG_R0028,original,siteB,0.010684816702925625
methylation,CpG_R0028,original,siteC,0.014834874381914038
methylation,CpG_R0029,original,(Intercept),0.1736251620933546
methylation,CpG_R0029,original,age,0.00048074594500112085
methylation,CpG_R0029,original,sexM,0.0023961038260797924
methylation,CpG_R0029,original,siteB,-0.02230988188401798
methylation,CpG_R0029,original,siteC,-0.017835861070583176
methylation,CpG_R0030,original,(Intercept),0.1329208010233946
methylation,CpG_R0030,original,age,-0.00028274415533703916
methylation,CpG_R0030,original,sexM,-0.021474103907542463
methylation,CpG_R0030,original,siteB,-0.01023438400053169
methylation,CpG_R0030,original,siteC,-5.770070206520234e-05
methylation,CpG_R0031,original,(Intercept),0.4735964932919748
methylation,CpG_R0031,original,age,0.0003958459491192667
methylation,CpG_R0031,original,sexM,0.0020774904112484662
methylation,CpG_R0031,original,siteB,0.01742707616281329
methylation,CpG_R0031,original,siteC,0.013745894536294215
methylation,CpG_R0032,original,(Intercept),0.14558613894913267
methylation,CpG_R0032,original,age,-3.7235191678903e-05
methylation,CpG_R0032,original,sexM,-0.007488313511021758
methylation,CpG_R0032,original,siteB,-0.023681182074080032
methylation,CpG_R0032,original,siteC,-0.017129501543214083
methylation,CpG_R0033,original,(Intercept),0.12640144850541388
methylation,CpG_R0033,original,age,0.00023527507289692327
methylation,CpG_R0033,original,sexM,0.004352061019405397
methylation,CpG_R0033,original,siteB,0.007175496335694381
methylation,CpG_R0033,original,siteC,-0.014804030274370477
methylation,CpG_R0034,original,(Intercept),0.14046209696894157
methylation,CpG_R0034,original,age,0.00034327832412442026
methylation,CpG_R0034,original,sexM,0.007751721799675673
methylation,CpG_R0034,original,siteB,0.005500380988935457
methylation,CpG_R0034,original,siteC,0.0065758382020135045
methylation,CpG_R0035,original,(Intercept),0.16308196515881251
methylation,CpG_R0035,original,age,0.00021725423109726213
methylation,CpG_R0035,original,sexM,0.004134107387609031
methylation,CpG_R0035,original,siteB,0.010231303254508946
methylation,CpG_R0035,original,siteC,0.006847508710637826
methylation,CpG_R0036,original,(Intercept),0.16970606495162338
methylation,CpG_R0036,original,age,0.0012813495638720994
methylation,CpG_R0036,original,sexM,0.009430768279629766
methylation,CpG_R0036,original,siteB,-0.03134903732576668
methylation,CpG_R0036,original,siteC,-0.04382496171270601
methylation,CpG_R0037,original,(Intercept),0.2076062774305342
methylation,CpG_R0037,original,age,-6.175172286064997e-05
methylation,CpG_R0037,original,sexM,0.009518751778040475
methylation,CpG_R0037,original,siteB,-0.0006765075701038804
methylation,CpG_R0037,original,siteC,0.004523118158326638
methylation,CpG_R0038,original,(Intercept),0.2326003308087598
methylation,CpG_R0038,original,age,0.00017123710476058955
methylation,CpG_R0038,original,sexM,-0.00697683778448075
methylation,CpG_R0038,original,siteB,-0.01879405667729521
methylation,CpG_R0038,original,siteC,-0.017396668648855047
methylation,CpG_R0039,original,(Intercept),0.333486017936654
methylation,CpG_R0039,original,age,0.001135540077366325
methylation,CpG_R0039,original,sexM,-0.00622927317880224
methylation,CpG_R0039,original,siteB,-0.001019193432880348
methylation,CpG_R0039,original,siteC,0.001270767465573334
methylation,CpG_R0040,original,(Intercept),0.3423908008006975
methylation,CpG_R0040,original,age,2.0383436854256387e-05
methylation,CpG_R0040,original,sexM,-0.0044478757768996605
methylation,CpG_R0040,original,siteB,0.025241235176991037
methylation,CpG_R0040,original,siteC,0.01212421770362918
methylation,CpG_R0041,original,(Intercept),0.4386646731878508
methylation,CpG_R0041,original,age,4.3377798463848474e-05
methylation,CpG_R0041,original,sexM,0.0018215645596638566
methylation,CpG_R0041,original,siteB,-0.024709350190851645
methylation,CpG_R0041,original,siteC,-0.027533100553316123
methylation,CpG_R0042,original,(Intercept),0.19854493641044849
methylation,CpG_R0042,original,age,-0.0004253686772446598
methylation,CpG_R0042,original,sexM,0.008875364399612045
methylation,CpG_R0042,original,siteB,0.0006720636876355018
methylation,CpG_R0042,original,siteC,-0.006774566985037237
methylation,CpG_R0043,original,(Intercept),0.41772610464601534
methylation,CpG_R0043,original,age,-0.0008230609247656488
methylation,CpG_R0043,original,sexM,0.013232921618770299
methylation,CpG_R0043,original,siteB,-0.018740618906126348
methylation,CpG_R0043,original,siteC,-0.030507649218713642
methylation,CpG_R0044,original,(Intercept),0.01939035258782193
methylation,CpG_R0044,original,age,-3.7521655142242806e-05
methylation,CpG_R0044,original,sexM,0.006042813146858171
methylation,CpG_R0044,original,siteB,-0.0017325230952853225
methylation,CpG_R0044,original,siteC,0.0037979964736295983
methylation,CpG_R0045,original,(Intercept),0.24530267299454056
methylation,CpG_R0045,original,age,0.0002910814082834167
methylation,CpG_R0045,original,sexM,2.9777139636914055e-05
methylation,CpG_R0045,original,siteB,-0.050114465940317585
methylation,CpG_R0045,original,siteC,-0.04984025698406092
methylation,CpG_R0046,original,(Intercept),0.04610565203250648
methylation,CpG_R0046,original,age,-0.0003091201367285637
methylation,CpG_R0046,original,sexM,0.006514879753551625
methylation,CpG_R0046,original,siteB,-0.0055229307700148675
methylation,CpG_R0046,original,siteC,0.0027511412305006922
methylation,CpG_R0047,original,(Intercept),0.38273112539610765
methylation,CpG_R0047,original,age,-0.00032780114841578727
methylation,CpG_R0047,original,sexM,0.017421671575937984
methylation,CpG_R0047,original,siteB,-0.006311970622588749
methylation,CpG_R0047,original,siteC,-0.006120892587279398
methylation,CpG_R0048,original,(Intercept),0.3789671883249037
methylation,CpG_R0048,original,age,-0.00018516497857208575
methylation,CpG_R0048,original,sexM,0.003680925329164545
methylation,CpG_R0048,original,siteB,-0.021178349268592255
methylation,CpG_R0048,original,siteC,-0.018401578808134138
methylation,CpG_R0049,original,(Intercept),0.37735709672402845
methylation,CpG_R0049,original,age,-2.479999748588843e-06
methylation,CpG_R0049,original,sexM,-0.005731741452817429
methylation,CpG_R0049,original,siteB,0.015204549578705649
methylation,CpG_R0049,original,siteC,0.013307053845169562
methylation,CpG_R0050,original,(Intercept),0.19013107316429967
methylation,CpG_R0050,original,age,-0.00045481100341958217
methylation,CpG_R0050,original,sexM,-0.001743102698852582
methylation,CpG_R0050,original,siteB,-0.0007522874048866961
methylation,CpG_R0050,original,siteC,0.0031098030036440984
methylation,CpG_R0051,original,(Intercept),0.21040873978511873
methylation,CpG_R0051,original,age,-0.00035836280949419936
methylation,CpG_R0051,original,sexM,-0.01275595977364406
methylation,CpG_R0051,original,siteB,0.0031452411912693237
methylation,CpG_R0051,original,siteC,0.013928722829337962
methylation,CpG_R0052,original,(Intercept),0.16887761009883115
methylation,CpG_R0052,original,age,0.0004069496361357037
methylation,CpG_R0052,original,sexM,0.002214121249676755
methylation,CpG_R0052,original,siteB,-0.005580080175340504
methylation,CpG_R0052,original,siteC,-0.004178423759430011
methylation,CpG_R0053,original,(Intercept),0.07072454137475497
methylation,CpG_R0053,original,age,0.0003629982989374514
methylation,CpG_R0053,original,sexM,-0.0036345226038854775
methylation,CpG_R0053,original,siteB,0.02694419460960208
methylation,CpG_R0053,original,siteC,0.01700893880786767
methylation,CpG_R0054,original,(Intercept),0.09378197527258045
methylation,CpG_R0054,original,age,0.0002478097796529427
methylation,CpG_R0054,original,sexM,0.0020624455768261307
methylation,CpG_R0054,original,siteB,-0.013833596252244833
methylation,CpG_R0054,original,siteC,-0.004812400899513837
methylation,CpG_R0055,original,(Intercept),0.264883728069812
methylation,CpG_R0055,original,age,0.0003011850272392412
methylation,CpG_R0055,original,sexM,0.005224795152036618
methylation,CpG_R0055,original,siteB,-0.013820561927075089
methylation,CpG_R0055,original,siteC,-0.010564847414574164
methylation,CpG_R0056,original,(Intercept),0.17042083079253434
methylation,CpG_R0056,original,age,-0.00017468409871195474
methylation,CpG_R0056,original,sexM,-0.005256277509064741
methylation,CpG_R0056,original,siteB,-0.003545643969062866
methylation,CpG_R0056,original,siteC,0.0013700035757846713
methylation,CpG_R0057,original,(Intercept),0.12130309180053968
methylation,CpG_R0057,original,age,-0.00019289434870748727
methylation,CpG_R0057,original,sexM,-0.005683113472128736
methylation,CpG_R0057,original,siteB,-0.006737667228207991
methylation,CpG_R0057,original,siteC,0.006207819848193323
methylation,CpG_R0058,original,(Intercept),0.13456738591858164
methylation,CpG_R0058,original,age,-0.00023973403443898483
methylation,CpG_R0058,original,sexM,-0.0027135588435947223
methylation,CpG_R0058,original,siteB,-0.010963784262451114
methylation,CpG_R0058,original,siteC,0.0041165695946736676
methylation,CpG_R0059,original,(Intercept),0.3733131382440064
methylation,CpG_R0059,original,age,-0.0001142192435248266
methylation,CpG_R0059,original,sexM,0.006246764288438325
methylation,CpG_R0059,original,siteB,-0.011303716583248597
methylation,CpG_R0059,original,siteC,-0.019035234493546802
methylation,CpG_R0060,original,(Intercept),0.3816377674720389
methylation,CpG_R0060,original,age,0.000607083334232952
methylation,CpG_R0060,original,sexM,-0.021551354540228877
methylation,CpG_R0060,original,siteB,0.023373450717751737
methylation,CpG_R0060,original,siteC,0.008369954442796736
methylation,CpG_R0061,original,(Intercept),0.05397905163529184
methylation,CpG_R0061,original,age,-0.00017275469076205306
methylation,CpG_R0061,original,sexM,-0.004917983272800583
methylation,CpG_R0061,original,siteB,0.004668565773765293
methylation,CpG_R0061,original,siteC,0.008287773717599721
methylation,CpG_R0062,original,(Intercept),0.2624111924400169
methylation,CpG_R0062,original,age,4.186159491444909e-05
methylation,CpG_R0062,original,sexM,-0.00799484909041643
methylation,CpG_R0062,original,siteB,-0.004034912696451702
methylation,CpG_R0062,original,siteC,0.0038378346592599696
methylation,CpG_R0063,original,(Intercept),0.09678923586380188
methylation,CpG_R0063,original,age,0.0004029092078010458
methylation,CpG_R0063,original,sexM,0.0009885603987631
methylation,CpG_R0063,original,siteB,-0.011877686508895107
methylation,CpG_R0063,original,siteC,-0.01453521009524993
methylation,CpG_R0064,original,(Intercept),0.28340190757759437
methylation,CpG_R0064,original,age,-0.00012795893529584108
methylation,CpG_R0064,original,sexM,0.003618846441522647
methylation,CpG_R0064,original,siteB,0.0022098256574679953
methylation,CpG_R0064,original,siteC,0.0004177186563562297
methylation,CpG_R0065,original,(Intercept),0.20786679246659748
methylation,CpG_R0065,original,age,0.00018338918967756806
methylation,CpG_R0065,original,sexM,0.009016509790152961
methylation,CpG_R0065,original,siteB,0.002518465175056816
methylation,CpG_R0065,original,siteC,0.0035577492707403358
methylation,CpG_R0066,original,(Intercept),0.4174879422395237
methylation,CpG_R0066,original,age,-0.00013316413761710658
methylation,CpG_R0066,original,sexM,0.005972658379365857
methylation,CpG_R0066,original,siteB,-0.044578680741698226
methylation,CpG_R0066,original,siteC,-0.03888926403356751
methylation,CpG_R0067,original,(Intercept),0.10731053761746534
methylation,CpG_R0067,original,age,0.0006596093480748925
methylation,CpG_R0067,original,sexM,0.005865078960699877
methylation,CpG_R0067,original,siteB,-0.01814799429376334
methylation,CpG_R0067,original,siteC,0.00013202903358122187
methylation,CpG_R0068,original,(Intercept),0.1368676432803918
methylation,CpG_R0068,original,age,-0.0009215270415268705
methylation,CpG_R0068,original,sexM,-0.0009826099791870196
methylation,CpG_R0068,original,siteB,-0.014691261534427813
methylation,CpG_R0068,original,siteC,-4.6476781625205484e-05
methylation,CpG_R0069,original,(Intercept),0.18710227858141554
methylation,CpG_R0069,original,age,-0.0009826184404203983
methylation,CpG_R0069,original,sexM,-0.0049177000715305876
methylation,CpG_R0069,original,siteB,-0.0050918003058852334
methylation,CpG_R0069,original,siteC,-0.004980019813711389
methylation,CpG_R0070,original,(Intercept),0.18344560029873833
methylation,CpG_R0070,original,age,7.79088112773656e-05
methylation,CpG_R0070,original,sexM,0.0021742246675074666
methylation,CpG_R0070,original,siteB,0.007233317441265378
methylation,CpG_R0070,original,siteC,0.010814266845578843
methylation,CpG_R0071,original,(Intercept),0.18490477864828764
methylation,CpG_R0071,original,age,0.00040087746861272106
methylation,CpG_R0071,original,sexM,-0.014137680803805354
methylation,CpG_R0071,original,siteB,0.004960769730957389
methylation,CpG_R0071,original,siteC,0.007685258879179307
methylation,CpG_R0072,original,(Intercept),0.2636458475247647
methylation,CpG_R0072,original,age,2.9750580291898614e-05
methylation,CpG_R0072,original,sexM,0.007523612089186235
methylation,CpG_R0072,original,siteB,0.018933303735238417
methylation,CpG_R0072,original,siteC,0.010117661265472958
methylation,CpG_R0073,original,(Intercept),0.10234854169817231
methylation,CpG_R0073,original,age,0.0004939595945338039
methylation,CpG_R0073,original,sexM,0.009674369384350559
methylation,CpG_R0073,original,siteB,0.0014681802499853232
methylation,CpG_R0073,original,siteC,0.005269285597017604
methylation,CpG_R0074,original,(Intercept),0.48633829307246756
methylation,CpG_R0074,original,age,-5.858118039080327e-05
methylation,CpG_R0074,original,sexM,0.004433849900010146
methylation,CpG_R0074,original,siteB,-0.024731259824978966
methylation,CpG_R0074,original,siteC,-0.018215375989565172
methylation,CpG_R0075,original,(Intercept),0.08169700094807839
methylation,CpG_R0075,original,age,-0.00018784222185065652
methylation,CpG_R0075,original,sexM,-0.016923972608298265
methylation,CpG_R0075,original,siteB,-0.0010599437920893356
methylation,CpG_R0075,original,siteC,-0.01196177005560991
methylation,CpG_R0076,original,(Intercept),0.3205097207658258
methylation,CpG_R0076,original,age,0.00021084126421773054
methylation,CpG_R0076,original,sexM,0.0011161605302811518
methylation,CpG_R0076,original,siteB,-0.03164323848825617
methylation,CpG_R0076,original,siteC,-0.028902581460526967
methylation,CpG_R0077,original,(Intercept),0.187347446561823
methylation,CpG_R0077,original,age,0.00037098227840719146
methylation,CpG_R0077,original,sexM,-0.004406669736765691
methylation,CpG_R0077,original,siteB,0.009149731859371051
methylation,CpG_R0077,original,siteC,-0.00594286630365965
methylation,CpG_R0078,original,(Intercept),0.11535415706602174
methylation,CpG_R0078,original,age,-5.5536749117741036e-05
methylation,CpG_R0078,original,sexM,-0.004540855061829888
methylation,CpG_R0078,original,siteB,0.007846982716698942
methylation,CpG_R0078,original,siteC,0.010709086887423955
methylation,CpG_R0079,original,(Intercept),0.47413927580993265
methylation,CpG_R0079,original,age,-6.892345761279467e-05
methylation,CpG_R0079,original,sexM,0.008552381916749882
methylation,CpG_R0079,original,siteB,0.015435549249464777
methylation,CpG_R0079,original,siteC,0.02293418873163338
methylation,CpG_R0080,original,(Intercept),0.11307584691660684
methylation,CpG_R0080,original,age,-0.0006379350960671469
methylation,CpG_R0080,original,sexM,-0.002238406971141211
methylation,CpG_R0080,original,siteB,-0.0041355240656678035
methylation,CpG_R0080,original,siteC,0.0008978808466904716
methylation,CpG_R0081,original,(Intercept),0.08687339163214224
methylation,CpG_R0081,original,age,0.0021877659491115692
methylation,CpG_R0081,original,sexM,0.005171265017301252
methylation,CpG_R0081,original,siteB,-0.018875846449245334
methylation,CpG_R0081,original,siteC,-0.008387040615392336
methylation,CpG_R0082,original,(Intercept),0.2670937378785507
methylation,CpG_R0082,original,age,-0.00014723964967865537
methylation,CpG_R0082,original,sexM,-0.006057843965576738
methylation,CpG_R0082,original,siteB,-0.010544026732555365
methylation,CpG_R0082,original,siteC,-0.00944785027845743
methylation,CpG_R0083,original,(Intercept),0.28803526343653735
methylation,CpG_R0083,original,age,-0.000198027774875632
methylation,CpG_R0083,original,sexM,-0.021985437369812198
methylation,CpG_R0083,original,siteB,-0.00810284894001702
methylation,CpG_R0083,original,siteC,-0.009592100908405954
methylation,CpG_R0084,original,(Intercept),0.1990868025627977
methylation,CpG_R0084,original,age,0.0003118856562152572
methylation,CpG_R0084,original,sexM,0.0034635401986973517
methylation,CpG_R0084,original,siteB,-0.001617443557169719
methylation,CpG_R0084,original,siteC,0.005350505002276487
methylation,CpG_R0085,original,(Intercept),0.08071045566046885
methylation,CpG_R0085,original,age,0.00023322473905059503
methylation,CpG_R0085,original,sexM,-0.013369230152802267
methylation,CpG_R0085,original,siteB,0.015340092504454545
methylation,CpG_R0085,original,siteC,0.019548761285567293
methylation,CpG_R0086,original,(Intercept),0.27459876675567196
methylation,CpG_R0086,original,age,0.0007202613210265748
methylation,CpG_R0086,original,sexM,0.003999743953850461
methylation,CpG_R0086,original,siteB,-0.0007661326080893188
methylation,CpG_R0086,original,siteC,-0.0033749799282254108
methylation,CpG_R0087,original,(Intercept),0.1385721276035277
methylation,CpG_R0087,original,age,-0.000450967768936027
methylation,CpG_R0087,original,sexM,-0.008691198899135581
methylation,CpG_R0087,original,siteB,-0.009609474679978627
methylation,CpG_R0087,original,siteC,-0.01143166772624222
methylation,CpG_R0088,original,(Intercept),0.041211873822738984
methylation,CpG_R0088,original,age,0.0003005962810511572
methylation,CpG_R0088,original,sexM,-0.014656669103917148
methylation,CpG_R0088,original,siteB,-0.005318772646272476
methylation,CpG_R0088,original,siteC,-0.00943099376820419
methylation,CpG_R0089,original,(Intercept),0.15668787131356224
methylation,CpG_R0089,original,age,-0.0004423400402424784
methylation,CpG_R0089,original,sexM,0.017389803075815533
methylation,CpG_R0089,original,siteB,0.008133036368592635
methylation,CpG_R0089,original,siteC,0.005128939605969387
methylation,CpG_R0090,original,(Intercept),0.09087377116248489
methylation,CpG_R0090,original,age,-9.599521739523032e-05
methylation,CpG_R0090,original,sexM,0.011017445545276694
methylation,CpG_R0090,original,siteB,0.010707371087764995
methylation,CpG_R0090,original,siteC,-0.0069547830265247156
methylation,CpG_R0091,original,(Intercept),0.10066471547094015
methylation,CpG_R0091,original,age,-0.000746126989084088
methylation,CpG_R0091,original,sexM,0.0042953030939690195
methylation,CpG_R0091,original,siteB,0.00023897584805102187
methylation,CpG_R0091,original,siteC,0.010693175975481587
methylation,CpG_R0092,original,(Intercept),0.2797793997716025
methylation,CpG_R0092,original,age,7.357477096944238e-05
methylation,CpG_R0092,original,sexM,-0.01897171273176851
methylation,CpG_R0092,original,siteB,-0.022353613123859837
methylation,CpG_R0092,original,siteC,-0.03478567447573391
methylation,CpG_R0093,original,(Intercept),0.14436909100157766
methylation,CpG_R0093,original,age,-0.00032248060221823734
methylation,CpG_R0093,original,sexM,0.0037120459268097285
methylation,CpG_R0093,original,siteB,-0.004619505222419041
methylation,CpG_R0093,original,siteC,-0.01579353887708464
methylation,CpG_R0094,original,(Intercept),0.10855884322598758
methylation,CpG_R0094,original,age,-0.0004539001475547631
methylation,CpG_R0094,original,sexM,-0.003001660057838189
methylation,CpG_R0094,original,siteB,-0.011188368477425029
methylation,CpG_R0094,original,siteC,0.006500265615969225
methylation,CpG_R0095,original,(Intercept),0.11827728070192361
methylation,CpG_R0095,original,age,-0.0005209237426752999
methylation,CpG_R0095,original,sexM,-0.00162559122147189
methylation,CpG_R0095,original,siteB,0.00014220800978933233
methylation,CpG_R0095,original,siteC,-0.003857329024615781
methylation,CpG_R0096,original,(Intercept),0.2425854630295303
methylation,CpG_R0096,original,age,0.00030986632077902856
methylation,CpG_R0096,original,sexM,-0.008852652271092748
methylation,CpG_R0096,original,siteB,-0.018871724635106297
methylation,CpG_R0096,original,siteC,-0.022863154950489302
methylation,CpG_R0097,original,(Intercept),0.57923369783543
methylation,CpG_R0097,original,age,-0.0007675475200710232
methylation,CpG_R0097,original,sexM,-0.00403465125996817
methylation,CpG_R0097,original,siteB,-0.012876697688749958
methylation,CpG_R0097,original,siteC,-0.013474395996569908
methylation,CpG_R0098,original,(Intercept),0.15099239540468634
methylation,CpG_R0098,original,age,-7.655760063617247e-06
methylation,CpG_R0098,original,sexM,-0.007177929777961691
methylation,CpG_R0098,original,siteB,-0.008354011015945762
methylation,CpG_R0098,original,siteC,-0.014146530144525852
methylation,CpG_R0099,original,(Intercept),0.3636131930991015
methylation,CpG_R0099,original,age,-0.0004971919278799803
methylation,CpG_R0099,original,sexM,0.004542863939458808
methylation,CpG_R0099,original,siteB,-0.0009652471086596375
methylation,CpG_R0099,original,siteC,-0.013263414896565828
methylation,CpG_R0100,original,(Intercept),0.04834798628840276
methylation,CpG_R0100,original,age,0.0009522990699916021
methylation,CpG_R0100,original,sexM,0.009716326497121083
methylation,CpG_R0100,original,siteB,0.00961700159416805
methylation,CpG_R0100,original,siteC,0.004154614042313593
methylation,CpG_R0101,original,(Intercept),0.06980181146057834
methylation,CpG_R0101,original,age,0.0006949840667721126
methylation,CpG_R0101,original,sexM,-0.0018571661997332377
methylation,CpG_R0101,original,siteB,0.0016361437227563132
methylation,CpG_R0101,original,siteC,-4.1217636128577184e-05
methylation,CpG_R0102,original,(Intercept),0.1612122411128239
methylation,CpG_R0102,original,age,-7.767967994388437e-05
methylation,CpG_R0102,original,sexM,-0.002215098218163899
methylation,CpG_R0102,original,siteB,-0.005945882774429973
methylation,CpG_R0102,original,siteC,0.011585004272211121
methylation,CpG_R0103,original,(Intercept),0.33094241411883474
methylation,CpG_R0103,original,age,-0.0005540251480775378
methylation,CpG_R0103,original,sexM,-0.01073020403935729
methylation,CpG_R0103,original,siteB,0.0010384457796156139
methylation,CpG_R0103,original,siteC,0.005701902075259519
methylation,CpG_R0104,original,(Intercept),0.2648017115486181
methylation,CpG_R0104,original,age,-0.0002048135585098094
methylation,CpG_R0104,original,sexM,0.0025926434072742993
methylation,CpG_R0104,original,siteB,0.00422574409927872
methylation,CpG_R0104,original,siteC,-0.002172197494241872
methylation,CpG_R0105,original,(Intercept),0.44174927772567163
methylation,CpG_R0105,original,age,0.00028526228889220193
methylation,CpG_R0105,original,sexM,-0.015879496236878864
methylation,CpG_R0105,original,siteB,-0.00018663793046015358
methylation,CpG_R0105,original,siteC,0.0010545106782382466
methylation,CpG_R0106,original,(Intercept),0.27224898884773147
methylation,CpG_R0106,original,age,-0.00020495842339221418
methylation,CpG_R0106,original,sexM,0.006530253509263982
methylation,CpG_R0106,original,siteB,0.01001863943190736
methylation,CpG_R0106,original,siteC,0.004243544963636646
methylation,CpG_R0107,original,(Intercept),0.03175867389561737
methylation,CpG_R0107,original,age,0.000825372028508184
methylation,CpG_R0107,original,sexM,0.019077372811810208
methylation,CpG_R0107,original,siteB,-0.031780640045292796
methylation,CpG_R0107,original,siteC,-0.03360216247949433
methylation,CpG_R0108,original,(Intercept),0.42499665511733187
methylation,CpG_R0108,original,age,-0.0002884845253438619
methylation,CpG_R0108,original,sexM,0.006023442805682155
methylation,CpG_R0108,original,siteB,0.0028367242362411955
methylation,CpG_R0108,original,siteC,-0.0031992379643992373
methylation,CpG_R0109,original,(Intercept),0.4083080844905024
methylation,CpG_R0109,original,age,0.00023817294196153008
methylation,CpG_R0109,original,sexM,0.015693839036358175
methylation,CpG_R0109,original,siteB,-0.02581181680953669
methylation,CpG_R0109,original,siteC,-0.03871611100252452
methylation,CpG_R0110,original,(Intercept),0.22401272715768963
methylation,CpG_R0110,original,age,-0.00032486537305281973
methylation,CpG_R0110,original,sexM,0.004007224505032577
methylation,CpG_R0110,original,siteB,-0.007720371183117032
methylation,CpG_R0110,original,siteC,-0.0043676421016977844
methylation,CpG_R0111,original,(Intercept),0.35125027767808814
methylation,CpG_R0111,original,age,0.0005850136620090895
methylation,CpG_R0111,original,sexM,0.010753694725866108
methylation,CpG_R0111,original,siteB,0.00922107276963182
methylation,CpG_R0111,original,siteC,0.0006675949150537223
methylation,CpG_R0112,original,(Intercept),0.09243980382840712
methylation,CpG_R0112,original,age,3.913099592824394e-05
methylation,CpG_R0112,original,sexM,-0.005568236809734017
methylation,CpG_R0112,original,siteB,-0.011024722282385734
methylation,CpG_R0112,original,siteC,0.007353786474929903
methylation,CpG_R0113,original,(Intercept),0.2972631731244366
methylation,CpG_R0113,original,age,0.000551816934464323
methylation,CpG_R0113,original,sexM,-0.01502386300397032
methylation,CpG_R0113,original,siteB,-0.01585049641522604
methylation,CpG_R0113,original,siteC,-0.006907650616716183
methylation,CpG_R0114,original,(Intercept),0.3661859624048358
methylation,CpG_R0114,original,age,-0.0006301848278167955
methylation,CpG_R0114,original,sexM,0.002766915994168661
methylation,CpG_R0114,original,siteB,-0.012320107619344213
methylation,CpG_R0114,original,siteC,-0.0003066310209011754
methylation,CpG_R0115,original,(Intercept),0.21848255486399998
methylation,CpG_R0115,original,age,0.0003091035747302213
methylation,CpG_R0115,original,sexM,0.009060417585017662
methylation,CpG_R0115,original,siteB,0.006546224147418933
methylation,CpG_R0115,original,siteC,0.004321718273720718
methylation,CpG_R0116,original,(Intercept),0.3632982860382376
methylation,CpG_R0116,original,age,0.00023181521959373023
methylation,CpG_R0116,original,sexM,-0.010218939077811632
methylation,CpG_R0116,original,siteB,0.0010581917552873758
methylation,CpG_R0116,original,siteC,0.023951553617905238
methylation,CpG_R0117,original,(Intercept),0.09552667746658995
methylation,CpG_R0117,original,age,0.0006018338706363594
methylation,CpG_R0117,original,sexM,-0.0038929795943331838
methylation,CpG_R0117,original,siteB,-0.0007015107622594217
methylation,CpG_R0117,original,siteC,-0.014176947932502827
methylation,CpG_R0118,original,(Intercept),0.24778175271043112
methylation,CpG_R0118,original,age,0.00018572676180975316
methylation,CpG_R0118,original,sexM,-0.002658173424853915
methylation,CpG_R0118,original,siteB,0.009591880020493635
methylation,CpG_R0118,original,siteC,0.011308510733886404
methylation,CpG_R0119,original,(Intercept),0.06263373474721153
methylation,CpG_R0119,original,age,0.0003048657192414345
methylation,CpG_R0119,original,sexM,0.005554242625326213
methylation,CpG_R0119,original,siteB,-0.03847922306096597
methylation,CpG_R0119,original,siteC,-0.04280112313589345
methylation,CpG_R0120,original,(Intercept),0.17828987097728208
methylation,CpG_R0120,original,age,0.0005724351928041004
methylation,CpG_R0120,original,sexM,0.0011749463187182905
methylation,CpG_R0120,original,siteB,0.0060102382734443325
methylation,CpG_R0120,original,siteC,-0.00731978065820795
methylation,CpG_R0121,original,(Intercept),0.3360547302908213
methylation,CpG_R0121,original,age,0.0002111900880408464
methylation,CpG_R0121,original,sexM,0.01812571006257983
methylation,CpG_R0121,original,siteB,-0.020246030420287237
methylation,CpG_R0121,original,siteC,-0.017329356097782373
methylation,CpG_R0122,original,(Intercept),0.08589978900336652
methylation,CpG_R0122,original,age,0.000383797524353228
methylation,CpG_R0122,original,sexM,-0.004045362576159168
methylation,CpG_R0122,original,siteB,-0.014475904387475074
methylation,CpG_R0122,original,siteC,-0.017451592755640042
methylation,CpG_R0123,original,(Intercept),0.04367900155691901
methylation,CpG_R0123,original,age,5.5678246958717275e-05
methylation,CpG_R0123,original,sexM,0.013678790140695554
methylation,CpG_R0123,original,siteB,0.0009561422214003544
methylation,CpG_R0123,original,siteC,-0.0006265242042113157
methylation,CpG_R0124,original,(Intercept),0.12487012277698967
methylation,CpG_R0124,original,age,-4.475864636659531e-05
methylation,CpG_R0124,original,sexM,0.0017974719676478513
methylation,CpG_R0124,original,siteB,-0.0097811711971921
methylation,CpG_R0124,original,siteC,-0.0059093008452010725
methylation,CpG_R0125,original,(Intercept),0.19917390772864582
methylation,CpG_R0125,original,age,0.00013818977073746413
methylation,CpG_R0125,original,sexM,0.009708417940479979
methylation,CpG_R0125,original,siteB,0.007758027882996698
methylation,CpG_R0125,original,siteC,-0.010734417578461313
methylation,CpG_R0126,original,(Intercept),0.09278659564356259
methylation,CpG_R0126,original,age,-6.716142841581583e-05
methylation,CpG_R0126,original,sexM,0.012628737725346865
methylation,CpG_R0126,original,siteB,-0.0010280365736579438
methylation,CpG_R0126,original,siteC,-0.00574949619004579
methylation,CpG_R0127,original,(Intercept),0.06434888360354923
methylation,CpG_R0127,original,age,-0.0003858090482053261
methylation,CpG_R0127,original,sexM,-0.004950193587353455
methylation,CpG_R0127,original,siteB,-0.006692372658310643
methylation,CpG_R0127,original,siteC,-0.010019018489603338
methylation,CpG_R0128,original,(Intercept),0.009437458533360315
methylation,CpG_R0128,original,age,0.00042781397967392063
methylation,CpG_R0128,original,sexM,-0.004678799681110935
methylation,CpG_R0128,original,siteB,0.008681525010551071
methylation,CpG_R0128,original,siteC,0.008898459015939239
methylation,CpG_R0129,original,(Intercept),0.1807084970864994
methylation,CpG_R0129,original,age,0.0004487103523109518
methylation,CpG_R0129,original,sexM,0.0034725113128582837
methylation,CpG_R0129,original,siteB,-0.01278367409231302
methylation,CpG_R0129,original,siteC,-0.0023613276810840675
methylation,CpG_R0130,original,(Intercept),0.29888153442769094
methylation,CpG_R0130,original,age,1.46565130410532e-05
methylation,CpG_R0130,original,sexM,-0.0033676200516583204
methylation,CpG_R0130,original,siteB,0.008566922424126053
methylation,CpG_R0130,original,siteC,0.014249423518114706
methylation,CpG_R0131,original,(Intercept),0.09800686143303215
methylation,CpG_R0131,original,age,0.0007589943101248904
methylation,CpG_R0131,original,sexM,0.012310330206658919
methylation,CpG_R0131,original,siteB,-0.023989124128497206
methylation,CpG_R0131,original,siteC,-0.031326869257327986
methylation,CpG_R0132,original,(Intercept),0.47635393904429957
methylation,CpG_R0132,original,age,-0.00014582505182587517
methylation,CpG_R0132,original,sexM,-0.005687415234199885
methylation,CpG_R0132,original,siteB,0.0064856663634824995
methylation,CpG_R0132,original,siteC,0.01833283994863958
methylation,CpG_R0133,original,(Intercept),0.06564821110977707
methylation,CpG_R0133,original,age,0.00022279766532275948
methylation,CpG_R0133,original,sexM,-0.01584231095193671
methylation,CpG_R0133,original,siteB,0.007454831265429297
methylation,CpG_R0133,original,siteC,0.005830684901129667
methylation,CpG_R0134,original,(Intercept),0.2248906538603188
methylation,CpG_R0134,original,age,0.0005016557381006195
methylation,CpG_R0134,original,sexM,-0.0024553385778983876
methylation,CpG_R0134,original,siteB,0.0037735227172632706
methylation,CpG_R0134,original,siteC,0.0024117607951347608
methylation,CpG_R0135,original,(Intercept),0.1415776155080276
methylation,CpG_R0135,original,age,-8.796712009170483e-05
methylation,CpG_R0135,original,sexM,-0.0005682836727253846
methylation,CpG_R0135,original,siteB,-0.007564926348720062
methylation,CpG_R0135,original,siteC,0.012836629373574403
methylation,CpG_R0136,original,(Intercept),0.20511437984120856
methylation,CpG_R0136,original,age,-0.0006469640928847565
methylation,CpG_R0136,original,sexM,-0.01060998952914998
methylation,CpG_R0136,original,siteB,-0.009066548191125694
methylation,CpG_R0136,original,siteC,-0.008002250538100851
methylation,CpG_R0137,original,(Intercept),0.10821604335031414
methylation,CpG_R0137,original,age,0.00029141011600987405
methylation,CpG_R0137,original,sexM,-0.008121422902016251
methylation,CpG_R0137,original,siteB,-0.0012188728072675843
methylation,CpG_R0137,original,siteC,0.006607230501717116
methylation,CpG_R0138,original,(Intercept),0.131558630664348
methylation,CpG_R0138,original,age,-4.537859813535503e-05
methylation,CpG_R0138,original,sexM,0.0006554959304924612
methylation,CpG_R0138,original,siteB,-0.0012366795328825116
methylation,CpG_R0138,original,siteC,0.002324958091882502
methylation,CpG_R0139,original,(Intercept),0.3209933868021526
methylation,CpG_R0139,original,age,-0.0002584863410328567
methylation,CpG_R0139,original,sexM,0.011381962332921724
methylation,CpG_R0139,original,siteB,-0.015083601194979611
methylation,CpG_R0139,original,siteC,-0.017060763767330386
methylation,CpG_R0140,original,(Intercept),0.10531774512564124
methylation,CpG_R0140,original,age,0.0004891111273004952
methylation,CpG_R0140,original,sexM,0.009870720360960853
methylation,CpG_R0140,original,siteB,-0.017264110293381412
methylation,CpG_R0140,original,siteC,-0.007117426527005953
methylation,CpG_R0141,original,(Intercept),0.18142699486747058
methylation,CpG_R0141,original,age,0.0005389349946053306
methylation,CpG_R0141,original,sexM,0.0006964902759110207
methylation,CpG_R0141,original,siteB,-0.02988919260653253
methylation,CpG_R0141,original,siteC,-0.012232944296345987
methylation,CpG_R0142,original,(Intercept),0.040681947299793825
methylation,CpG_R0142,original,age,-0.00013977335036841334
methylation,CpG_R0142,original,sexM,-0.005981429976638787
methylation,CpG_R0142,original,siteB,-0.009525872257708548
methylation,CpG_R0142,original,siteC,-1.8823531689496913e-05
methylation,CpG_R0143,original,(Intercept),0.2156572819640182
methylation,CpG_R0143,original,age,0.00013113716850450115
methylation,CpG_R0143,original,sexM,0.004785865696385889
methylation,CpG_R0143,original,siteB,-0.023229011121279387
methylation,CpG_R0143,original,siteC,-0.03316899267098426
methylation,CpG_R0144,original,(Intercept),0.320511919481633
methylation,CpG_R0144,original,age,0.0004137582049651487
methylation,CpG_R0144,original,sexM,-0.003380205388799908
methylation,CpG_R0144,original,siteB,0.007255475319247017
methylation,CpG_R0144,original,siteC,0.0035265580620353577
methylation,CpG_R0145,original,(Intercept),0.17006224281127302
methylation,CpG_R0145,original,age,-5.790990196843489e-05
methylation,CpG_R0145,original,sexM,-0.0009678330300712068
methylation,CpG_R0145,original,siteB,-0.0030960049042476523
methylation,CpG_R0145,original,siteC,0.010825785057829815
methylation,CpG_R0146,original,(Intercept),0.03395747089186745
methylation,CpG_R0146,original,age,0.002410657180506178
methylation,CpG_R0146,original,sexM,0.0020061174116186623
methylation,CpG_R0146,original,siteB,0.008021938228020631
methylation,CpG_R0146,original,siteC,0.010595418091115007
methylation,CpG_R0147,original,(Intercept),0.44638798880184294
methylation,CpG_R0147,original,age,0.0005950683684690588
methylation,CpG_R0147,original,sexM,-0.0012099896096652485
methylation,CpG_R0147,original,siteB,-0.005730989403650365
methylation,CpG_R0147,original,siteC,0.001218532883445074
methylation,CpG_R0148,original,(Intercept),0.18570080440933504
methylation,CpG_R0148,original,age,-0.0004378806035377471
methylation,CpG_R0148,original,sexM,0.0004562525943408471
methylation,CpG_R0148,original,siteB,-0.004397807122651067
methylation,CpG_R0148,original,siteC,0.004318899457305302
methylation,CpG_R0149,original,(Intercept),0.1030122484279128
methylation,CpG_R0149,original,age,-0.00031186385337841926
methylation,CpG_R0149,original,sexM,-0.005766017027766501
methylation,CpG_R0149,original,siteB,-0.009762241892239494
methylation,CpG_R0149,original,siteC,-0.006181115417978965
methylation,CpG_R0150,original,(Intercept),0.35590631477255463
methylation,CpG_R0150,original,age,-0.00019782400149634513
methylation,CpG_R0150,original,sexM,0.0012466928746260749
methylation,CpG_R0150,original,siteB,-0.009816974904681624
methylation,CpG_R0150,original,siteC,0.0019145793768265212
methylation,CpG_R0151,original,(Intercept),0.20567644791532746
methylation,CpG_R0151,original,age,8.125855015889194e-07
methylation,CpG_R0151,original,sexM,-0.004382679447117901
methylation,CpG_R0151,original,siteB,0.023285219763094774
methylation,CpG_R0151,original,siteC,0.021417427732257965
methylation,CpG_R0152,original,(Intercept),0.11172497553145344
methylation,CpG_R0152,original,age,-0.0002196939635730232
methylation,CpG_R0152,original,sexM,0.00455600404021054
methylation,CpG_R0152,original,siteB,-0.00041063982580117096
methylation,CpG_R0152,original,siteC,-0.016622088545871782
methylation,CpG_R0153,original,(Intercept),0.19289258599978112
methylation,CpG_R0153,original,age,0.0002730227271973422
methylation,CpG_R0153,original,sexM,0.005079146332387983
methylation,CpG_R0153,original,siteB,-0.008006648682964562
methylation,CpG_R0153,original,siteC,-0.008032651545990867
methylation,CpG_R0154,original,(Intercept),0.277275187032321
methylation,CpG_R0154,original,age,0.0006318198730631082
methylation,CpG_R0154,original,sexM,-0.01321393675712261
methylation,CpG_R0154,original,siteB,-0.0027454911750110908
methylation,CpG_R0154,original,siteC,-0.007067436489563268
methylation,CpG_R0155,original,(Intercept),0.46759295120655575
methylation,CpG_R0155,original,age,0.00019328289617896437
methylation,CpG_R0155,original,sexM,-0.00809073353766725
methylation,CpG_R0155,original,siteB,0.02491829120037054
methylation,CpG_R0155,original,siteC,0.016856906784929283
methylation,CpG_R0156,original,(Intercept),0.521682767320278
methylation,CpG_R0156,original,age,-0.00017087024855630143
methylation,CpG_R0156,original,sexM,0.004134864598830363
methylation,CpG_R0156,original,siteB,-0.011175455392542668
methylation,CpG_R0156,original,siteC,0.001301090103747919
methylation,CpG_R0157,original,(Intercept),0.293686529665162
methylation,CpG_R0157,original,age,-0.00023538371135809844
methylation,CpG_R0157,original,sexM,0.0006605200950887341
methylation,CpG_R0157,original,siteB,-0.011677214350884054
methylation,CpG_R0157,original,siteC,0.006286110896907155
methylation,CpG_R0158,original,(Intercept),0.16143396138632643
methylation,CpG_R0158,original,age,-0.0001874328218537562
methylation,CpG_R0158,original,sexM,0.010513892389757244
methylation,CpG_R0158,original,siteB,-0.009228933771364405
methylation,CpG_R0158,original,siteC,0.006447951966357042
methylation,CpG_R0159,original,(Intercept),0.004096104690624042
methylation,CpG_R0159,original,age,0.0023747357692477807
methylation,CpG_R0159,original,sexM,-0.00439853025461948
methylation,CpG_R0159,original,siteB,-0.006027728923219417
methylation,CpG_R0159,original,siteC,-0.013823329505467333
methylation,CpG_R0160,original,(Intercept),0.4524121563163606
methylation,CpG_R0160,original,age,0.0004249993569722006
methylation,CpG_R0160,original,sexM,0.020830714153281443
methylation,CpG_R0160,original,siteB,0.01174864344998088
methylation,CpG_R0160,original,siteC,0.013320961362421044
methylation,CpG_R0161,original,(Intercept),0.08714730007539129
methylation,CpG_R0161,original,age,-0.00027123867461431773
methylation,CpG_R0161,original,sexM,0.00658461915078672
methylation,CpG_R0161,original,siteB,0.002223549343581796
methylation,CpG_R0161,original,siteC,0.01718866432406899
methylation,CpG_R0162,original,(Intercept),0.3445902789641
methylation,CpG_R0162,original,age,5.08837489015473e-05
methylation,CpG_R0162,original,sexM,-0.007393405927018556
methylation,CpG_R0162,original,siteB,0.003971046813836875
methylation,CpG_R0162,original,siteC,0.006122657851804256
methylation,CpG_R0163,original,(Intercept),0.35556050240306314
methylation,CpG_R0163,original,age,3.1382635489706515e-06
methylation,CpG_R0163,original,sexM,-0.0029145771961926457
methylation,CpG_R0163,original,siteB,0.007045409363193518
methylation,CpG_R0163,original,siteC,0.010939256286071453
methylation,CpG_R0164,original,(Intercept),0.021961739110061322
methylation,CpG_R0164,original,age,0.001086252758600166
methylation,CpG_R0164,original,sexM,-0.00218153917479941
methylation,CpG_R0164,original,siteB,-0.0028156582622379583
methylation,CpG_R0164,original,siteC,0.004036625462356964
methylation,CpG_R0165,original,(Intercept),0.13052524869169532
methylation,CpG_R0165,original,age,-0.00030600160158232093
methylation,CpG_R0165,original,sexM,0.003666315733659941
methylation,CpG_R0165,original,siteB,0.0007292979917393155
methylation,CpG_R0165,original,siteC,-0.002210431770237982
methylation,CpG_R0166,original,(Intercept),0.06191138049516626
methylation,CpG_R0166,original,age,0.00035080102283750373
methylation,CpG_R0166,original,sexM,-0.009069301616835848
methylation,CpG_R0166,original,siteB,-0.0033206007289766576
methylation,CpG_R0166,original,siteC,-0.0025949895905091717
methylation,CpG_R0167,original,(Intercept),0.18903016339742715
methylation,CpG_R0167,original,age,-0.00010497568634978124
methylation,CpG_R0167,original,sexM,0.00793901658433234
methylation,CpG_R0167,original,siteB,-0.011417897723862772
methylation,CpG_R0167,original,siteC,-0.00302607820495073
methylation,CpG_R0168,original,(Intercept),0.14436252497841265
methylation,CpG_R0168,original,age,0.0005184028081031529
methylation,CpG_R0168,original,sexM,-0.015413231397541182
methylation,CpG_R0168,original,siteB,-0.03088102827816011
methylation,CpG_R0168,original,siteC,-0.03791377500506958
methylation,CpG_R0169,original,(Intercept),0.06394634184254512
methylation,CpG_R0169,original,age,0.0010327534099464043
methylation,CpG_R0169,original,sexM,0.008463765216519191
methylation,CpG_R0169,original,siteB,0.011090075701230797
methylation,CpG_R0169,original,siteC,-0.004199023690755723
methylation,CpG_R0170,original,(Intercept),0.04275243641340949
methylation,CpG_R0170,original,age,0.0004479996961982559
methylation,CpG_R0170,original,sexM,-0.003927768848925389
methylation,CpG_R0170,original,siteB,0.019841798293992144
methylation,CpG_R0170,original,siteC,0.019402725340518054
methylation,CpG_R0171,original,(Intercept),0.18722457590430805
methylation,CpG_R0171,original,age,0.00013485805417376258
methylation,CpG_R0171,original,sexM,-0.00014672724745041628
methylation,CpG_R0171,original,siteB,-0.000638359263127535
methylation,CpG_R0171,original,siteC,-0.003807679736504341
methylation,CpG_R0172,original,(Intercept),0.5704259557230257
methylation,CpG_R0172,original,age,1.3860801563854502e-05
methylation,CpG_R0172,original,sexM,-0.008427542750885145
methylation,CpG_R0172,original,siteB,-0.03015911209365955
methylation,CpG_R0172,original,siteC,-0.0346566302199388
methylation,CpG_R0173,original,(Intercept),0.2780656789331367
methylation,CpG_R0173,original,age,-2.6400307296724106e-05
methylation,CpG_R0173,original,sexM,-0.0026500543851461257
methylation,CpG_R0173,original,siteB,-0.0004921665165362523
methylation,CpG_R0173,original,siteC,0.0031628307915505358
methylation,CpG_R0174,original,(Intercept),0.1814121293956508
methylation,CpG_R0174,original,age,0.00010281194478455586
methylation,CpG_R0174,original,sexM,0.009652569365258303
methylation,CpG_R0174,original,siteB,0.003986668476770624
methylation,CpG_R0174,original,siteC,0.003025455828879755
methylation,CpG_R0175,original,(Intercept),0.37895903700929306
methylation,CpG_R0175,original,age,0.001220864731813681
methylation,CpG_R0175,original,sexM,0.003031578378096515
methylation,CpG_R0175,original,siteB,-0.014063836496616276
methylation,CpG_R0175,original,siteC,-0.03280193020122101
methylation,CpG_R0176,original,(Intercept),0.1272494514081029
methylation,CpG_R0176,original,age,0.00016958208792021632
methylation,CpG_R0176,original,sexM,0.014081684103660843
methylation,CpG_R0176,original,siteB,-0.025259892785968723
methylation,CpG_R0176,original,siteC,-0.015011830545224427
methylation,CpG_R0177,original,(Intercept),0.23021773734700593
methylation,CpG_R0177,original,age,0.00044226631305628415
methylation,CpG_R0177,original,sexM,-0.0013703624225460764
methylation,CpG_R0177,original,siteB,0.007319570313309901
methylation,CpG_R0177,original,siteC,0.003783474696407918
methylation,CpG_R0178,original,(Intercept),0.25792228620465385
methylation,CpG_R0178,original,age,0.00027232302003160646
methylation,CpG_R0178,original,sexM,0.010967125833912902
methylation,CpG_R0178,original,siteB,0.011120548873310801
methylation,CpG_R0178,original,siteC,0.002858874897882708
methylation,CpG_R0179,original,(Intercept),0.11268841764034866
methylation,CpG_R0179,original,age,-0.0001924495281844839
methylation,CpG_R0179,original,sexM,-0.011662086602359182
methylation,CpG_R0179,original,siteB,-0.009068317416822118
methylation,CpG_R0179,original,siteC,-0.0008713922999805953
methylation,CpG_R0180,original,(Intercept),0.12259401892773938
methylation,CpG_R0180,original,age,0.00015246548446184787
methylation,CpG_R0180,original,sexM,0.005923350541585613
methylation,CpG_R0180,original,siteB,-0.003959238199627777
methylation,CpG_R0180,original,siteC,-0.0051871499370107635
methylation,CpG_R0181,original,(Intercept),0.03527244377351127
methylation,CpG_R0181,original,age,0.0009390421125027848
methylation,CpG_R0181,original,sexM,0.006070097229995079
methylation,CpG_R0181,original,siteB,-0.010079121207684404
methylation,CpG_R0181,original,siteC,-0.013823676539306032
methylation,CpG_R0182,original,(Intercept),0.2603464935591836
methylation,CpG_R0182,original,age,2.3388865780573716e-05
methylation,CpG_R0182,original,sexM,0.0008698612794468038
methylation,CpG_R0182,original,siteB,-0.04380353595418111
methylation,CpG_R0182,original,siteC,-0.047466871648763204
methylation,CpG_R0183,original,(Intercept),0.38387560483496996
methylation,CpG_R0183,original,age,1.90061989257677e-05
methylation,CpG_R0183,original,sexM,-0.014456741645896404
methylation,CpG_R0183,original,siteB,-0.04156511719789122
methylation,CpG_R0183,original,siteC,-0.03714744143335786
methylation,CpG_R0184,original,(Intercept),0.17788156120070056
methylation,CpG_R0184,original,age,-0.00040174090789115384
methylation,CpG_R0184,original,sexM,-0.0074289900380259165
methylation,CpG_R0184,original,siteB,0.009405282387426344
methylation,CpG_R0184,original,siteC,0.012230512194590294
methylation,CpG_R0185,original,(Intercept),0.4816820629494363
methylation,CpG_R0185,original,age,0.0011493091990787386
methylation,CpG_R0185,original,sexM,0.005024598906624785
methylation,CpG_R0185,original,siteB,-0.007880428913446069
methylation,CpG_R0185,original,siteC,-0.005533832845676925
methylation,CpG_R0186,original,(Intercept),0.3106608911687755
methylation,CpG_R0186,original,age,-0.0005982385935091076
methylation,CpG_R0186,original,sexM,-0.0030063398028115397
methylation,CpG_R0186,original,siteB,-0.0026267187454925463
methylation,CpG_R0186,original,siteC,-0.016827235475700676
methylation,CpG_R0187,original,(Intercept),0.2127584131042816
methylation,CpG_R0187,original,age,-0.0001819811408387167
methylation,CpG_R0187,original,sexM,0.009610136354407802
methylation,CpG_R0187,original,siteB,-0.001195316362856714
methylation,CpG_R0187,original,siteC,0.011288989744555075
methylation,CpG_R0188,original,(Intercept),0.11598509820589398
methylation,CpG_R0188,original,age,-0.00043227078938800457
methylation,CpG_R0188,original,sexM,0.003662999933531764
methylation,CpG_R0188,original,siteB,0.009910551682969808
methylation,CpG_R0188,original,siteC,0.009367623324920703
methylation,CpG_R0189,original,(Intercept),0.1277777403586012
methylation,CpG_R0189,original,age,0.0004008845107854023
methylation,CpG_R0189,original,sexM,-0.0022203105051224
methylation,CpG_R0189,original,siteB,-0.0026816641625046806
methylation,CpG_R0189,original,siteC,-0.008441657733574937
methylation,CpG_R0190,original,(Intercept),0.1388883046785892
methylation,CpG_R0190,original,age,0.00014471808816126318
methylation,CpG_R0190,original,sexM,-0.015031317379662274
methylation,CpG_R0190,original,siteB,0.010943392156156546
methylation,CpG_R0190,original,siteC,0.004118035402729919
methylation,CpG_R0191,original,(Intercept),0.10852102937254948
methylation,CpG_R0191,original,age,0.00014046392269755027
methylation,CpG_R0191,original,sexM,-0.005237031188701171
methylation,CpG_R0191,original,siteB,0.015244129563657526
methylation,CpG_R0191,original,siteC,0.001550859315250714
methylation,CpG_R0192,original,(Intercept),0.24255247769168786
methylation,CpG_R0192,original,age,-0.00020049045873854476
methylation,CpG_R0192,original,sexM,0.00047960981240716615
methylation,CpG_R0192,original,siteB,-0.004085495278294856
methylation,CpG_R0192,original,siteC,-0.004277648865135012
methylation,CpG_R0193,original,(Intercept),0.07376799102572194
methylation,CpG_R0193,original,age,0.0005136141517892714
methylation,CpG_R0193,original,sexM,-0.006859244204740851
methylation,CpG_R0193,original,siteB,-0.02836958862360493
methylation,CpG_R0193,original,siteC,-0.022957185968060314
methylation,CpG_R0194,original,(Intercept),0.1751313276260391
methylation,CpG_R0194,original,age,0.00031700569531400725
methylation,CpG_R0194,original,sexM,0.002042295148159401
methylation,CpG_R0194,original,siteB,-0.010380157540257909
methylation,CpG_R0194,original,siteC,-0.0171676477312573
methylation,CpG_R0195,original,(Intercept),0.256918940845759
methylation,CpG_R0195,original,age,-0.0006683014966649586
methylation,CpG_R0195,original,sexM,0.0027552741093684295
methylation,CpG_R0195,original,siteB,0.011142085868057105
methylation,CpG_R0195,original,siteC,0.011262607450450782
methylation,CpG_R0196,original,(Intercept),0.12345007777417262
methylation,CpG_R0196,original,age,0.00017535301477031504
methylation,CpG_R0196,original,sexM,-0.0073344352269844445
methylation,CpG_R0196,original,siteB,-0.013421731470680782
methylation,CpG_R0196,original,siteC,-0.013250318082344009
methylation,CpG_R0197,original,(Intercept),0.08201695690679009
methylation,CpG_R0197,original,age,0.00024117239757736342
methylation,CpG_R0197,original,sexM,-0.0025232140834788156
methylation,CpG_R0197,original,siteB,0.0053395513186762006
methylation,CpG_R0197,original,siteC,-0.00672266896840148
methylation,CpG_R0198,original,(Intercept),0.3685623394830275
methylation,CpG_R0198,original,age,0.0002469187978805149
methylation,CpG_R0198,original,sexM,2.0604547098928797e-05
methylation,CpG_R0198,original,siteB,-0.016420399640335186
methylation,CpG_R0198,original,siteC,-0.017587463448611434
methylation,CpG_R0199,original,(Intercept),0.16906378807775035
methylation,CpG_R0199,original,age,-0.0001924233490554188
methylation,CpG_R0199,original,sexM,-0.004714585086145277
methylation,CpG_R0199,original,siteB,-0.007725116056798817
methylation,CpG_R0199,original,siteC,-0.008800912545359505
methylation,CpG_R0200,original,(Intercept),0.2982351515870939
methylation,CpG_R0200,original,age,-0.00032675907244772987
methylation,CpG_R0200,original,sexM,-0.003752384543581391
methylation,CpG_R0200,original,siteB,-0.009228305216779762
methylation,CpG_R0200,original,siteC,0.0004297106170473995
methylation,CpG_R0201,original,(Intercept),0.08128998150392722
methylation,CpG_R0201,original,age,-0.0006059948950415512
methylation,CpG_R0201,original,sexM,-0.0036643461814109823
methylation,CpG_R0201,original,siteB,-0.006243362560573386
methylation,CpG_R0201,original,siteC,-0.008524470204731112
methylation,CpG_R0202,original,(Intercept),0.2494446805119468
methylation,CpG_R0202,original,age,0.0006166783196182192
methylation,CpG_R0202,original,sexM,-0.01267248269005142
methylation,CpG_R0202,original,siteB,-0.01809557075507963
methylation,CpG_R0202,original,siteC,-0.01190824018158571
methylation,CpG_R0203,original,(Intercept),0.07629917358244379
methylation,CpG_R0203,original,age,-0.0006083211963969364
methylation,CpG_R0203,original,sexM,-0.008359365463540937
methylation,CpG_R0203,original,siteB,0.010169587473583562
methylation,CpG_R0203,original,siteC,0.01529906212736822
methylation,CpG_R0204,original,(Intercept),0.14510655505317493
methylation,CpG_R0204,original,age,0.00016926531735708529
methylation,CpG_R0204,original,sexM,-0.009569861234769899
methylation,CpG_R0204,original,siteB,-0.008008917989866304
methylation,CpG_R0204,original,siteC,0.0016439307804596189
methylation,CpG_R0205,original,(Intercept),0.1847355185328562
methylation,CpG_R0205,original,age,-4.014806800308152e-05
methylation,CpG_R0205,original,sexM,0.010043920668964154
methylation,CpG_R0205,original,siteB,-0.0024235293917606853
methylation,CpG_R0205,original,siteC,0.0010335728015837215
methylation,CpG_R0206,original,(Intercept),0.05015678670398366
methylation,CpG_R0206,original,age,-4.7856402561306234e-05
methylation,CpG_R0206,original,sexM,-0.00444631575987583
methylation,CpG_R0206,original,siteB,0.004333909084327972
methylation,CpG_R0206,original,siteC,0.016591223100691006
methylation,CpG_R0207,original,(Intercept),0.2214302619821824
methylation,CpG_R0207,original,age,-0.0011450653092219697
methylation,CpG_R0207,original,sexM,0.00987243283502596
methylation,CpG_R0207,original,siteB,-0.013196180706407577
methylation,CpG_R0207,original,siteC,-0.017335701483870463
methylation,CpG_R0208,original,(Intercept),0.2069568080696552
methylation,CpG_R0208,original,age,-0.0009231709926653406
methylation,CpG_R0208,original,sexM,-0.003173047388177688
methylation,CpG_R0208,original,siteB,-0.015544561189928734
methylation,CpG_R0208,original,siteC,-0.008464735974390531
methylation,CpG_R0209,original,(Intercept),0.47120230285394155
methylation,CpG_R0209,original,age,-4.165659105092188e-05
methylation,CpG_R0209,original,sexM,-0.0020139044612100775
methylation,CpG_R0209,original,siteB,-0.03571601594249929
methylation,CpG_R0209,original,siteC,-0.03417236480809049
methylation,CpG_R0210,original,(Intercept),0.15122286715087005
methylation,CpG_R0210,original,age,0.0006307901217461568
methylation,CpG_R0210,original,sexM,0.010830221108848372
methylation,CpG_R0210,original,siteB,-0.0038056288792128272
methylation,CpG_R0210,original,siteC,0.0018688657070404888
methylation,CpG_R0211,original,(Intercept),0.16144425755150435
methylation,CpG_R0211,original,age,0.0004380870573421681
methylation,CpG_R0211,original,sexM,-0.009437764911294751
methylation,CpG_R0211,original,siteB,-0.010574124065784127
methylation,CpG_R0211,original,siteC,-0.015826016811432104
methylation,CpG_R0212,original,(Intercept),0.20428796451517353
methylation,CpG_R0212,original,age,-0.0005057914451851651
methylation,CpG_R0212,original,sexM,0.008526820709226952
methylation,CpG_R0212,original,siteB,-0.004119551049277788
methylation,CpG_R0212,original,siteC,-0.006673892840992076
methylation,CpG_R0213,original,(Intercept),0.26917231355733484
methylation,CpG_R0213,original,age,-8.167658283404173e-05
methylation,CpG_R0213,original,sexM,-0.005915453268078151
methylation,CpG_R0213,original,siteB,0.008615035617354903
methylation,CpG_R0213,original,siteC,-0.004370279207800773
methylation,CpG_R0214,original,(Intercept),0.3131588772169086
methylation,CpG_R0214,original,age,0.00036651521189267814
methylation,CpG_R0214,original,sexM,0.01757649912411879
methylation,CpG_R0214,original,siteB,0.0127308159950685
methylation,CpG_R0214,original,siteC,0.012596885135229418
methylation,CpG_R0215,original,(Intercept),0.3539935249281929
methylation,CpG_R0215,original,age,-0.00014354253396304487
methylation,CpG_R0215,original,sexM,-0.0040802474639425055
methylation,CpG_R0215,original,siteB,-0.0019528005969299265
methylation,CpG_R0215,original,siteC,-0.006122716303577096
methylation,CpG_R0216,original,(Intercept),0.17011851536766404
methylation,CpG_R0216,original,age,-0.000317534862381915
methylation,CpG_R0216,original,sexM,-0.00634347870712048
methylation,CpG_R0216,original,siteB,-0.0037677019524031694
methylation,CpG_R0216,original,siteC,-0.008202554288802283
methylation,CpG_R0217,original,(Intercept),0.3249172461980922
methylation,CpG_R0217,original,age,0.0001282229851288535
methylation,CpG_R0217,original,sexM,-0.00022480130863590398
methylation,CpG_R0217,original,siteB,-0.0037732445605093965
methylation,CpG_R0217,original,siteC,0.008204333752752285
methylation,CpG_R0218,original,(Intercept),0.29518232482323126
methylation,CpG_R0218,original,age,0.0006565232422045065
methylation,CpG_R0218,original,sexM,-0.002201314973900851
methylation,CpG_R0218,original,siteB,-0.00973147473446488
methylation,CpG_R0218,original,siteC,-0.010753516720277852
methylation,CpG_R0219,original,(Intercept),0.22803648325136006
methylation,CpG_R0219,original,age,0.00013260512108954371
methylation,CpG_R0219,original,sexM,-0.007749034469600642
methylation,CpG_R0219,original,siteB,-0.012930047549517253
methylation,CpG_R0219,original,siteC,-0.004507937292572122
methylation,CpG_R0220,original,(Intercept),0.14902844728253722
methylation,CpG_R0220,original,age,-0.0008745599240258017
methylation,CpG_R0220,original,sexM,0.014573296394421441
methylation,CpG_R0220,original,siteB,0.009803847046432354
methylation,CpG_R0220,original,siteC,0.006058659863520878
methylation,CpG_R0221,original,(Intercept),0.2800100224424248
methylation,CpG_R0221,original,age,-0.00011715460064878703
methylation,CpG_R0221,original,sexM,-0.0160900047980967
methylation,CpG_R0221,original,siteB,0.007228861904734396
methylation,CpG_R0221,original,siteC,0.0015019526034552927
methylation,CpG_R0222,original,(Intercept),0.24356020489278637
methylation,CpG_R0222,original,age,-0.0006460124513078667
methylation,CpG_R0222,original,sexM,-0.008827627849768314
methylation,CpG_R0222,original,siteB,0.00036022430386873483
methylation,CpG_R0222,original,siteC,0.005466458971616085
methylation,CpG_R0223,original,(Intercept),0.3307262934577996
methylation,CpG_R0223,original,age,0.0006139012347850968
methylation,CpG_R0223,original,sexM,-0.0037529003419536923
methylation,CpG_R0223,original,siteB,0.005691274160369885
methylation,CpG_R0223,original,siteC,0.005693567614927723
methylation,CpG_R0224,original,(Intercept),0.163965459724334
methylation,CpG_R0224,original,age,0.00014183072850354407
methylation,CpG_R0224,original,sexM,0.009732613062612023
methylation,CpG_R0224,original,siteB,0.007283412602187446
methylation,CpG_R0224,original,siteC,0.01898811043703493
methylation,CpG_R0225,original,(Intercept),0.18527464006560013
methylation,CpG_R0225,original,age,0.00045382968884837325
methylation,CpG_R0225,original,sexM,-0.014747720928610437
methylation,CpG_R0225,original,siteB,-0.029288759414586064
methylation,CpG_R0225,original,siteC,-0.02544992188166153
methylation,CpG_R0226,original,(Intercept),0.13007018204370943
methylation,CpG_R0226,original,age,0.0001332781815341544
methylation,CpG_R0226,original,sexM,0.00490419936073046
methylation,CpG_R0226,original,siteB,-0.0058024659342078245
methylation,CpG_R0226,original,siteC,-0.004007586094340134
methylation,CpG_R0227,original,(Intercept),0.2564287532124119
methylation,CpG_R0227,original,age,0.00033387012052342886
methylation,CpG_R0227,original,sexM,-0.0015923962572643882
methylation,CpG_R0227,original,siteB,0.006390962101914891
methylation,CpG_R0227,original,siteC,0.013183327457009597
methylation,CpG_R0228,original,(Intercept),0.07033744641523963
methylation,CpG_R0228,original,age,0.0002596968697704571
methylation,CpG_R0228,original,sexM,-0.012403710696855337
methylation,CpG_R0228,original,siteB,0.0022144149902944762
methylation,CpG_R0228,original,siteC,0.014728433500592544
methylation,CpG_R0229,original,(Intercept),0.028953136281502825
methylation,CpG_R0229,original,age,-2.4316177565801987e-07
methylation,CpG_R0229,original,sexM,0.0013676931164031073
methylation,CpG_R0229,original,siteB,0.001481914758280001
methylation,CpG_R0229,original,siteC,-0.0090644288600886
methylation,CpG_R0230,original,(Intercept),0.2694168572905244
methylation,CpG_R0230,original,age,-0.0004959623455098949
methylation,CpG_R0230,original,sexM,-0.009070518072721348
methylation,CpG_R0230,original,siteB,-0.004209471708467183
methylation,CpG_R0230,original,siteC,-0.0038337267748069738
methylation,CpG_R0231,original,(Intercept),0.07215239366780848
methylation,CpG_R0231,original,age,-6.118937001558505e-05
methylation,CpG_R0231,original,sexM,-0.004739575429590675
methylation,CpG_R0231,original,siteB,-0.0029555533149616267
methylation,CpG_R0231,original,siteC,0.003155521329339642
methylation,CpG_R0232,original,(Intercept),0.44512640913053847
methylation,CpG_R0232,original,age,-9.254721928672758e-05
methylation,CpG_R0232,original,sexM,-0.00830870913537817
methylation,CpG_R0232,original,siteB,-0.005760785342638761
methylation,CpG_R0232,original,siteC,-0.014179594619727552
methylation,CpG_R0233,original,(Intercept),0.4258470185063878
methylation,CpG_R0233,original,age,-0.00062046661362315
methylation,CpG_R0233,original,sexM,0.006477097418295917
methylation,CpG_R0233,original,siteB,-0.04188550891037587
methylation,CpG_R0233,original,siteC,-0.05066167805344686
methylation,CpG_R0234,original,(Intercept),0.024318725257586903
methylation,CpG_R0234,original,age,0.0002669449210745597
methylation,CpG_R0234,original,sexM,-0.002423285331784519
methylation,CpG_R0234,original,siteB,0.011937280097504851
methylation,CpG_R0234,original,siteC,-0.0005115425733700174
methylation,CpG_R0235,original,(Intercept),0.10162531153965594
methylation,CpG_R0235,original,age,-0.00010379514508340973
methylation,CpG_R0235,original,sexM,6.795478324705308e-05
methylation,CpG_R0235,original,siteB,-0.008737565687870272
methylation,CpG_R0235,original,siteC,-0.00577101350786112
methylation,CpG_R0236,original,(Intercept),0.2386985852121459
methylation,CpG_R0236,original,age,-0.00045435443886456434
methylation,CpG_R0236,original,sexM,-0.004765799422422469
methylation,CpG_R0236,original,siteB,0.02301815681467318
methylation,CpG_R0236,original,siteC,0.016538179659112716
methylation,CpG_R0237,original,(Intercept),0.31354172152599563
methylation,CpG_R0237,original,age,-0.0002598253443765618
methylation,CpG_R0237,original,sexM,-0.008844633633557919
methylation,CpG_R0237,original,siteB,0.002410313227671095
methylation,CpG_R0237,original,siteC,0.0019677497260948856
methylation,CpG_R0238,original,(Intercept),0.2515638857052272
methylation,CpG_R0238,original,age,0.00046470065355027696
methylation,CpG_R0238,original,sexM,-0.007435346549990698
methylation,CpG_R0238,original,siteB,0.00968404646447984
methylation,CpG_R0238,original,siteC,0.008168335774951322
methylation,CpG_R0239,original,(Intercept),0.34873803884054355
methylation,CpG_R0239,original,age,-0.00015443819971434428
methylation,CpG_R0239,original,sexM,-0.006880799708637162
methylation,CpG_R0239,original,siteB,-0.027225522854766503
methylation,CpG_R0239,original,siteC,-0.02960028057816364
methylation,CpG_R0240,original,(Intercept),0.07038843790062141
methylation,CpG_R0240,original,age,1.5526214559849332e-05
methylation,CpG_R0240,original,sexM,0.00312914354608292
methylation,CpG_R0240,original,siteB,-0.02345736062813245
methylation,CpG_R0240,original,siteC,-0.02964841019720528
methylation,CpG_R0241,original,(Intercept),0.09002319754065274
methylation,CpG_R0241,original,age,0.0001182610109966914
methylation,CpG_R0241,original,sexM,-0.0006310553908787343
methylation,CpG_R0241,original,siteB,0.004086082570159798
methylation,CpG_R0241,original,siteC,0.006745446326031764
methylation,CpG_R0242,original,(Intercept),0.3373192022656155
methylation,CpG_R0242,original,age,0.00013491579729727485
methylation,CpG_R0242,original,sexM,0.0066428979934307925
methylation,CpG_R0242,original,siteB,0.016200556782339837
methylation,CpG_R0242,original,siteC,0.007555195952481632
methylation,CpG_R0243,original,(Intercept),0.29129677046759944
methylation,CpG_R0243,original,age,-0.00034774379209448003
methylation,CpG_R0243,original,sexM,0.011576031309806526
methylation,CpG_R0243,original,siteB,-0.01914490044199544
methylation,CpG_R0243,original,siteC,-0.03179887109877173
methylation,CpG_R0244,original,(Intercept),0.08451255494153631
methylation,CpG_R0244,original,age,-0.0001303482807434332
methylation,CpG_R0244,original,sexM,0.002325594313737354
methylation,CpG_R0244,original,siteB,0.013976060987840887
methylation,CpG_R0244,original,siteC,0.02050797698094408
methylation,CpG_R0245,original,(Intercept),0.2559841107838846
methylation,CpG_R0245,original,age,-4.463161711139315e-05
methylation,CpG_R0245,original,sexM,-0.0011902101932867134
methylation,CpG_R0245,original,siteB,-0.005828303912452026
methylation,CpG_R0245,original,siteC,-0.001097052669298513
methylation,CpG_R0246,original,(Intercept),0.22868566244192318
methylation,CpG_R0246,original,age,0.0003738065957615089
methylation,CpG_R0246,original,sexM,-0.009371824957891494
methylation,CpG_R0246,original,siteB,0.008841848588986756
methylation,CpG_R0246,original,siteC,0.0041102026371983725
methylation,CpG_R0247,original,(Intercept),0.20093406580297152
methylation,CpG_R0247,original,age,4.039701294378552e-05
methylation,CpG_R0247,original,sexM,0.004357039681126373
methylation,CpG_R0247,original,siteB,-0.004126035593743643
methylation,CpG_R0247,original,siteC,0.006050730655634258
methylation,CpG_R0248,original,(Intercept),0.1876444857910602
methylation,CpG_R0248,original,age,-0.0007186228178090808
methylation,CpG_R0248,original,sexM,0.003933940874437725
methylation,CpG_R0248,original,siteB,-0.0037098333181074046
methylation,CpG_R0248,original,siteC,0.013664050621129993
methylation,CpG_R0249,original,(Intercept),0.36667012490755224
methylation,CpG_R0249,original,age,0.0005487768645765247
methylation,CpG_R0249,original,sexM,-0.01029806332269813
methylation,CpG_R0249,original,siteB,-0.023005025080059104
methylation,CpG_R0249,original,siteC,-0.01762877702036406
methylation,CpG_R0250,original,(Intercept),0.16862327359297194
methylation,CpG_R0250,original,age,-0.0003127080917237551
methylation,CpG_R0250,original,sexM,-0.001261138647436177
methylation,CpG_R0250,original,siteB,0.01577836469683345
methylation,CpG_R0250,original,siteC,0.012424794783525494
methylation,CpG_R0251,original,(Intercept),0.05361609587709153
methylation,CpG_R0251,original,age,0.00022168849381973613
methylation,CpG_R0251,original,sexM,-0.000213836771911452
methylation,CpG_R0251,original,siteB,-0.01107425890268022
methylation,CpG_R0251,original,siteC,-0.004357092971551843
methylation,CpG_R0252,original,(Intercept),0.3266564549921657
methylation,CpG_R0252,original,age,0.0001589316606308672
methylation,CpG_R0252,original,sexM,-0.007913492765777238
methylation,CpG_R0252,original,siteB,0.003004357807128135
methylation,CpG_R0252,original,siteC,-0.006970102208665866
methylation,CpG_R0253,original,(Intercept),0.0513987499731779
methylation,CpG_R0253,original,age,4.0495584739762644e-05
methylation,CpG_R0253,original,sexM,0.010468308341824445
methylation,CpG_R0253,original,siteB,0.019389537326124247
methylation,CpG_R0253,original,siteC,0.012360064206560767
methylation,CpG_R0254,original,(Intercept),0.1939512382196351
methylation,CpG_R0254,original,age,0.0001672498335646365
methylation,CpG_R0254,original,sexM,0.005096818462510485
methylation,CpG_R0254,original,siteB,-0.019372782734010253
methylation,CpG_R0254,original,siteC,-0.01962820812574298
methylation,CpG_R0255,original,(Intercept),0.10779885183831672
methylation,CpG_R0255,original,age,-0.00016383197224002934
methylation,CpG_R0255,original,sexM,0.000695628900132028
methylation,CpG_R0255,original,siteB,0.0027654449239443166
methylation,CpG_R0255,original,siteC,0.013585223689187421
methylation,CpG_R0256,original,(Intercept),0.2500504533285003
methylation,CpG_R0256,original,age,-0.00034074620394080143
methylation,CpG_R0256,original,sexM,0.005855925164652091
methylation,CpG_R0256,original,siteB,0.002163742377537376
methylation,CpG_R0256,original,siteC,-0.003849090933711531
methylation,CpG_R0257,original,(Intercept),0.029348467183849408
methylation,CpG_R0257,original,age,0.0005230329509250784
methylation,CpG_R0257,original,sexM,-0.0010362598057458384
methylation,CpG_R0257,original,siteB,-0.012286939504092992
methylation,CpG_R0257,original,siteC,-0.01468038761430204
methylation,CpG_R0258,original,(Intercept),0.3840816126795296
methylation,CpG_R0258,original,age,-0.00010129524116945154
methylation,CpG_R0258,original,sexM,-0.008012095848745945
methylation,CpG_R0258,original,siteB,-0.026463578175480167
methylation,CpG_R0258,original,siteC,-0.02366857963155807
methylation,CpG_R0259,original,(Intercept),0.07405565291620175
methylation,CpG_R0259,original,age,0.0004752780352702911
methylation,CpG_R0259,original,sexM,0.0072563495910904705
methylation,CpG_R0259,original,siteB,-0.0025934104002505415
methylation,CpG_R0259,original,siteC,-0.006197810768356647
methylation,CpG_R0260,original,(Intercept),0.23340915777416418
methylation,CpG_R0260,original,age,-0.0006017457581068207
methylation,CpG_R0260,original,sexM,-0.00352435338503151
methylation,CpG_R0260,original,siteB,-0.022572992526952645
methylation,CpG_R0260,original,siteC,-0.005214296752170759
methylation,CpG_R0261,original,(Intercept),0.2242880701517088
methylation,CpG_R0261,original,age,0.00041712750131202113
methylation,CpG_R0261,original,sexM,-0.002832553423707449
methylation,CpG_R0261,original,siteB,-0.01966132749914111
methylation,CpG_R0261,original,siteC,-0.018511532640868095
methylation,CpG_R0262,original,(Intercept),0.23967945113942632
methylation,CpG_R0262,original,age,0.00019302674383575756
methylation,CpG_R0262,original,sexM,-0.015000844172434188
methylation,CpG_R0262,original,siteB,-0.0380390427080472
methylation,CpG_R0262,original,siteC,-0.03130806148386173
methylation,CpG_R0263,original,(Intercept),0.20295491901422072
methylation,CpG_R0263,original,age,-0.00035062312673369303
methylation,CpG_R0263,original,sexM,0.0030724880177118593
methylation,CpG_R0263,original,siteB,0.009412657668503917
methylation,CpG_R0263,original,siteC,-0.00021148587233753058
methylation,CpG_R0264,original,(Intercept),0.21238154245946061
methylation,CpG_R0264,original,age,7.64323320502145e-05
methylation,CpG_R0264,original,sexM,0.008739904748524083
methylation,CpG_R0264,original,siteB,-0.004340565788447905
methylation,CpG_R0264,original,siteC,0.0057503653424153586
methylation,CpG_R0265,original,(Intercept),0.1685723625000222
methylation,CpG_R0265,original,age,-0.0005137774881718834
methylation,CpG_R0265,original,sexM,0.008304908401331171
methylation,CpG_R0265,original,siteB,-0.004760067285404116
methylation,CpG_R0265,original,siteC,0.009220430099752352
methylation,CpG_R0266,original,(Intercept),0.17812713214395737
methylation,CpG_R0266,original,age,0.00038100167853780185
methylation,CpG_R0266,original,sexM,0.0002461805883478946
methylation,CpG_R0266,original,siteB,-0.010085464563189305
methylation,CpG_R0266,original,siteC,-0.0068057362830202086
methylation,CpG_R0267,original,(Intercept),0.13112739961176018
methylation,CpG_R0267,original,age,-0.00020298636094629122
methylation,CpG_R0267,original,sexM,0.007982059284590082
methylation,CpG_R0267,original,siteB,-0.012894845311505648
methylation,CpG_R0267,original,siteC,-0.019950203082442882
methylation,CpG_R0268,original,(Intercept),0.03546076520284746
methylation,CpG_R0268,original,age,0.00021250858121738992
methylation,CpG_R0268,original,sexM,-0.0003656344003941428
methylation,CpG_R0268,original,siteB,0.010117145542470694
methylation,CpG_R0268,original,siteC,6.39372333223776e-05
methylation,CpG_R0269,original,(Intercept),0.3028196166166832
methylation,CpG_R0269,original,age,0.00024098370466233172
methylation,CpG_R0269,original,sexM,0.0023769124131877988
methylation,CpG_R0269,original,siteB,-0.025328133111192582
methylation,CpG_R0269,original,siteC,-0.022543031346604802
methylation,CpG_R0270,original,(Intercept),0.13036156610227428
methylation,CpG_R0270,original,age,-0.0001747530751722704
methylation,CpG_R0270,original,sexM,-0.0036141122914040693
methylation,CpG_R0270,original,siteB,-0.010792676269263118
methylation,CpG_R0270,original,siteC,0.003106814256776564
methylation,CpG_R0271,original,(Intercept),0.10532059645217562
methylation,CpG_R0271,original,age,0.0004861016102378913
methylation,CpG_R0271,original,sexM,0.0005312519332355116
methylation,CpG_R0271,original,siteB,-0.021038038843479274
methylation,CpG_R0271,original,siteC,-0.030415054776250307
methylation,CpG_R0272,original,(Intercept),0.035097403306716
methylation,CpG_R0272,original,age,2.5203527091385708e-05
methylation,CpG_R0272,original,sexM,-0.004254007662135548
methylation,CpG_R0272,original,siteB,-0.004656796143040303
methylation,CpG_R0272,original,siteC,-0.00953755929545493
methylation,CpG_R0273,original,(Intercept),0.05318629490325169
methylation,CpG_R0273,original,age,0.0008620480500114855
methylation,CpG_R0273,original,sexM,-0.00019950506699872842
methylation,CpG_R0273,original,siteB,0.0001195629505533544
methylation,CpG_R0273,original,siteC,0.0016971460111005101
methylation,CpG_R0274,original,(Intercept),0.28805194809474244
methylation,CpG_R0274,original,age,0.00014646873816456733
methylation,CpG_R0274,original,sexM,-0.0011009075316468202
methylation,CpG_R0274,original,siteB,-0.01715413301276998
methylation,CpG_R0274,original,siteC,-0.017654418961237442
methylation,CpG_R0275,original,(Intercept),0.5421578661503063
methylation,CpG_R0275,original,age,-0.0001791225732266557
methylation,CpG_R0275,original,sexM,-0.001852839493299966
methylation,CpG_R0275,original,siteB,0.005347914640718915
methylation,CpG_R0275,original,siteC,-0.0076948942002547805
methylation,CpG_R0276,original,(Intercept),0.05149619824875728
methylation,CpG_R0276,original,age,0.00015172346399937783
methylation,CpG_R0276,original,sexM,0.014672286772432203
methylation,CpG_R0276,original,siteB,0.0016605877754419943
methylation,CpG_R0276,original,siteC,0.009596684490437659
methylation,CpG_R0277,original,(Intercept),0.10353132817928484
methylation,CpG_R0277,original,age,-0.00015523977038688064
methylation,CpG_R0277,original,sexM,-0.00017806899908336436
methylation,CpG_R0277,original,siteB,0.002052726684588851
methylation,CpG_R0277,original,siteC,-0.001422227801382498
methylation,CpG_R0278,original,(Intercept),0.1626816489040585
methylation,CpG_R0278,original,age,-0.00037935262591487636
methylation,CpG_R0278,original,sexM,0.013176265208201265
methylation,CpG_R0278,original,siteB,0.011024271733519312
methylation,CpG_R0278,original,siteC,0.0028163475412238408
methylation,CpG_R0279,original,(Intercept),0.3277806929720546
methylation,CpG_R0279,original,age,-0.0003585465338861685
methylation,CpG_R0279,original,sexM,-0.008410401699669272
methylation,CpG_R0279,original,siteB,-0.006546032321458355
methylation,CpG_R0279,original,siteC,0.008242686673594098
methylation,CpG_R0280,original,(Intercept),0.06606057325590713
methylation,CpG_R0280,original,age,-0.0001672398451202335
methylation,CpG_R0280,original,sexM,-0.0005413356197593521
methylation,CpG_R0280,original,siteB,0.006735172738514201
methylation,CpG_R0280,original,siteC,0.009001493119345992
methylation,CpG_R0281,original,(Intercept),0.26355099124904163
methylation,CpG_R0281,original,age,0.0002678076838794762
methylation,CpG_R0281,original,sexM,-0.0005014484074258633
methylation,CpG_R0281,original,siteB,-0.03151224214928864
methylation,CpG_R0281,original,siteC,-0.03196701103762502
methylation,CpG_R0282,original,(Intercept),0.1309203993010675
methylation,CpG_R0282,original,age,-0.0002063720312344592
methylation,CpG_R0282,original,sexM,-0.00644510781217002
methylation,CpG_R0282,original,siteB,0.02588200776125891
methylation,CpG_R0282,original,siteC,0.014801297714467984
methylation,CpG_R0283,original,(Intercept),0.17504362420776598
methylation,CpG_R0283,original,age,0.00027643388996747344
methylation,CpG_R0283,original,sexM,-0.002662142942261239
methylation,CpG_R0283,original,siteB,-0.027135760577066646
methylation,CpG_R0283,original,siteC,-0.030603073016156685
methylation,CpG_R0284,original,(Intercept),0.06227813972013467
methylation,CpG_R0284,original,age,-0.0006520422954639165
methylation,CpG_R0284,original,sexM,0.0006082529023059873
methylation,CpG_R0284,original,siteB,-0.0011641231826418513
methylation,CpG_R0284,original,siteC,0.0029523047096877766
methylation,CpG_R0285,original,(Intercept),0.026134729980153537
methylation,CpG_R0285,original,age,0.0003494696616332189
methylation,CpG_R0285,original,sexM,-0.016066611661109353
methylation,CpG_R0285,original,siteB,0.01033763979938814
methylation,CpG_R0285,original,siteC,0.014943709397321193
methylation,CpG_R0286,original,(Intercept),0.4098933586628538
methylation,CpG_R0286,original,age,-0.0001786102668588735
methylation,CpG_R0286,original,sexM,-0.0009210161522180312
methylation,CpG_R0286,original,siteB,-0.007235782113065764
methylation,CpG_R0286,original,siteC,-0.005731516079562172
methylation,CpG_R0287,original,(Intercept),0.40861637078932267
methylation,CpG_R0287,original,age,-0.00020740842169824928
methylation,CpG_R0287,original,sexM,-0.001183915195784016
methylation,CpG_R0287,original,siteB,-0.037718768042779155
methylation,CpG_R0287,original,siteC,-0.04486296863800576
methylation,CpG_R0288,original,(Intercept),0.29682748588794033
methylation,CpG_R0288,original,age,-0.0002017036706416852
methylation,CpG_R0288,original,sexM,0.013810868214714552
methylation,CpG_R0288,original,siteB,0.007644611360637114
methylation,CpG_R0288,original,siteC,0.007751091564867087
methylation,CpG_R0289,original,(Intercept),0.40806859767524783
methylation,CpG_R0289,original,age,3.857519023001209e-05
methylation,CpG_R0289,original,sexM,-0.003406414304327772
methylation,CpG_R0289,original,siteB,-0.037205185111919635
methylation,CpG_R0289,original,siteC,-0.03932975930947833
methylation,CpG_R0290,original,(Intercept),0.11076225281678509
methylation,CpG_R0290,original,age,-0.0003702209681868611
methylation,CpG_R0290,original,sexM,0.0007652618295363855
methylation,CpG_R0290,original,siteB,-0.0045818485673306255
methylation,CpG_R0290,original,siteC,-0.002532914677712746
methylation,CpG_R0291,original,(Intercept),0.4685889471109566
methylation,CpG_R0291,original,age,-0.000512336821857176
methylation,CpG_R0291,original,sexM,0.005141855742953997
methylation,CpG_R0291,original,siteB,0.005244824823985338
methylation,CpG_R0291,original,siteC,0.0014877552409521626
methylation,CpG_R0292,original,(Intercept),0.14373001299271726
methylation,CpG_R0292,original,age,7.884194437972614e-05
methylation,CpG_R0292,original,sexM,0.004966271092221748
methylation,CpG_R0292,original,siteB,-0.006262805850168267
methylation,CpG_R0292,original,siteC,-0.014282211491759365
methylation,CpG_R0293,original,(Intercept),0.06675839686610498
methylation,CpG_R0293,original,age,0.0007018425249409511
methylation,CpG_R0293,original,sexM,0.006419413909960833
methylation,CpG_R0293,original,siteB,0.017189973774774367
methylation,CpG_R0293,original,siteC,0.00859442297571417
methylation,CpG_R0294,original,(Intercept),0.250590235449478
methylation,CpG_R0294,original,age,-0.0011053288250016098
methylation,CpG_R0294,original,sexM,-0.0007641964158461243
methylation,CpG_R0294,original,siteB,-0.00482977138083234
methylation,CpG_R0294,original,siteC,-0.004324343254034874
methylation,CpG_R0295,original,(Intercept),0.2727603089443359
methylation,CpG_R0295,original,age,-0.00011422627318290165
methylation,CpG_R0295,original,sexM,-0.00010569348400444654
methylation,CpG_R0295,original,siteB,-0.0068311824631926265
methylation,CpG_R0295,original,siteC,-0.007207009777156701
methylation,CpG_R0296,original,(Intercept),0.33051127080357456
methylation,CpG_R0296,original,age,0.0003629583073860475
methylation,CpG_R0296,original,sexM,-0.0013975760935517007
methylation,CpG_R0296,original,siteB,0.01832089152920844
methylation,CpG_R0296,original,siteC,0.005840989988377588
methylation,CpG_R0297,original,(Intercept),0.18752867815261623
methylation,CpG_R0297,original,age,0.0008474490350170097
methylation,CpG_R0297,original,sexM,-0.012742844404306846
methylation,CpG_R0297,original,siteB,0.008742210235082152
methylation,CpG_R0297,original,siteC,0.010820969032510968
methylation,CpG_R0298,original,(Intercept),0.15064630297129358
methylation,CpG_R0298,original,age,0.0006352272147040292
methylation,CpG_R0298,original,sexM,-0.010802277565006313
methylation,CpG_R0298,original,siteB,0.002946647766991283
methylation,CpG_R0298,original,siteC,0.010081047726818903
methylation,CpG_R0299,original,(Intercept),0.16749511029405434
methylation,CpG_R0299,original,age,0.00044857772428418517
methylation,CpG_R0299,original,sexM,0.0001923476397688524
methylation,CpG_R0299,original,siteB,0.004528285534995432
methylation,CpG_R0299,original,siteC,-0.004033388664408714
methylation,CpG_R0300,original,(Intercept),0.36451242751407975
methylation,CpG_R0300,original,age,-0.0002487605194220281
methylation,CpG_R0300,original,sexM,0.016925763950922296
methylation,CpG_R0300,original,siteB,-0.021006623837432372
methylation,CpG_R0300,original,siteC,-0.002103216960455052
methylation,CpG_R0301,original,(Intercept),0.30247954170060615
methylation,CpG_R0301,original,age,-9.197489319780897e-05
methylation,CpG_R0301,original,sexM,0.006916570121405012
methylation,CpG_R0301,original,siteB,0.0026029324734604736
methylation,CpG_R0301,original,siteC,0.011488394851429313
methylation,CpG_R0302,original,(Intercept),0.17755482556699684
methylation,CpG_R0302,original,age,-0.00027344629909825967
methylation,CpG_R0302,original,sexM,0.00037273499528734944
methylation,CpG_R0302,original,siteB,-0.009472156082845072
methylation,CpG_R0302,original,siteC,-0.012762158177594369
methylation,CpG_R0303,original,(Intercept),0.3496493686064386
methylation,CpG_R0303,original,age,-0.00037325616927987693
methylation,CpG_R0303,original,sexM,0.0006138971250110376
methylation,CpG_R0303,original,siteB,-0.010040251262711974
methylation,CpG_R0303,original,siteC,0.012912344242756307
methylation,CpG_R0304,original,(Intercept),0.1592273002473326
methylation,CpG_R0304,original,age,-0.0001242924475783462
methylation,CpG_R0304,original,sexM,-0.002593770486700417
methylation,CpG_R0304,original,siteB,-0.0007376583704849198
methylation,CpG_R0304,original,siteC,0.010304581440331983
methylation,CpG_R0305,original,(Intercept),0.32484093624053256
methylation,CpG_R0305,original,age,-0.0009988520043355863
methylation,CpG_R0305,original,sexM,-2.9696295299458505e-05
methylation,CpG_R0305,original,siteB,-0.00547645601810003
methylation,CpG_R0305,original,siteC,0.0015262124062726005
methylation,CpG_R0306,original,(Intercept),0.1713119946922127
methylation,CpG_R0306,original,age,-0.000489446052303626
methylation,CpG_R0306,original,sexM,-0.007747317043163664
methylation,CpG_R0306,original,siteB,0.015321057114687179
methylation,CpG_R0306,original,siteC,0.011209066711025053
methylation,CpG_R0307,original,(Intercept),0.453788601294331
methylation,CpG_R0307,original,age,-0.0003140718650869468
methylation,CpG_R0307,original,sexM,-0.002858495474927652
methylation,CpG_R0307,original,siteB,-0.022391451619929476
methylation,CpG_R0307,original,siteC,-0.026535522585448206
methylation,CpG_R0308,original,(Intercept),0.05184186948778817
methylation,CpG_R0308,original,age,-8.15791841296004e-05
methylation,CpG_R0308,original,sexM,0.002948974799559601
methylation,CpG_R0308,original,siteB,-0.00968645006546395
methylation,CpG_R0308,original,siteC,-0.012016638953054338
methylation,CpG_R0309,original,(Intercept),0.23776148313612494
methylation,CpG_R0309,original,age,0.0005990965451884993
methylation,CpG_R0309,original,sexM,-0.014335331636332651
methylation,CpG_R0309,original,siteB,-0.009656225767854274
methylation,CpG_R0309,original,siteC,-0.014696302069631626
methylation,CpG_R0310,original,(Intercept),0.2501842983730161
methylation,CpG_R0310,original,age,-0.0005152335044731957
methylation,CpG_R0310,original,sexM,-0.007842152477238198
methylation,CpG_R0310,original,siteB,0.016973742925266714
methylation,CpG_R0310,original,siteC,0.019310232054525936
methylation,CpG_R0311,original,(Intercept),0.19197234599267327
methylation,CpG_R0311,original,age,0.00012935209360016462
methylation,CpG_R0311,original,sexM,0.0032219727516645167
methylation,CpG_R0311,original,siteB,-0.016183003038074358
methylation,CpG_R0311,original,siteC,0.0009636598435120012
methylation,CpG_R0312,original,(Intercept),0.5350461345905033
methylation,CpG_R0312,original,age,0.00017198486824369387
methylation,CpG_R0312,original,sexM,0.010407108783862041
methylation,CpG_R0312,original,siteB,0.00013120508857691988
methylation,CpG_R0312,original,siteC,0.01752243464005733
methylation,CpG_R0313,original,(Intercept),0.07238417893743686
methylation,CpG_R0313,original,age,-0.00021486222361462494
methylation,CpG_R0313,original,sexM,0.015157282001327932
methylation,CpG_R0313,original,siteB,0.0041304960638256245
methylation,CpG_R0313,original,siteC,-0.001821559642871773
methylation,CpG_R0314,original,(Intercept),0.09720389988846112
methylation,CpG_R0314,original,age,-1.9473131591443652e-05
methylation,CpG_R0314,original,sexM,0.00048410735875913926
methylation,CpG_R0314,original,siteB,-0.023304767972895688
methylation,CpG_R0314,original,siteC,-0.03325209744233346
methylation,CpG_R0315,original,(Intercept),0.14255487640623224
methylation,CpG_R0315,original,age,-0.0005432236080586039
methylation,CpG_R0315,original,sexM,-0.00627363763340301
methylation,CpG_R0315,original,siteB,-0.004809094050369202
methylation,CpG_R0315,original,siteC,-0.008381542674078058
methylation,CpG_R0316,original,(Intercept),0.05162556694706291
methylation,CpG_R0316,original,age,2.5496211955949785e-05
methylation,CpG_R0316,original,sexM,-0.006257693963477467
methylation,CpG_R0316,original,siteB,-0.0022663804916431525
methylation,CpG_R0316,original,siteC,-0.0068166657592560655
methylation,CpG_R0317,original,(Intercept),0.1924318905660746
methylation,CpG_R0317,original,age,-0.001064468142404852
methylation,CpG_R0317,original,sexM,-0.0051199333585492685
methylation,CpG_R0317,original,siteB,0.0031542840008821522
methylation,CpG_R0317,original,siteC,0.009490871984330755
methylation,CpG_R0318,original,(Intercept),0.1986323742497571
methylation,CpG_R0318,original,age,-0.0002535871751353115
methylation,CpG_R0318,original,sexM,0.0002519669595054755
methylation,CpG_R0318,original,siteB,-0.0001353066751686648
methylation,CpG_R0318,original,siteC,0.0016971862369733021
methylation,CpG_R0319,original,(Intercept),0.38330472593405496
methylation,CpG_R0319,original,age,0.0004113931263423045
methylation,CpG_R0319,original,sexM,0.006524237867948608
methylation,CpG_R0319,original,siteB,-0.01103979288544076
methylation,CpG_R0319,original,siteC,-0.003440561273504731
methylation,CpG_R0320,original,(Intercept),0.08065302443114444
methylation,CpG_R0320,original,age,0.00010867561629667691
methylation,CpG_R0320,original,sexM,-0.0053143703999029065
methylation,CpG_R0320,original,siteB,0.0011804852854420758
methylation,CpG_R0320,original,siteC,0.014942573722070446
methylation,CpG_R0321,original,(Intercept),0.3520477458731588
methylation,CpG_R0321,original,age,-0.0002875629741413201
methylation,CpG_R0321,original,sexM,0.002274983816146552
methylation,CpG_R0321,original,siteB,0.0005498468234525812
methylation,CpG_R0321,original,siteC,0.0006749426478315281
methylation,CpG_R0322,original,(Intercept),0.07493526629055135
methylation,CpG_R0322,original,age,0.00033323737611239227
methylation,CpG_R0322,original,sexM,-0.00781471729512057
methylation,CpG_R0322,original,siteB,0.011811932312911715
methylation,CpG_R0322,original,siteC,0.0025808317699485017
methylation,CpG_R0323,original,(Intercept),0.17358385162448914
methylation,CpG_R0323,original,age,0.0006223920539303564
methylation,CpG_R0323,original,sexM,0.004336398113527291
methylation,CpG_R0323,original,siteB,0.002964298092152167
methylation,CpG_R0323,original,siteC,-0.0013772803701910573
methylation,CpG_R0324,original,(Intercept),0.4173389305093863
methylation,CpG_R0324,original,age,-0.0005567442347192486
methylation,CpG_R0324,original,sexM,-0.0018697865684048922
methylation,CpG_R0324,original,siteB,-0.001867253249194697
methylation,CpG_R0324,original,siteC,0.002190370030105698
methylation,CpG_R0325,original,(Intercept),0.21457643424004855
methylation,CpG_R0325,original,age,-0.0007282244010601481
methylation,CpG_R0325,original,sexM,0.0032914195846762513
methylation,CpG_R0325,original,siteB,0.006043306653939651
methylation,CpG_R0325,original,siteC,0.0011458522479585796
methylation,CpG_R0326,original,(Intercept),0.13929596632347804
methylation,CpG_R0326,original,age,-0.0005375376648441572
methylation,CpG_R0326,original,sexM,0.009972826889923167
methylation,CpG_R0326,original,siteB,-0.007189594006950459
methylation,CpG_R0326,original,siteC,0.002236006902323531
methylation,CpG_R0327,original,(Intercept),0.13021863509583778
methylation,CpG_R0327,original,age,-0.000523245773827362
methylation,CpG_R0327,original,sexM,0.006328087434130796
methylation,CpG_R0327,original,siteB,-0.004982328583001078
methylation,CpG_R0327,original,siteC,-0.006855149540754155
methylation,CpG_R0328,original,(Intercept),0.29069146989598377
methylation,CpG_R0328,original,age,0.0002873920555584868
methylation,CpG_R0328,original,sexM,0.013562814739094967
methylation,CpG_R0328,original,siteB,0.019633764657935784
methylation,CpG_R0328,original,siteC,0.006578940716086032
methylation,CpG_R0329,original,(Intercept),0.12243917771083154
methylation,CpG_R0329,original,age,-6.508919315801545e-05
methylation,CpG_R0329,original,sexM,0.00618055410329616
methylation,CpG_R0329,original,siteB,-0.003694863372832673
methylation,CpG_R0329,original,siteC,-0.0037258295882823117
methylation,CpG_R0330,original,(Intercept),0.25901844253394274
methylation,CpG_R0330,original,age,-0.001072097289766278
methylation,CpG_R0330,original,sexM,-0.006561686653899559
methylation,CpG_R0330,original,siteB,-0.010515221835353692
methylation,CpG_R0330,original,siteC,0.00755930881499538
methylation,CpG_R0331,original,(Intercept),0.3511504452120717
methylation,CpG_R0331,original,age,-5.8425993758943886e-05
methylation,CpG_R0331,original,sexM,0.009768513035402068
methylation,CpG_R0331,original,siteB,-0.02976679387398277
methylation,CpG_R0331,original,siteC,-0.04037982757425089
methylation,CpG_R0332,original,(Intercept),0.06917782196624024
methylation,CpG_R0332,original,age,0.0002558387903204204
methylation,CpG_R0332,original,sexM,0.012703030574467297
methylation,CpG_R0332,original,siteB,0.020735534423982366
methylation,CpG_R0332,original,siteC,0.017793720086620474
methylation,CpG_R0333,original,(Intercept),0.2509597057677343
methylation,CpG_R0333,original,age,0.0002625849984119683
methylation,CpG_R0333,original,sexM,-0.0003815246421739251
methylation,CpG_R0333,original,siteB,0.005740839349603428
methylation,CpG_R0333,original,siteC,0.003591261014991358
methylation,CpG_R0334,original,(Intercept),0.11750868391359544
methylation,CpG_R0334,original,age,-0.0003251489138460454
methylation,CpG_R0334,original,sexM,-0.006173757923695744
methylation,CpG_R0334,original,siteB,-0.018281554423890404
methylation,CpG_R0334,original,siteC,-0.018667625780837957
methylation,CpG_R0335,original,(Intercept),0.35157560416795086
methylation,CpG_R0335,original,age,-0.00014861079673666498
methylation,CpG_R0335,original,sexM,-0.00034881225693576546
methylation,CpG_R0335,original,siteB,-0.02237881872410163
methylation,CpG_R0335,original,siteC,-0.0179534689462283
methylation,CpG_R0336,original,(Intercept),0.11904214846927402
methylation,CpG_R0336,original,age,-5.054264211948817e-05
methylation,CpG_R0336,original,sexM,-0.002523033622472899
methylation,CpG_R0336,original,siteB,0.004793209961370077
methylation,CpG_R0336,original,siteC,-0.007779482414624031
methylation,CpG_R0337,original,(Intercept),0.17061467501070035
methylation,CpG_R0337,original,age,0.0001615387995233409
methylation,CpG_R0337,original,sexM,0.006600895819170847
methylation,CpG_R0337,original,siteB,0.0013301975796966472
methylation,CpG_R0337,original,siteC,0.0036434039037100837
methylation,CpG_R0338,original,(Intercept),0.02102879523572022
methylation,CpG_R0338,original,age,-9.905997365986649e-05
methylation,CpG_R0338,original,sexM,0.0026341778831276918
methylation,CpG_R0338,original,siteB,0.008704532736013399
methylation,CpG_R0338,original,siteC,0.014344947580159221
methylation,CpG_R0339,original,(Intercept),0.1610847753849566
methylation,CpG_R0339,original,age,0.00015946598055067982
methylation,CpG_R0339,original,sexM,0.0023223257875995495
methylation,CpG_R0339,original,siteB,0.010740795218719392
methylation,CpG_R0339,original,siteC,0.014964189939687032
methylation,CpG_R0340,original,(Intercept),0.2806943043164606
methylation,CpG_R0340,original,age,-0.00021794527031069276
methylation,CpG_R0340,original,sexM,0.001616531444270232
methylation,CpG_R0340,original,siteB,0.008005604028096554
methylation,CpG_R0340,original,siteC,-0.004835677648199872
methylation,CpG_R0341,original,(Intercept),0.2464165685392506
methylation,CpG_R0341,original,age,-0.00011328031839007094
methylation,CpG_R0341,original,sexM,-0.0007903234493678919
methylation,CpG_R0341,original,siteB,0.011711322233248599
methylation,CpG_R0341,original,siteC,-0.004179217039071764
methylation,CpG_R0342,original,(Intercept),0.27578108465829637
methylation,CpG_R0342,original,age,-0.0005599791342401727
methylation,CpG_R0342,original,sexM,0.006705362650214698
methylation,CpG_R0342,original,siteB,-0.017746393778865065
methylation,CpG_R0342,original,siteC,-0.021277486156813043
methylation,CpG_R0343,original,(Intercept),0.3218810202245207
methylation,CpG_R0343,original,age,0.00041341719399064556
methylation,CpG_R0343,original,sexM,-0.005461760103081139
methylation,CpG_R0343,original,siteB,-0.002145002937826513
methylation,CpG_R0343,original,siteC,0.0044159467168767156
methylation,CpG_R0344,original,(Intercept),0.38428929287092495
methylation,CpG_R0344,original,age,-0.0003622625385452874
methylation,CpG_R0344,original,sexM,0.001548246248106516
methylation,CpG_R0344,original,siteB,-0.023370192975953562
methylation,CpG_R0344,original,siteC,-0.016795755471703148
methylation,CpG_R0345,original,(Intercept),0.5139397155856279
methylation,CpG_R0345,original,age,-0.00014672843219788127
methylation,CpG_R0345,original,sexM,0.005290051709015395
methylation,CpG_R0345,original,siteB,-0.01882736440262093
methylation,CpG_R0345,original,siteC,-0.027771907507720683
methylation,CpG_R0346,original,(Intercept),0.0609502812440441
methylation,CpG_R0346,original,age,-0.00022597046085220455
methylation,CpG_R0346,original,sexM,-0.007191679308921747
methylation,CpG_R0346,original,siteB,-0.004625166940790186
methylation,CpG_R0346,original,siteC,0.009048997642579642
methylation,CpG_R0347,original,(Intercept),0.2646481364363997
methylation,CpG_R0347,original,age,0.000385113640147988
methylation,CpG_R0347,original,sexM,0.013521353444541844
methylation,CpG_R0347,original,siteB,0.004330718263874551
methylation,CpG_R0347,original,siteC,-0.004476549313110412
methylation,CpG_R0348,original,(Intercept),0.3415441235737016
methylation,CpG_R0348,original,age,0.0005088468108893315
methylation,CpG_R0348,original,sexM,-0.010154744424408812
methylation,CpG_R0348,original,siteB,0.009560778991743995
methylation,CpG_R0348,original,siteC,0.016739945459291247
methylation,CpG_R0349,original,(Intercept),0.21475640418716857
methylation,CpG_R0349,original,age,-0.0006885007020472643
methylation,CpG_R0349,original,sexM,-0.0011501192561008964
methylation,CpG_R0349,original,siteB,-0.0006761752001282474
methylation,CpG_R0349,original,siteC,-0.001118382075071936
methylation,CpG_R0350,original,(Intercept),0.31968274412580494
methylation,CpG_R0350,original,age,-0.0003990945624408233
methylation,CpG_R0350,original,sexM,-0.016760583354175573
methylation,CpG_R0350,original,siteB,0.01920876511646228
methylation,CpG_R0350,original,siteC,0.03168773457745731
methylation,CpG_R0351,original,(Intercept),0.10834816592358647
methylation,CpG_R0351,original,age,2.961654175800313e-05
methylation,CpG_R0351,original,sexM,-0.015317646730768734
methylation,CpG_R0351,original,siteB,0.003282008746844068
methylation,CpG_R0351,original,siteC,0.005310938061356325
methylation,CpG_R0352,original,(Intercept),0.049752930940775736
methylation,CpG_R0352,original,age,0.0003063166575737199
methylation,CpG_R0352,original,sexM,-0.004633786655467173
methylation,CpG_R0352,original,siteB,0.002080899515749423
methylation,CpG_R0352,original,siteC,0.0011612923597248636
methylation,CpG_R0353,original,(Intercept),0.1267221005648817
methylation,CpG_R0353,original,age,-2.7756120357294958e-05
methylation,CpG_R0353,original,sexM,0.009995845315108498
methylation,CpG_R0353,original,siteB,0.008540711727664027
methylation,CpG_R0353,original,siteC,0.001917474220110298
methylation,CpG_R0354,original,(Intercept),0.19172322939393685
methylation,CpG_R0354,original,age,9.532786189192699e-05
methylation,CpG_R0354,original,sexM,-0.011677199631375479
methylation,CpG_R0354,original,siteB,0.015536866904980788
methylation,CpG_R0354,original,siteC,0.00607960217194332
methylation,CpG_R0355,original,(Intercept),0.15908692173343955
methylation,CpG_R0355,original,age,0.0004366206880091297
methylation,CpG_R0355,original,sexM,-0.0025624673917294854
methylation,CpG_R0355,original,siteB,0.03516370280641209
methylation,CpG_R0355,original,siteC,0.011469674126398105
methylation,CpG_R0356,original,(Intercept),0.15468410611382485
methylation,CpG_R0356,original,age,0.0003556983711233124
methylation,CpG_R0356,original,sexM,0.004466265486882326
methylation,CpG_R0356,original,siteB,0.004739226133856328
methylation,CpG_R0356,original,siteC,0.0031965563766417644
methylation,CpG_R0357,original,(Intercept),0.24500452318707816
methylation,CpG_R0357,original,age,0.00019278418339472648
methylation,CpG_R0357,original,sexM,-0.007652727358363246
methylation,CpG_R0357,original,siteB,0.007777643678964875
methylation,CpG_R0357,original,siteC,0.009456465389001741
methylation,CpG_R0358,original,(Intercept),0.20341153517994917
methylation,CpG_R0358,original,age,-0.0004066924871617734
methylation,CpG_R0358,original,sexM,-0.008669613732304538
methylation,CpG_R0358,original,siteB,0.0005413372726224125
methylation,CpG_R0358,original,siteC,0.0024031465493912583
methylation,CpG_R0359,original,(Intercept),0.23522237346933556
methylation,CpG_R0359,original,age,-0.00023981820666137252
methylation,CpG_R0359,original,sexM,0.007910043927924182
methylation,CpG_R0359,original,siteB,0.013825733712983885
methylation,CpG_R0359,original,siteC,0.013847756566084331
methylation,CpG_R0360,original,(Intercept),0.32499001543627426
methylation,CpG_R0360,original,age,0.00024069054005766054
methylation,CpG_R0360,original,sexM,-0.005013843363936664
methylation,CpG_R0360,original,siteB,0.00557545897445915
methylation,CpG_R0360,original,siteC,0.013215049067458986
methylation,CpG_R0361,original,(Intercept),0.06045500260865625
methylation,CpG_R0361,original,age,0.0007276983455692833
methylation,CpG_R0361,original,sexM,0.008817609689724601
methylation,CpG_R0361,original,siteB,-0.019379935324798578
methylation,CpG_R0361,original,siteC,-0.03294720859094313
methylation,CpG_R0362,original,(Intercept),0.24942895647119398
methylation,CpG_R0362,original,age,0.0005904356711874194
methylation,CpG_R0362,original,sexM,-0.007080984622048086
methylation,CpG_R0362,original,siteB,0.006929417227968577
methylation,CpG_R0362,original,siteC,0.011843732829329934
methylation,CpG_R0363,original,(Intercept),0.13562788681541227
methylation,CpG_R0363,original,age,-5.638495249991225e-05
methylation,CpG_R0363,original,sexM,-0.023199702287341285
methylation,CpG_R0363,original,siteB,0.008585108221321794
methylation,CpG_R0363,original,siteC,0.004313330064305486
methylation,CpG_R0364,original,(Intercept),0.0421635413701041
methylation,CpG_R0364,original,age,0.0003597214671874229
methylation,CpG_R0364,original,sexM,0.008699969206036077
methylation,CpG_R0364,original,siteB,0.012894904720609824
methylation,CpG_R0364,original,siteC,0.008785812799792528
methylation,CpG_R0365,original,(Intercept),0.12659257677807279
methylation,CpG_R0365,original,age,0.0002108090908035682
methylation,CpG_R0365,original,sexM,-0.011598543353543465
methylation,CpG_R0365,original,siteB,-0.01902578382583165
methylation,CpG_R0365,original,siteC,-0.01503995280366793
methylation,CpG_R0366,original,(Intercept),0.3945977714978959
methylation,CpG_R0366,original,age,-0.00012736685476550172
methylation,CpG_R0366,original,sexM,0.015503067488113307
methylation,CpG_R0366,original,siteB,-0.009100755926080015
methylation,CpG_R0366,original,siteC,-0.0007253515293680117
methylation,CpG_R0367,original,(Intercept),0.12363156883724026
methylation,CpG_R0367,original,age,0.00025855771645590055
methylation,CpG_R0367,original,sexM,-0.003366503212882066
methylation,CpG_R0367,original,siteB,0.007410604211029269
methylation,CpG_R0367,original,siteC,0.010129602699180895
methylation,CpG_R0368,original,(Intercept),0.5262182578430485
methylation,CpG_R0368,original,age,7.481481621349564e-05
methylation,CpG_R0368,original,sexM,-0.012760953448676409
methylation,CpG_R0368,original,siteB,0.017825399112338453
methylation,CpG_R0368,original,siteC,0.012249166305563077
methylation,CpG_R0369,original,(Intercept),0.17850866972865312
methylation,CpG_R0369,original,age,-0.0008158854293047299
methylation,CpG_R0369,original,sexM,0.0009263029000124225
methylation,CpG_R0369,original,siteB,-0.0039942252196433995
methylation,CpG_R0369,original,siteC,-0.007478505842132075
methylation,CpG_R0370,original,(Intercept),0.27927650892091777
methylation,CpG_R0370,original,age,0.00026727635740716413
methylation,CpG_R0370,original,sexM,0.005292617708455126
methylation,CpG_R0370,original,siteB,0.008961878926425922
methylation,CpG_R0370,original,siteC,0.005522057074492516
methylation,CpG_R0371,original,(Intercept),0.24874731481686133
methylation,CpG_R0371,original,age,-0.00022535451037475213
methylation,CpG_R0371,original,sexM,0.004175470415825194
methylation,CpG_R0371,original,siteB,-0.02532689665865323
methylation,CpG_R0371,original,siteC,-0.01903402148406139
methylation,CpG_R0372,original,(Intercept),0.08470626200583958
methylation,CpG_R0372,original,age,0.00020390684999669728
methylation,CpG_R0372,original,sexM,0.005773517948367529
methylation,CpG_R0372,original,siteB,-0.00935366637567298
methylation,CpG_R0372,original,siteC,-0.022715676489435437
methylation,CpG_R0373,original,(Intercept),0.3688123463389615
methylation,CpG_R0373,original,age,-0.00021039295740236507
methylation,CpG_R0373,original,sexM,-0.006881798055835847
methylation,CpG_R0373,original,siteB,-0.01455762530252275
methylation,CpG_R0373,original,siteC,-0.019078193171666244
methylation,CpG_R0374,original,(Intercept),0.33477222018490727
methylation,CpG_R0374,original,age,-0.00015106711339153174
methylation,CpG_R0374,original,sexM,-0.003816454423323468
methylation,CpG_R0374,original,siteB,0.016736262818440983
methylation,CpG_R0374,original,siteC,0.0009681454088762376
methylation,CpG_R0375,original,(Intercept),0.14888251954460088
methylation,CpG_R0375,original,age,0.00044311677578401533
methylation,CpG_R0375,original,sexM,0.007432761140703278
methylation,CpG_R0375,original,siteB,-0.008346768447683395
methylation,CpG_R0375,original,siteC,-0.019877243818682964
methylation,CpG_R0376,original,(Intercept),0.18521934627901257
methylation,CpG_R0376,original,age,-0.0009401697062289867
methylation,CpG_R0376,original,sexM,-0.0017816108126039545
methylation,CpG_R0376,original,siteB,-0.0015712579470261658
methylation,CpG_R0376,original,siteC,0.00550624375205438
methylation,CpG_R0377,original,(Intercept),0.33901763140548447
methylation,CpG_R0377,original,age,-0.00041245810402273345
methylation,CpG_R0377,original,sexM,0.0119647934767624
methylation,CpG_R0377,original,siteB,-0.028103922271378697
methylation,CpG_R0377,original,siteC,-0.02922237250874193
methylation,CpG_R0378,original,(Intercept),0.4081407891995183
methylation,CpG_R0378,original,age,0.0002519561757687762
methylation,CpG_R0378,original,sexM,0.0013421949222443596
methylation,CpG_R0378,original,siteB,0.0037537254614691375
methylation,CpG_R0378,original,siteC,0.00017808579723381483
methylation,CpG_R0379,original,(Intercept),0.12472554364508077
methylation,CpG_R0379,original,age,1.3393646545327656e-05
methylation,CpG_R0379,original,sexM,0.01962841533919302
methylation,CpG_R0379,original,siteB,-0.003828248503859502
methylation,CpG_R0379,original,siteC,-0.0010182058409734316
methylation,CpG_R0380,original,(Intercept),0.2611029475525873
methylation,CpG_R0380,original,age,-0.0006132933211293096
methylation,CpG_R0380,original,sexM,0.012790748415397417
methylation,CpG_R0380,original,siteB,-0.008914096830206624
methylation,CpG_R0380,original,siteC,-0.010485336476197527
methylation,CpG_R0381,original,(Intercept),0.18624572462554692
methylation,CpG_R0381,original,age,-0.00016584467605451698
methylation,CpG_R0381,original,sexM,0.0021824332642942246
methylation,CpG_R0381,original,siteB,0.0074282753775718295
methylation,CpG_R0381,original,siteC,0.00634950367548696
methylation,CpG_R0382,original,(Intercept),0.1874297520665714
methylation,CpG_R0382,original,age,0.0001513102927794379
methylation,CpG_R0382,original,sexM,-0.009774961421322453
methylation,CpG_R0382,original,siteB,0.00788032421103281
methylation,CpG_R0382,original,siteC,0.0039271454156703245
methylation,CpG_R0383,original,(Intercept),0.07875786453179912
methylation,CpG_R0383,original,age,-0.0002571964328577481
methylation,CpG_R0383,original,sexM,-0.006415359073439166
methylation,CpG_R0383,original,siteB,-0.007438697000597803
methylation,CpG_R0383,original,siteC,-0.006322513957914931
methylation,CpG_R0384,original,(Intercept),0.11201961642072643
methylation,CpG_R0384,original,age,-0.0007090440556388926
methylation,CpG_R0384,original,sexM,0.0071447920550006426
methylation,CpG_R0384,original,siteB,-0.008119558442861871
methylation,CpG_R0384,original,siteC,-0.01552768146333702
methylation,CpG_R0385,original,(Intercept),0.2840023336900597
methylation,CpG_R0385,original,age,0.0007265484008554018
methylation,CpG_R0385,original,sexM,-0.022404247445119378
methylation,CpG_R0385,original,siteB,-0.01543605714253067
methylation,CpG_R0385,original,siteC,-0.00639856866123686
methylation,CpG_R0386,original,(Intercept),0.052169577807232116
methylation,CpG_R0386,original,age,0.0001920023868317702
methylation,CpG_R0386,original,sexM,0.0009534534086449613
methylation,CpG_R0386,original,siteB,-0.003634665803038723
methylation,CpG_R0386,original,siteC,-0.006865866415444717
methylation,CpG_R0387,original,(Intercept),0.1324425989286233
methylation,CpG_R0387,original,age,0.0008470538914454052
methylation,CpG_R0387,original,sexM,0.0019773650725461362
methylation,CpG_R0387,original,siteB,0.0017011557822315076
methylation,CpG_R0387,original,siteC,0.0045092683738796446
methylation,CpG_R0388,original,(Intercept),0.2535500591046155
methylation,CpG_R0388,original,age,0.00022190272770152778
methylation,CpG_R0388,original,sexM,-0.011471917293435621
methylation,CpG_R0388,original,siteB,-0.030205247675833782
methylation,CpG_R0388,original,siteC,-0.02998098427495128
methylation,CpG_R0389,original,(Intercept),0.13009711005208438
methylation,CpG_R0389,original,age,3.858526562457185e-05
methylation,CpG_R0389,original,sexM,0.004189077622015823
methylation,CpG_R0389,original,siteB,0.008660611824642544
methylation,CpG_R0389,original,siteC,0.011341634947772572
methylation,CpG_R0390,original,(Intercept),0.07516853933555835
methylation,CpG_R0390,original,age,-0.0001615460240201544
methylation,CpG_R0390,original,sexM,-0.00902987347683889
methylation,CpG_R0390,original,siteB,0.022179952356163272
methylation,CpG_R0390,original,siteC,-0.00749523305335001
methylation,CpG_R0391,original,(Intercept),0.16878453297113452
methylation,CpG_R0391,original,age,-7.817890535673114e-05
methylation,CpG_R0391,original,sexM,-0.0008123219533383862
methylation,CpG_R0391,original,siteB,0.008449654398198468
methylation,CpG_R0391,original,siteC,-0.0013219115241957092
methylation,CpG_R0392,original,(Intercept),0.08321569375243358
methylation,CpG_R0392,original,age,0.0004977220763265036
methylation,CpG_R0392,original,sexM,0.0007507826685303258
methylation,CpG_R0392,original,siteB,0.0047825296498692545
methylation,CpG_R0392,original,siteC,0.0014939296264757543
methylation,CpG_R0393,original,(Intercept),0.15837763954844272
methylation,CpG_R0393,original,age,0.0005544944055662552
methylation,CpG_R0393,original,sexM,-0.005534884352433634
methylation,CpG_R0393,original,siteB,-0.006147165326948731
methylation,CpG_R0393,original,siteC,0.0030055406531995
methylation,CpG_R0394,original,(Intercept),0.23935096697539304
methylation,CpG_R0394,original,age,0.000326890799902907
methylation,CpG_R0394,original,sexM,0.006490222179493007
methylation,CpG_R0394,original,siteB,-0.03167554928381222
methylation,CpG_R0394,original,siteC,-0.023671347968596098
methylation,CpG_R0395,original,(Intercept),0.06011387404174699
methylation,CpG_R0395,original,age,-0.0003303766609915295
methylation,CpG_R0395,original,sexM,0.004257053697535259
methylation,CpG_R0395,original,siteB,-0.010438037550838516
methylation,CpG_R0395,original,siteC,-0.006679078683240943
methylation,CpG_R0396,original,(Intercept),0.15685962660442312
methylation,CpG_R0396,original,age,-0.00030493656519859453
methylation,CpG_R0396,original,sexM,0.009432701562831136
methylation,CpG_R0396,original,siteB,-0.003067831116031026
methylation,CpG_R0396,original,siteC,-0.016907663601564746
methylation,CpG_R0397,original,(Intercept),0.07022713567254353
methylation,CpG_R0397,original,age,-0.00024282641871192946
methylation,CpG_R0397,original,sexM,-0.010776552936306968
methylation,CpG_R0397,original,siteB,-0.009555840953500415
methylation,CpG_R0397,original,siteC,-0.008530047136600964
methylation,CpG_R0398,original,(Intercept),-0.011539525934083635
methylation,CpG_R0398,original,age,0.001642851059550564
methylation,CpG_R0398,original,sexM,0.0026117838077813634
methylation,CpG_R0398,original,siteB,-0.010958520364481857
methylation,CpG_R0398,original,siteC,-0.0065814894275679605
methylation,CpG_R0399,original,(Intercept),0.14397888889958274
methylation,CpG_R0399,original,age,-0.00020051459114917545
methylation,CpG_R0399,original,sexM,-0.008564724556766374
methylation,CpG_R0399,original,siteB,-0.020112366696850428
methylation,CpG_R0399,original,siteC,-0.015320884922613026
methylation,CpG_R0400,original,(Intercept),0.5623687373173721
methylation,CpG_R0400,original,age,-0.0001243796121392188
methylation,CpG_R0400,original,sexM,-0.016845950951942544
methylation,CpG_R0400,original,siteB,0.018977621843989604
methylation,CpG_R0400,original,siteC,0.012571288374690747
methylation,CpG_R0401,original,(Intercept),0.2471393905427107
methylation,CpG_R0401,original,age,0.00038294006695651576
methylation,CpG_R0401,original,sexM,-0.008388215728203224
methylation,CpG_R0401,original,siteB,-0.02605139276774729
methylation,CpG_R0401,original,siteC,-0.03973570735284697
methylation,CpG_R0402,original,(Intercept),0.21796783368801748
methylation,CpG_R0402,original,age,-4.795712370599377e-05
methylation,CpG_R0402,original,sexM,-0.013318686945890995
methylation,CpG_R0402,original,siteB,-0.005159613765043325
methylation,CpG_R0402,original,siteC,-0.0008126591805878322
methylation,CpG_R0403,original,(Intercept),0.194398270449871
methylation,CpG_R0403,original,age,-6.711973444131667e-05
methylation,CpG_R0403,original,sexM,0.004395462523669012
methylation,CpG_R0403,original,siteB,0.0010445599121076423
methylation,CpG_R0403,original,siteC,-0.01498668862704339
methylation,CpG_R0404,original,(Intercept),0.14746771985504242
methylation,CpG_R0404,original,age,-0.0003365791528137515
methylation,CpG_R0404,original,sexM,-0.016202288000965914
methylation,CpG_R0404,original,siteB,-0.015844660378675626
methylation,CpG_R0404,original,siteC,-0.023484388828828327
methylation,CpG_R0405,original,(Intercept),0.42122655499128503
methylation,CpG_R0405,original,age,-0.0003716298247122494
methylation,CpG_R0405,original,sexM,0.0013946459453517408
methylation,CpG_R0405,original,siteB,-0.029991989032378243
methylation,CpG_R0405,original,siteC,-0.03150241529076219
methylation,CpG_R0406,original,(Intercept),0.16295937859815773
methylation,CpG_R0406,original,age,-0.0007104214322318438
methylation,CpG_R0406,original,sexM,0.013018082834569194
methylation,CpG_R0406,original,siteB,-0.003626335584761182
methylation,CpG_R0406,original,siteC,0.016232252487590464
methylation,CpG_R0407,original,(Intercept),0.32534266241960164
methylation,CpG_R0407,original,age,-0.00030154383606123666
methylation,CpG_R0407,original,sexM,-0.0002894669587889777
methylation,CpG_R0407,original,siteB,-0.0029512930148187476
methylation,CpG_R0407,original,siteC,0.003047284612821299
methylation,CpG_R0408,original,(Intercept),0.1757798295534968
methylation,CpG_R0408,original,age,7.345860204344946e-05
methylation,CpG_R0408,original,sexM,-0.011326267688364786
methylation,CpG_R0408,original,siteB,-0.025258813728628343
methylation,CpG_R0408,original,siteC,-0.014463458439145378
methylation,CpG_R0409,original,(Intercept),0.14834633843157655
methylation,CpG_R0409,original,age,0.0003954230929161848
methylation,CpG_R0409,original,sexM,-0.002368835817893353
methylation,CpG_R0409,original,siteB,-0.0055936984790840825
methylation,CpG_R0409,original,siteC,-0.013866640195232373
methylation,CpG_R0410,original,(Intercept),0.21830723105125865
methylation,CpG_R0410,original,age,0.00027517253736981766
methylation,CpG_R0410,original,sexM,0.014061360711708258
methylation,CpG_R0410,original,siteB,-0.04087512110505078
methylation,CpG_R0410,original,siteC,-0.038634291951439734
methylation,CpG_R0411,original,(Intercept),0.09904105569649972
methylation,CpG_R0411,original,age,4.249668054296008e-05
methylation,CpG_R0411,original,sexM,-0.007803927770199393
methylation,CpG_R0411,original,siteB,-0.011351980829277967
methylation,CpG_R0411,original,siteC,-0.0012012927079521256
methylation,CpG_R0412,original,(Intercept),0.24090920667357174
methylation,CpG_R0412,original,age,-0.00018760889129512977
methylation,CpG_R0412,original,sexM,-0.004184030130844194
methylation,CpG_R0412,original,siteB,-0.003903859764027755
methylation,CpG_R0412,original,siteC,-0.009909860577966315
methylation,CpG_R0413,original,(Intercept),0.13003666714636752
methylation,CpG_R0413,original,age,0.00028388142821880264
methylation,CpG_R0413,original,sexM,-0.007110533259261814
methylation,CpG_R0413,original,siteB,0.012904756389258335
methylation,CpG_R0413,original,siteC,0.004823902857916095
methylation,CpG_R0414,original,(Intercept),0.17842759694945798
methylation,CpG_R0414,original,age,-1.0480581055176154e-06
methylation,CpG_R0414,original,sexM,-0.011601082103215844
methylation,CpG_R0414,original,siteB,0.008161363402175905
methylation,CpG_R0414,original,siteC,0.013996232004224595
methylation,CpG_R0415,original,(Intercept),0.21573421174277924
methylation,CpG_R0415,original,age,0.00017789947071461206
methylation,CpG_R0415,original,sexM,0.0009900050714049438
methylation,CpG_R0415,original,siteB,-0.024432105438695645
methylation,CpG_R0415,original,siteC,-0.015451347171051778
methylation,CpG_R0416,original,(Intercept),0.005559513003727934
methylation,CpG_R0416,original,age,0.0004164257375921204
methylation,CpG_R0416,original,sexM,-0.0003157633896093769
methylation,CpG_R0416,original,siteB,0.015030757705370238
methylation,CpG_R0416,original,siteC,0.010453771943376215
methylation,CpG_R0417,original,(Intercept),0.13589864829223108
methylation,CpG_R0417,original,age,-0.0003141154581239618
methylation,CpG_R0417,original,sexM,-0.004582431433401413
methylation,CpG_R0417,original,siteB,0.008229694569163335
methylation,CpG_R0417,original,siteC,0.01163950931377219
methylation,CpG_R0418,original,(Intercept),0.2184915258543218
methylation,CpG_R0418,original,age,-5.640574555757147e-05
methylation,CpG_R0418,original,sexM,0.004732936481889442
methylation,CpG_R0418,original,siteB,-0.010457358835897533
methylation,CpG_R0418,original,siteC,-0.003962327804394651
methylation,CpG_R0419,original,(Intercept),0.16707605585556395
methylation,CpG_R0419,original,age,-0.0007620667905249386
methylation,CpG_R0419,original,sexM,-0.004201261456663598
methylation,CpG_R0419,original,siteB,0.012845382705512552
methylation,CpG_R0419,original,siteC,-0.004472804745492548
methylation,CpG_R0420,original,(Intercept),0.07718505877319325
methylation,CpG_R0420,original,age,0.00039536495138605836
methylation,CpG_R0420,original,sexM,-0.0009994647349457861
methylation,CpG_R0420,original,siteB,0.012440050082049674
methylation,CpG_R0420,original,siteC,0.01583950947369974
methylation,CpG_R0421,original,(Intercept),0.1530131879705359
methylation,CpG_R0421,original,age,-0.0006099719409166504
methylation,CpG_R0421,original,sexM,-0.008445630712489096
methylation,CpG_R0421,original,siteB,-0.00967450469310565
methylation,CpG_R0421,original,siteC,-0.0040026206568940705
methylation,CpG_R0422,original,(Intercept),0.10035363058421218
methylation,CpG_R0422,original,age,0.0002851538552741912
methylation,CpG_R0422,original,sexM,-0.002655875288433479
methylation,CpG_R0422,original,siteB,-0.024888388635925397
methylation,CpG_R0422,original,siteC,-0.030721617291596268
methylation,CpG_R0423,original,(Intercept),0.30208817663234083
methylation,CpG_R0423,original,age,-0.00013458352717582377
methylation,CpG_R0423,original,sexM,0.0031330601265660337
methylation,CpG_R0423,original,siteB,-0.02025278713786495
methylation,CpG_R0423,original,siteC,-0.02065682662480077
methylation,CpG_R0424,original,(Intercept),0.1921883468734754
methylation,CpG_R0424,original,age,0.00048246881105272135
methylation,CpG_R0424,original,sexM,-0.016070289600607548
methylation,CpG_R0424,original,siteB,-0.004892649003106533
methylation,CpG_R0424,original,siteC,-0.00851251417054017
methylation,CpG_R0425,original,(Intercept),0.17669728811141078
methylation,CpG_R0425,original,age,-0.0004996085952100733
methylation,CpG_R0425,original,sexM,0.014559240021044117
methylation,CpG_R0425,original,siteB,-0.0024922310094377753
methylation,CpG_R0425,original,siteC,0.013010000945515361
methylation,CpG_R0426,original,(Intercept),0.3842037378088061
methylation,CpG_R0426,original,age,-0.0003053914327761845
methylation,CpG_R0426,original,sexM,-0.005380240360401224
methylation,CpG_R0426,original,siteB,-0.004344250586353104
methylation,CpG_R0426,original,siteC,0.0008900357141823723
methylation,CpG_R0427,original,(Intercept),0.11217357400374041
methylation,CpG_R0427,original,age,-8.142342865417842e-05
methylation,CpG_R0427,original,sexM,-0.008165736964786645
methylation,CpG_R0427,original,siteB,0.007263429904094736
methylation,CpG_R0427,original,siteC,0.0063261398544641675
methylation,CpG_R0428,original,(Intercept),0.24082976177358337
methylation,CpG_R0428,original,age,-0.0001521990899370354
methylation,CpG_R0428,original,sexM,0.001918892283497076
methylation,CpG_R0428,original,siteB,0.013230608730654764
methylation,CpG_R0428,original,siteC,0.021465068770673962
methylation,CpG_R0429,original,(Intercept),0.12509347306664612
methylation,CpG_R0429,original,age,7.568985771903928e-05
methylation,CpG_R0429,original,sexM,0.005293481147816667
methylation,CpG_R0429,original,siteB,-0.026163919742127166
methylation,CpG_R0429,original,siteC,-0.027447855142602496
methylation,CpG_R0430,original,(Intercept),0.17995448966226746
methylation,CpG_R0430,original,age,-0.0003267908930443218
methylation,CpG_R0430,original,sexM,-0.010404467740239905
methylation,CpG_R0430,original,siteB,-0.006801640288096352
methylation,CpG_R0430,original,siteC,0.017950360190922714
methylation,CpG_R0431,original,(Intercept),0.027672153795926222
methylation,CpG_R0431,original,age,0.0004187455528139782
methylation,CpG_R0431,original,sexM,0.00990209969477883
methylation,CpG_R0431,original,siteB,0.007762348131019178
methylation,CpG_R0431,original,siteC,0.004419534692736262
methylation,CpG_R0432,original,(Intercept),0.22874644526830204
methylation,CpG_R0432,original,age,0.0001616051500558307
methylation,CpG_R0432,original,sexM,-0.007066810288015154
methylation,CpG_R0432,original,siteB,0.0012832724470774185
methylation,CpG_R0432,original,siteC,0.002376374718572402
methylation,CpG_R0433,original,(Intercept),0.10930999124392082
methylation,CpG_R0433,original,age,-0.0003589907153288709
methylation,CpG_R0433,original,sexM,0.01015727674183688
methylation,CpG_R0433,original,siteB,-0.013676871366807187
methylation,CpG_R0433,original,siteC,-0.014065571184159196
methylation,CpG_R0434,original,(Intercept),0.10517435371295163
methylation,CpG_R0434,original,age,-0.00013732295543808588
methylation,CpG_R0434,original,sexM,0.00499011289255477
methylation,CpG_R0434,original,siteB,0.01851421955409312
methylation,CpG_R0434,original,siteC,0.012167700633980705
methylation,CpG_R0435,original,(Intercept),0.4944364300259163
methylation,CpG_R0435,original,age,8.49315326408066e-05
methylation,CpG_R0435,original,sexM,0.004506127513711677
methylation,CpG_R0435,original,siteB,-0.0055611538640257885
methylation,CpG_R0435,original,siteC,-0.012065042935905518
methylation,CpG_R0436,original,(Intercept),0.003496680816875052
methylation,CpG_R0436,original,age,0.00041317213725592186
methylation,CpG_R0436,original,sexM,0.006151754064996976
methylation,CpG_R0436,original,siteB,0.007854222794140272
methylation,CpG_R0436,original,siteC,0.008193519538741596
methylation,CpG_R0437,original,(Intercept),0.4561520743552716
methylation,CpG_R0437,original,age,-0.0001152410630674421
methylation,CpG_R0437,original,sexM,-0.0067335197849177665
methylation,CpG_R0437,original,siteB,0.00497247482102623
methylation,CpG_R0437,original,siteC,0.0043792793927494985
methylation,CpG_R0438,original,(Intercept),0.23147897050304939
methylation,CpG_R0438,original,age,0.00010332632191916004
methylation,CpG_R0438,original,sexM,-0.01676713177723558
methylation,CpG_R0438,original,siteB,0.009347737955471235
methylation,CpG_R0438,original,siteC,-0.003713013271244119
methylation,CpG_R0439,original,(Intercept),0.0844973923622805
methylation,CpG_R0439,original,age,-0.00044007662581080467
methylation,CpG_R0439,original,sexM,-0.0005465024370086462
methylation,CpG_R0439,original,siteB,0.007549853744260339
methylation,CpG_R0439,original,siteC,0.013448133753953841
methylation,CpG_R0440,original,(Intercept),0.02209288351607305
methylation,CpG_R0440,original,age,0.0007158558805265774
methylation,CpG_R0440,original,sexM,0.018946946861622353
methylation,CpG_R0440,original,siteB,-0.017761406521336728
methylation,CpG_R0440,original,siteC,-0.007567428965459245
methylation,CpG_R0441,original,(Intercept),0.1588516099618802
methylation,CpG_R0441,original,age,-0.0001274726579589447
methylation,CpG_R0441,original,sexM,-0.016602342214186723
methylation,CpG_R0441,original,siteB,-0.01185626189362119
methylation,CpG_R0441,original,siteC,-0.01786612274000012
methylation,CpG_R0442,original,(Intercept),0.34013485196599685
methylation,CpG_R0442,original,age,-1.4213771417569855e-05
methylation,CpG_R0442,original,sexM,0.0016917834949817666
methylation,CpG_R0442,original,siteB,-0.021702610915181258
methylation,CpG_R0442,original,siteC,-0.014085610251778085
methylation,CpG_R0443,original,(Intercept),0.3190200692517202
methylation,CpG_R0443,original,age,0.0001023983110643178
methylation,CpG_R0443,original,sexM,-0.00033353687256483245
methylation,CpG_R0443,original,siteB,0.0071491787625595936
methylation,CpG_R0443,original,siteC,0.0015983720372729504
methylation,CpG_R0444,original,(Intercept),0.29535812734992783
methylation,CpG_R0444,original,age,-0.0006645670974064125
methylation,CpG_R0444,original,sexM,0.0009321450576129122
methylation,CpG_R0444,original,siteB,-0.0007019535675460856
methylation,CpG_R0444,original,siteC,0.016705045809949932
methylation,CpG_R0445,original,(Intercept),0.4819283207831181
methylation,CpG_R0445,original,age,1.3155623568755283e-05
methylation,CpG_R0445,original,sexM,0.003600586547155699
methylation,CpG_R0445,original,siteB,0.005771436577650393
methylation,CpG_R0445,original,siteC,-0.002264757728193111
methylation,CpG_R0446,original,(Intercept),0.16203602185236857
methylation,CpG_R0446,original,age,0.0003305636139622876
methylation,CpG_R0446,original,sexM,-0.001848575492881901
methylation,CpG_R0446,original,siteB,0.0014398437723025276
methylation,CpG_R0446,original,siteC,-0.009315800831124784
methylation,CpG_R0447,original,(Intercept),0.036673982974228
methylation,CpG_R0447,original,age,0.0019130607166944892
methylation,CpG_R0447,original,sexM,-0.009177565141584758
methylation,CpG_R0447,original,siteB,0.004742632522723018
methylation,CpG_R0447,original,siteC,0.020763931112198424
methylation,CpG_R0448,original,(Intercept),0.19882240922995104
methylation,CpG_R0448,original,age,0.0005728685079474989
methylation,CpG_R0448,original,sexM,-0.013375379748401252
methylation,CpG_R0448,original,siteB,-0.009371431506511164
methylation,CpG_R0448,original,siteC,-0.00855621578414893
methylation,CpG_R0449,original,(Intercept),0.1607729132580219
methylation,CpG_R0449,original,age,-0.00021207778931840482
methylation,CpG_R0449,original,sexM,0.007303704348286475
methylation,CpG_R0449,original,siteB,-0.018613785601119513
methylation,CpG_R0449,original,siteC,-0.012187000247597855
methylation,CpG_R0450,original,(Intercept),0.17269203582550713
methylation,CpG_R0450,original,age,0.0005512498344545064
methylation,CpG_R0450,original,sexM,-0.004086003652876161
methylation,CpG_R0450,original,siteB,-0.00015167681595023007
methylation,CpG_R0450,original,siteC,-0.007120923534731637
methylation,CpG_R0451,original,(Intercept),0.2788587641566685
methylation,CpG_R0451,original,age,-5.41275251486752e-06
methylation,CpG_R0451,original,sexM,0.002499116716299358
methylation,CpG_R0451,original,siteB,0.001681503813217337
methylation,CpG_R0451,original,siteC,-0.00909913823258422
methylation,CpG_R0452,original,(Intercept),0.25287191536499204
methylation,CpG_R0452,original,age,7.538486177756991e-05
methylation,CpG_R0452,original,sexM,-0.003313890650611034
methylation,CpG_R0452,original,siteB,-0.0217050782514563
methylation,CpG_R0452,original,siteC,-0.024737718290300293
methylation,CpG_R0453,original,(Intercept),0.3087177314263542
methylation,CpG_R0453,original,age,-0.00034092341750311317
methylation,CpG_R0453,original,sexM,0.0017567589972821136
methylation,CpG_R0453,original,siteB,-0.012050042043909652
methylation,CpG_R0453,original,siteC,-0.01692568263458159
methylation,CpG_R0454,original,(Intercept),0.19338292768848606
methylation,CpG_R0454,original,age,3.904594426896427e-05
methylation,CpG_R0454,original,sexM,-0.006298037109511018
methylation,CpG_R0454,original,siteB,0.0029895432972222697
methylation,CpG_R0454,original,siteC,0.006587539863137237
methylation,CpG_R0455,original,(Intercept),0.30006614046434565
methylation,CpG_R0455,original,age,-0.00023403868097469715
methylation,CpG_R0455,original,sexM,0.008260014636079642
methylation,CpG_R0455,original,siteB,0.0010500394911885545
methylation,CpG_R0455,original,siteC,-0.0019002927221983047
methylation,CpG_R0456,original,(Intercept),0.38080426464382294
methylation,CpG_R0456,original,age,0.0006327920491067488
methylation,CpG_R0456,original,sexM,0.008973243520071015
methylation,CpG_R0456,original,siteB,0.004158774038821134
methylation,CpG_R0456,original,siteC,0.010545237683028952
methylation,CpG_R0457,original,(Intercept),0.08970105683931627
methylation,CpG_R0457,original,age,-0.0004476378533692531
methylation,CpG_R0457,original,sexM,0.004112842026997641
methylation,CpG_R0457,original,siteB,0.005544511255496656
methylation,CpG_R0457,original,siteC,0.0006981452806676976
methylation,CpG_R0458,original,(Intercept),0.12382221129036884
methylation,CpG_R0458,original,age,-0.0001791157738555441
methylation,CpG_R0458,original,sexM,0.0002754309572079086
methylation,CpG_R0458,original,siteB,-0.00896755776419388
methylation,CpG_R0458,original,siteC,0.007854819053248462
methylation,CpG_R0459,original,(Intercept),0.13806792765429393
methylation,CpG_R0459,original,age,-0.00028880582886276244
methylation,CpG_R0459,original,sexM,0.0031063783890850467
methylation,CpG_R0459,original,siteB,-0.018656779807149367
methylation,CpG_R0459,original,siteC,-0.024191642121113643
methylation,CpG_R0460,original,(Intercept),0.25088807427771775
methylation,CpG_R0460,original,age,0.00040193150348429165
methylation,CpG_R0460,original,sexM,0.021505849674526765
methylation,CpG_R0460,original,siteB,-0.0007901537528122088
methylation,CpG_R0460,original,siteC,-0.0026623719992668595
methylation,CpG_R0461,original,(Intercept),0.09693078866020519
methylation,CpG_R0461,original,age,7.729217815843201e-05
methylation,CpG_R0461,original,sexM,-0.010904369653132906
methylation,CpG_R0461,original,siteB,0.005831798397394494
methylation,CpG_R0461,original,siteC,-0.0021784363393462626
methylation,CpG_R0462,original,(Intercept),0.3633750538450299
methylation,CpG_R0462,original,age,0.0006668059879122402
methylation,CpG_R0462,original,sexM,-0.0019157530736714963
methylation,CpG_R0462,original,siteB,-0.012937375039521136
methylation,CpG_R0462,original,siteC,-0.011544343954737102
methylation,CpG_R0463,original,(Intercept),0.13507333632591761
methylation,CpG_R0463,original,age,5.615304364161908e-05
methylation,CpG_R0463,original,sexM,-0.006425717213982594
methylation,CpG_R0463,original,siteB,-0.0011290045152393187
methylation,CpG_R0463,original,siteC,-0.005700629762046045
methylation,CpG_R0464,original,(Intercept),0.03627608862285913
methylation,CpG_R0464,original,age,0.0005101980236266133
methylation,CpG_R0464,original,sexM,-0.0019033581054466078
methylation,CpG_R0464,original,siteB,0.010772816674576295
methylation,CpG_R0464,original,siteC,-0.00197924562743272
methylation,CpG_R0465,original,(Intercept),0.0921734037968716
methylation,CpG_R0465,original,age,4.454781497010777e-05
methylation,CpG_R0465,original,sexM,0.0007041516457309692
methylation,CpG_R0465,original,siteB,-0.011104436647661935
methylation,CpG_R0465,original,siteC,-0.002872172102728004
methylation,CpG_R0466,original,(Intercept),0.12547666187270062
methylation,CpG_R0466,original,age,0.0005349551476109256
methylation,CpG_R0466,original,sexM,0.000808252891837198
methylation,CpG_R0466,original,siteB,0.014901028954254334
methylation,CpG_R0466,original,siteC,0.021103828951938138
methylation,CpG_R0467,original,(Intercept),0.14866987436924292
methylation,CpG_R0467,original,age,0.00019480353007254463
methylation,CpG_R0467,original,sexM,0.005025085214472916
methylation,CpG_R0467,original,siteB,-0.005125969800160883
methylation,CpG_R0467,original,siteC,-0.007829786394170866
methylation,CpG_R0468,original,(Intercept),0.3722391053506691
methylation,CpG_R0468,original,age,-0.0005088870321722068
methylation,CpG_R0468,original,sexM,-0.0049430871949988535
methylation,CpG_R0468,original,siteB,0.0005082987411319556
methylation,CpG_R0468,original,siteC,0.00940557893032512
methylation,CpG_R0469,original,(Intercept),0.1845462749486716
methylation,CpG_R0469,original,age,-0.0004161372309658861
methylation,CpG_R0469,original,sexM,-0.01912933912321247
methylation,CpG_R0469,original,siteB,0.006432447521383953
methylation,CpG_R0469,original,siteC,-0.006041228144567699
methylation,CpG_R0470,original,(Intercept),0.3081321405885696
methylation,CpG_R0470,original,age,-5.289374428021348e-05
methylation,CpG_R0470,original,sexM,0.017302919265744433
methylation,CpG_R0470,original,siteB,-0.0050326392543269365
methylation,CpG_R0470,original,siteC,0.0009979377287749403
methylation,CpG_R0471,original,(Intercept),0.2576456936025364
methylation,CpG_R0471,original,age,-0.0006355510934858412
methylation,CpG_R0471,original,sexM,0.0011959053519998103
methylation,CpG_R0471,original,siteB,-0.042065610734637444
methylation,CpG_R0471,original,siteC,-0.03408357642424337
methylation,CpG_R0472,original,(Intercept),0.20958336172562322
methylation,CpG_R0472,original,age,-0.00046020172391380475
methylation,CpG_R0472,original,sexM,-0.004923829582905526
methylation,CpG_R0472,original,siteB,0.02028517868244034
methylation,CpG_R0472,original,siteC,0.011590837077659809
methylation,CpG_R0473,original,(Intercept),0.08128023501816777
methylation,CpG_R0473,original,age,0.00037001531410650466
methylation,CpG_R0473,original,sexM,-0.002923399419102289
methylation,CpG_R0473,original,siteB,-0.0216686446464087
methylation,CpG_R0473,original,siteC,-0.0210499934966072
methylation,CpG_R0474,original,(Intercept),0.3190626676954994
methylation,CpG_R0474,original,age,0.0005024690614711945
methylation,CpG_R0474,original,sexM,0.011001473879586632
methylation,CpG_R0474,original,siteB,-0.01685359254244683
methylation,CpG_R0474,original,siteC,-0.017347296809076342
methylation,CpG_R0475,original,(Intercept),0.13725395376810487
methylation,CpG_R0475,original,age,0.0008255099500003402
methylation,CpG_R0475,original,sexM,0.010484199363022166
methylation,CpG_R0475,original,siteB,-0.0008175324052150456
methylation,CpG_R0475,original,siteC,-0.01470414649124571
methylation,CpG_R0476,original,(Intercept),0.18005228927045877
methylation,CpG_R0476,original,age,-0.00044316549243024944
methylation,CpG_R0476,original,sexM,-0.004313784398790867
methylation,CpG_R0476,original,siteB,0.013031558879906136
methylation,CpG_R0476,original,siteC,0.002804300851867947
methylation,CpG_R0477,original,(Intercept),0.3169232571213141
methylation,CpG_R0477,original,age,-0.0005845130887226439
methylation,CpG_R0477,original,sexM,-0.005536355708724709
methylation,CpG_R0477,original,siteB,-0.006270644506156559
methylation,CpG_R0477,original,siteC,-0.01744112682176328
methylation,CpG_R0478,original,(Intercept),0.1740497455349057
methylation,CpG_R0478,original,age,0.0007578876802111381
methylation,CpG_R0478,original,sexM,0.012688402637457803
methylation,CpG_R0478,original,siteB,-0.013795616379847237
methylation,CpG_R0478,original,siteC,-0.004581892575452414
methylation,CpG_R0479,original,(Intercept),0.26061584834717827
methylation,CpG_R0479,original,age,0.00035536878128624783
methylation,CpG_R0479,original,sexM,0.010419460783024003
methylation,CpG_R0479,original,siteB,0.004433832009096202
methylation,CpG_R0479,original,siteC,0.014189296946451891
methylation,CpG_R0480,original,(Intercept),0.09762756082375224
methylation,CpG_R0480,original,age,-0.0003333984234112322
methylation,CpG_R0480,original,sexM,0.00923281879978557
methylation,CpG_R0480,original,siteB,-0.011253884348160848
methylation,CpG_R0480,original,siteC,-0.003591280666552378
methylation,CpG_R0481,original,(Intercept),0.35087587016366933
methylation,CpG_R0481,original,age,-0.0002263855083500171
methylation,CpG_R0481,original,sexM,-0.005637895146367487
methylation,CpG_R0481,original,siteB,-0.007813085540200168
methylation,CpG_R0481,original,siteC,-0.014958429152626145
methylation,CpG_R0482,original,(Intercept),0.14890381114539938
methylation,CpG_R0482,original,age,3.287772730695083e-05
methylation,CpG_R0482,original,sexM,0.006908899047253578
methylation,CpG_R0482,original,siteB,0.01547859898690798
methylation,CpG_R0482,original,siteC,0.011704667230465083
methylation,CpG_R0483,original,(Intercept),0.22510990728614114
methylation,CpG_R0483,original,age,0.0006087331339094229
methylation,CpG_R0483,original,sexM,-0.002473172473018033
methylation,CpG_R0483,original,siteB,0.008426352229065457
methylation,CpG_R0483,original,siteC,0.006050169272208107
methylation,CpG_R0484,original,(Intercept),0.27258459293556425
methylation,CpG_R0484,original,age,0.0008356275947408902
methylation,CpG_R0484,original,sexM,-0.0022854456232602248
methylation,CpG_R0484,original,siteB,0.0241609461861594
methylation,CpG_R0484,original,siteC,0.0054934060631179815
methylation,CpG_R0485,original,(Intercept),0.34671788995705455
methylation,CpG_R0485,original,age,0.0002910416468832453
methylation,CpG_R0485,original,sexM,-0.0040551120589447
methylation,CpG_R0485,original,siteB,-0.004124258573892699
methylation,CpG_R0485,original,siteC,-0.004798129009357608
methylation,CpG_R0486,original,(Intercept),0.23025323500310782
methylation,CpG_R0486,original,age,-0.0008138149451739729
methylation,CpG_R0486,original,sexM,-0.00708342697800763
methylation,CpG_R0486,original,siteB,0.008316292059804536
methylation,CpG_R0486,original,siteC,0.008481895292018368
methylation,CpG_R0487,original,(Intercept),0.36281888089711306
methylation,CpG_R0487,original,age,-0.00037528714692325343
methylation,CpG_R0487,original,sexM,0.0053462503105049415
methylation,CpG_R0487,original,siteB,-0.020676006346885455
methylation,CpG_R0487,original,siteC,-0.02096844820422352
methylation,CpG_R0488,original,(Intercept),0.14138065948527131
methylation,CpG_R0488,original,age,-0.000500496956870737
methylation,CpG_R0488,original,sexM,-0.0065944069862714436
methylation,CpG_R0488,original,siteB,-0.015242100505403545
methylation,CpG_R0488,original,siteC,-0.021313221155670525
methylation,CpG_R0489,original,(Intercept),0.3306448481531437
methylation,CpG_R0489,original,age,-0.0003673210636732252
methylation,CpG_R0489,original,sexM,0.003937908932800146
methylation,CpG_R0489,original,siteB,-0.02757948829824844
methylation,CpG_R0489,original,siteC,-0.041384803928431836
methylation,CpG_R0490,original,(Intercept),0.2719166876323334
methylation,CpG_R0490,original,age,0.00021130105818652513
methylation,CpG_R0490,original,sexM,0.008121234513716291
methylation,CpG_R0490,original,siteB,-0.018245077260755645
methylation,CpG_R0490,original,siteC,-0.02339486327349941
methylation,CpG_R0491,original,(Intercept),0.587852984593786
methylation,CpG_R0491,original,age,-9.052394165073647e-05
methylation,CpG_R0491,original,sexM,-0.0006455351482326711
methylation,CpG_R0491,original,siteB,-0.0035926247445408985
methylation,CpG_R0491,original,siteC,0.01165151103270225
methylation,CpG_R0492,original,(Intercept),0.056644819695956604
methylation,CpG_R0492,original,age,0.0006871201185423041
methylation,CpG_R0492,original,sexM,-0.009804941446759701
methylation,CpG_R0492,original,siteB,0.010825202511251922
methylation,CpG_R0492,original,siteC,0.009736461343553016
methylation,CpG_R0493,original,(Intercept),0.06557875209656094
methylation,CpG_R0493,original,age,-0.0003936253949818022
methylation,CpG_R0493,original,sexM,-0.004987807385412701
methylation,CpG_R0493,original,siteB,0.01972480722562018
methylation,CpG_R0493,original,siteC,0.013560255648903766
methylation,CpG_R0494,original,(Intercept),0.14278245547682997
methylation,CpG_R0494,original,age,0.0021140929062329872
methylation,CpG_R0494,original,sexM,-0.015762873541007028
methylation,CpG_R0494,original,siteB,0.005153432303776727
methylation,CpG_R0494,original,siteC,0.010868307481991836
methylation,CpG_R0495,original,(Intercept),0.20645590033475322
methylation,CpG_R0495,original,age,-0.00014221035535272962
methylation,CpG_R0495,original,sexM,0.00930840168267678
methylation,CpG_R0495,original,siteB,0.008182748264838828
methylation,CpG_R0495,original,siteC,0.001411191566342563
methylation,CpG_R0496,original,(Intercept),0.2981173396331025
methylation,CpG_R0496,original,age,0.0003619984247401032
methylation,CpG_R0496,original,sexM,-0.008674520068810237
methylation,CpG_R0496,original,siteB,-0.0038589058244573936
methylation,CpG_R0496,original,siteC,0.007505846269554061
methylation,CpG_R0497,original,(Intercept),0.18143964289727646
methylation,CpG_R0497,original,age,0.0004038727985371806
methylation,CpG_R0497,original,sexM,-0.000679495141953596
methylation,CpG_R0497,original,siteB,-0.02863638951452015
methylation,CpG_R0497,original,siteC,-0.015251553416867819
methylation,CpG_R0498,original,(Intercept),0.24401816064670515
methylation,CpG_R0498,original,age,0.0006724846491953841
methylation,CpG_R0498,original,sexM,-0.002053556798777961
methylation,CpG_R0498,original,siteB,0.006547533416269143
methylation,CpG_R0498,original,siteC,0.01415786251012898
methylation,CpG_R0499,original,(Intercept),0.24153464203047098
methylation,CpG_R0499,original,age,9.565916608195704e-05
methylation,CpG_R0499,original,sexM,0.012104072480722702
methylation,CpG_R0499,original,siteB,-0.00710395597566674
methylation,CpG_R0499,original,siteC,-0.002772066582917568
methylation,CpG_R0500,original,(Intercept),0.13712120940598374
methylation,CpG_R0500,original,age,0.00019069341394950624
methylation,CpG_R0500,original,sexM,0.0019610907773246157
methylation,CpG_R0500,original,siteB,0.008445462155073477
methylation,CpG_R0500,original,siteC,0.0034828261395490803
methylation,CpG_R0501,original,(Intercept),0.2572558833309562
methylation,CpG_R0501,original,age,-8.033124486451406e-05
methylation,CpG_R0501,original,sexM,-0.008807208838761044
methylation,CpG_R0501,original,siteB,0.0032646656826610387
methylation,CpG_R0501,original,siteC,-0.015246605775190328
methylation,CpG_R0502,original,(Intercept),0.053259127002031545
methylation,CpG_R0502,original,age,0.0004946766397742339
methylation,CpG_R0502,original,sexM,0.009532323604129833
methylation,CpG_R0502,original,siteB,0.016342451782892526
methylation,CpG_R0502,original,siteC,-0.005717551974247308
methylation,CpG_R0503,original,(Intercept),0.19103678956822726
methylation,CpG_R0503,original,age,3.857880834240692e-05
methylation,CpG_R0503,original,sexM,-0.003471034067127987
methylation,CpG_R0503,original,siteB,0.03156820908442324
methylation,CpG_R0503,original,siteC,0.02034344627698624
methylation,CpG_R0504,original,(Intercept),0.4106888595134325
methylation,CpG_R0504,original,age,-0.0001851680023756353
methylation,CpG_R0504,original,sexM,-0.002692770875097971
methylation,CpG_R0504,original,siteB,-0.03484967822953712
methylation,CpG_R0504,original,siteC,-0.021728863040280162
methylation,CpG_R0505,original,(Intercept),0.20751042541110387
methylation,CpG_R0505,original,age,3.575631603529116e-05
methylation,CpG_R0505,original,sexM,0.0014809973062900454
methylation,CpG_R0505,original,siteB,-0.018864170898700013
methylation,CpG_R0505,original,siteC,-0.0194085931508616
methylation,CpG_R0506,original,(Intercept),0.4489374836835963
methylation,CpG_R0506,original,age,0.0006951217156758554
methylation,CpG_R0506,original,sexM,0.0025500757721428325
methylation,CpG_R0506,original,siteB,-0.012061279041135244
methylation,CpG_R0506,original,siteC,-0.005792877714700169
methylation,CpG_R0507,original,(Intercept),0.09953180357103257
methylation,CpG_R0507,original,age,0.00033865850962045346
methylation,CpG_R0507,original,sexM,0.013932314000385792
methylation,CpG_R0507,original,siteB,-0.008825020707292063
methylation,CpG_R0507,original,siteC,-0.007089320089360983
methylation,CpG_R0508,original,(Intercept),0.2762676731098076
methylation,CpG_R0508,original,age,0.00010724511602023343
methylation,CpG_R0508,original,sexM,-0.007994425788584334
methylation,CpG_R0508,original,siteB,0.013138458690527743
methylation,CpG_R0508,original,siteC,0.008818198581010711
methylation,CpG_R0509,original,(Intercept),0.16686817933369918
methylation,CpG_R0509,original,age,0.0003810371173465788
methylation,CpG_R0509,original,sexM,0.0017464788828761271
methylation,CpG_R0509,original,siteB,-0.017893347458415098
methylation,CpG_R0509,original,siteC,-0.006310759142957215
methylation,CpG_R0510,original,(Intercept),0.16861177601829166
methylation,CpG_R0510,original,age,3.11477171189047e-05
methylation,CpG_R0510,original,sexM,-0.002399353503458948
methylation,CpG_R0510,original,siteB,0.005493924655560473
methylation,CpG_R0510,original,siteC,-0.001365772331699338
methylation,CpG_R0511,original,(Intercept),0.09178288428379235
methylation,CpG_R0511,original,age,9.0908565513549e-05
methylation,CpG_R0511,original,sexM,0.009178806570570651
methylation,CpG_R0511,original,siteB,-0.010701660201236486
methylation,CpG_R0511,original,siteC,-0.02175388634846975
methylation,CpG_R0512,original,(Intercept),0.1388141957177718
methylation,CpG_R0512,original,age,-0.000563369343232944
methylation,CpG_R0512,original,sexM,0.002738451446873186
methylation,CpG_R0512,original,siteB,-0.009955948145548135
methylation,CpG_R0512,original,siteC,-0.010804403972143953
methylation,CpG_R0513,original,(Intercept),0.04482516986961768
methylation,CpG_R0513,original,age,0.0004029568596433013
methylation,CpG_R0513,original,sexM,0.003509095578296762
methylation,CpG_R0513,original,siteB,-0.0008082464645107595
methylation,CpG_R0513,original,siteC,0.0016499841383367576
methylation,CpG_R0514,original,(Intercept),0.1871426361218641
methylation,CpG_R0514,original,age,0.00015698542922822618
methylation,CpG_R0514,original,sexM,-0.0016230409158066884
methylation,CpG_R0514,original,siteB,-0.004218071743132687
methylation,CpG_R0514,original,siteC,-0.003587195393886017
methylation,CpG_R0515,original,(Intercept),0.2591777287116796
methylation,CpG_R0515,original,age,0.0001727718348851955
methylation,CpG_R0515,original,sexM,-0.005351355192198159
methylation,CpG_R0515,original,siteB,0.0007100888273603088
methylation,CpG_R0515,original,siteC,-0.003648734124328961
methylation,CpG_R0516,original,(Intercept),0.10687755859064364
methylation,CpG_R0516,original,age,0.00029614666835892745
methylation,CpG_R0516,original,sexM,-0.00043338558589187814
methylation,CpG_R0516,original,siteB,0.013924615730003198
methylation,CpG_R0516,original,siteC,0.003776078301251865
methylation,CpG_R0517,original,(Intercept),0.31828796151251787
methylation,CpG_R0517,original,age,0.00013223240617158975
methylation,CpG_R0517,original,sexM,-0.0016276265024257653
methylation,CpG_R0517,original,siteB,-0.008817277750115676
methylation,CpG_R0517,original,siteC,-0.01112325498522608
methylation,CpG_R0518,original,(Intercept),0.014256179082765622
methylation,CpG_R0518,original,age,0.0005825438923047345
methylation,CpG_R0518,original,sexM,-0.002128551565011723
methylation,CpG_R0518,original,siteB,0.008462773633585285
methylation,CpG_R0518,original,siteC,0.008296299151432759
methylation,CpG_R0519,original,(Intercept),0.05433032490988555
methylation,CpG_R0519,original,age,-0.0003382108621507718
methylation,CpG_R0519,original,sexM,-0.007492583646734562
methylation,CpG_R0519,original,siteB,0.002448964958233679
methylation,CpG_R0519,original,siteC,-0.007311639600794771
methylation,CpG_R0520,original,(Intercept),0.2082380445396366
methylation,CpG_R0520,original,age,-0.00022303879321081187
methylation,CpG_R0520,original,sexM,0.004446136841743747
methylation,CpG_R0520,original,siteB,-0.013049593593980606
methylation,CpG_R0520,original,siteC,-0.011280737482879562
methylation,CpG_R0521,original,(Intercept),0.40603544424626214
methylation,CpG_R0521,original,age,-0.0005906681610512513
methylation,CpG_R0521,original,sexM,0.0004526560358950088
methylation,CpG_R0521,original,siteB,-0.0009607715211411977
methylation,CpG_R0521,original,siteC,-0.004077494763184536
methylation,CpG_R0522,original,(Intercept),0.07692074468611713
methylation,CpG_R0522,original,age,0.00016999733517115775
methylation,CpG_R0522,original,sexM,-0.0037560310127198408
methylation,CpG_R0522,original,siteB,-0.0009370877820986276
methylation,CpG_R0522,original,siteC,-0.0009700574746737146
methylation,CpG_R0523,original,(Intercept),0.094273950136182
methylation,CpG_R0523,original,age,7.239432767025196e-05
methylation,CpG_R0523,original,sexM,-0.008006868302944154
methylation,CpG_R0523,original,siteB,-0.0003698189432922875
methylation,CpG_R0523,original,siteC,0.003454642484078789
methylation,CpG_R0524,original,(Intercept),0.10546160615478693
methylation,CpG_R0524,original,age,0.0003270077048244799
methylation,CpG_R0524,original,sexM,-0.006335563705769907
methylation,CpG_R0524,original,siteB,0.0033295271069159454
methylation,CpG_R0524,original,siteC,0.00031989135131417197
methylation,CpG_R0525,original,(Intercept),0.08074597199387484
methylation,CpG_R0525,original,age,-8.626593197255005e-05
methylation,CpG_R0525,original,sexM,-0.0026504530257196973
methylation,CpG_R0525,original,siteB,0.019782754620432687
methylation,CpG_R0525,original,siteC,0.006663187987804012
methylation,CpG_R0526,original,(Intercept),0.15331943149379137
methylation,CpG_R0526,original,age,4.112778379499362e-05
methylation,CpG_R0526,original,sexM,-0.0016284420874189925
methylation,CpG_R0526,original,siteB,-0.005155198589942313
methylation,CpG_R0526,original,siteC,0.004781953734005655
methylation,CpG_R0527,original,(Intercept),0.1119981098229076
methylation,CpG_R0527,original,age,0.0002505365083420722
methylation,CpG_R0527,original,sexM,0.004642448559396271
methylation,CpG_R0527,original,siteB,-0.006474372048904168
methylation,CpG_R0527,original,siteC,-0.014293870823521656
methylation,CpG_R0528,original,(Intercept),0.5020019835933738
methylation,CpG_R0528,original,age,-0.0005421796686650677
methylation,CpG_R0528,original,sexM,-0.0008886010423117726
methylation,CpG_R0528,original,siteB,0.016111101798138672
methylation,CpG_R0528,original,siteC,0.006643573407835016
methylation,CpG_R0529,original,(Intercept),0.23399177803757193
methylation,CpG_R0529,original,age,0.0009165416725407593
methylation,CpG_R0529,original,sexM,0.009642439490083908
methylation,CpG_R0529,original,siteB,0.001439107953754317
methylation,CpG_R0529,original,siteC,0.011470058112374313
methylation,CpG_R0530,original,(Intercept),0.32274612035918265
methylation,CpG_R0530,original,age,0.0004396374623795787
methylation,CpG_R0530,original,sexM,0.010212785687872396
methylation,CpG_R0530,original,siteB,0.010016772820654371
methylation,CpG_R0530,original,siteC,0.012392046582591833
methylation,CpG_R0531,original,(Intercept),0.28734451946695694
methylation,CpG_R0531,original,age,3.609116094196511e-05
methylation,CpG_R0531,original,sexM,-0.0073840210192852185
methylation,CpG_R0531,original,siteB,0.003817877613787546
methylation,CpG_R0531,original,siteC,-0.0012758667642398611
methylation,CpG_R0532,original,(Intercept),0.17356256415795124
methylation,CpG_R0532,original,age,0.00015097605593276174
methylation,CpG_R0532,original,sexM,0.007202636719257503
methylation,CpG_R0532,original,siteB,0.004365546137651804
methylation,CpG_R0532,original,siteC,-0.0011566943280183065
methylation,CpG_R0533,original,(Intercept),0.09148385331906547
methylation,CpG_R0533,original,age,-3.5876726940144216e-05
methylation,CpG_R0533,original,sexM,-0.013209396970552673
methylation,CpG_R0533,original,siteB,-0.004495867643492312
methylation,CpG_R0533,original,siteC,-0.008208927968481718
methylation,CpG_R0534,original,(Intercept),0.0008680862018335488
methylation,CpG_R0534,original,age,0.00030793028634370665
methylation,CpG_R0534,original,sexM,-0.0004864671414850524
methylation,CpG_R0534,original,siteB,0.004155064474789428
methylation,CpG_R0534,original,siteC,0.014987349952956247
methylation,CpG_R0535,original,(Intercept),0.17940486898140445
methylation,CpG_R0535,original,age,0.00017589519145815865
methylation,CpG_R0535,original,sexM,0.007754461559265513
methylation,CpG_R0535,original,siteB,-0.0024523677194774013
methylation,CpG_R0535,original,siteC,-0.011063700518770892
methylation,CpG_R0536,original,(Intercept),0.37502306665325247
methylation,CpG_R0536,original,age,0.0007767212052559507
methylation,CpG_R0536,original,sexM,-0.014709044948333602
methylation,CpG_R0536,original,siteB,-0.003121852396180943
methylation,CpG_R0536,original,siteC,-0.017000103310585487
methylation,CpG_R0537,original,(Intercept),0.2812250641429578
methylation,CpG_R0537,original,age,-0.00017322320527556393
methylation,CpG_R0537,original,sexM,0.013347724423139392
methylation,CpG_R0537,original,siteB,-0.004760352288832539
methylation,CpG_R0537,original,siteC,-0.005818026890868611
methylation,CpG_R0538,original,(Intercept),0.05747682819965804
methylation,CpG_R0538,original,age,1.1502422744871442e-05
methylation,CpG_R0538,original,sexM,0.011803156564921095
methylation,CpG_R0538,original,siteB,-0.009571005372331094
methylation,CpG_R0538,original,siteC,-0.015002679679514533
methylation,CpG_R0539,original,(Intercept),0.29061805393166035
methylation,CpG_R0539,original,age,1.8000295314341917e-05
methylation,CpG_R0539,original,sexM,-0.0029143223652904793
methylation,CpG_R0539,original,siteB,-1.2733287000778437e-05
methylation,CpG_R0539,original,siteC,0.0050644684979286505
methylation,CpG_R0540,original,(Intercept),0.16137014104777886
methylation,CpG_R0540,original,age,0.00011014010285380623
methylation,CpG_R0540,original,sexM,0.00786995898497806
methylation,CpG_R0540,original,siteB,-0.018340888154445425
methylation,CpG_R0540,original,siteC,-0.024968991711344247
methylation,CpG_R0541,original,(Intercept),0.25429146342034015
methylation,CpG_R0541,original,age,0.0006122166673786471
methylation,CpG_R0541,original,sexM,-0.012769234662679003
methylation,CpG_R0541,original,siteB,0.004952775323512965
methylation,CpG_R0541,original,siteC,0.00659946840713669
methylation,CpG_R0542,original,(Intercept),0.07189839913159317
methylation,CpG_R0542,original,age,0.00016002481779450042
methylation,CpG_R0542,original,sexM,-0.004662631833387479
methylation,CpG_R0542,original,siteB,0.008946051710791887
methylation,CpG_R0542,original,siteC,0.009677566940289302
methylation,CpG_R0543,original,(Intercept),0.08236673526665546
methylation,CpG_R0543,original,age,5.652503623573103e-05
methylation,CpG_R0543,original,sexM,2.0737946946241447e-05
methylation,CpG_R0543,original,siteB,0.013530760965786476
methylation,CpG_R0543,original,siteC,0.010551374139404908
methylation,CpG_R0544,original,(Intercept),0.06902356623175424
methylation,CpG_R0544,original,age,-7.022979768895387e-05
methylation,CpG_R0544,original,sexM,-0.008467374714310161
methylation,CpG_R0544,original,siteB,0.01804736398894862
methylation,CpG_R0544,original,siteC,0.007576698000322764
methylation,CpG_R0545,original,(Intercept),0.09185706725271772
methylation,CpG_R0545,original,age,0.00012379307313676924
methylation,CpG_R0545,original,sexM,-0.011821039564273524
methylation,CpG_R0545,original,siteB,-0.007840459454402397
methylation,CpG_R0545,original,siteC,-0.006407030075246708
methylation,CpG_R0546,original,(Intercept),0.1387170461126542
methylation,CpG_R0546,original,age,-0.00023228865389188962
methylation,CpG_R0546,original,sexM,0.008069441184289695
methylation,CpG_R0546,original,siteB,0.004195385904713018
methylation,CpG_R0546,original,siteC,0.0030942999655039155
methylation,CpG_R0547,original,(Intercept),0.2991831957621112
methylation,CpG_R0547,original,age,0.0001556394241062445
methylation,CpG_R0547,original,sexM,-0.006372118213856034
methylation,CpG_R0547,original,siteB,0.00014544019149329295
methylation,CpG_R0547,original,siteC,0.0008511320200709412
methylation,CpG_R0548,original,(Intercept),0.12051539003074924
methylation,CpG_R0548,original,age,-0.0004130049923845758
methylation,CpG_R0548,original,sexM,0.0049209754358826375
methylation,CpG_R0548,original,siteB,-0.03254080680284023
methylation,CpG_R0548,original,siteC,-0.0224181830324694
methylation,CpG_R0549,original,(Intercept),0.23286996509892338
methylation,CpG_R0549,original,age,-0.0005071715496381584
methylation,CpG_R0549,original,sexM,-0.00025060931732613504
methylation,CpG_R0549,original,siteB,-0.0016315440358919936
methylation,CpG_R0549,original,siteC,-0.002139081401590299
methylation,CpG_R0550,original,(Intercept),0.1471834641589204
methylation,CpG_R0550,original,age,-0.0002815009370909164
methylation,CpG_R0550,original,sexM,0.0063161351955538245
methylation,CpG_R0550,original,siteB,0.0024699393134044534
methylation,CpG_R0550,original,siteC,0.006636542872794038
methylation,CpG_R0551,original,(Intercept),0.27273132251914367
methylation,CpG_R0551,original,age,-9.63789816290906e-05
methylation,CpG_R0551,original,sexM,6.668250991209505e-05
methylation,CpG_R0551,original,siteB,0.011175762429173354
methylation,CpG_R0551,original,siteC,0.01800849392880467
methylation,CpG_R0552,original,(Intercept),0.17917026257022867
methylation,CpG_R0552,original,age,-0.0005265652650383576
methylation,CpG_R0552,original,sexM,-0.008507051918205128
methylation,CpG_R0552,original,siteB,-0.009702025610513466
methylation,CpG_R0552,original,siteC,-0.013555211299478278
methylation,CpG_R0553,original,(Intercept),0.1486510840422474
methylation,CpG_R0553,original,age,-0.0004251015966351326
methylation,CpG_R0553,original,sexM,0.0027124554541704936
methylation,CpG_R0553,original,siteB,0.007942267951838985
methylation,CpG_R0553,original,siteC,0.01567863514879356
methylation,CpG_R0554,original,(Intercept),0.2161406069655152
methylation,CpG_R0554,original,age,0.0005505189480419568
methylation,CpG_R0554,original,sexM,0.0014836831604891022
methylation,CpG_R0554,original,siteB,-0.005724393392086406
methylation,CpG_R0554,original,siteC,-0.005547598370872271
methylation,CpG_R0555,original,(Intercept),0.13716220485681577
methylation,CpG_R0555,original,age,-0.0006800939038483161
methylation,CpG_R0555,original,sexM,-0.007892566269215162
methylation,CpG_R0555,original,siteB,-0.037440114020549385
methylation,CpG_R0555,original,siteC,-0.026989471449894005
methylation,CpG_R0556,original,(Intercept),0.26162865421828396
methylation,CpG_R0556,original,age,-0.00017169527231403376
methylation,CpG_R0556,original,sexM,-0.00438841222207525
methylation,CpG_R0556,original,siteB,0.0015579520152098898
methylation,CpG_R0556,original,siteC,0.0022821813891066084
methylation,CpG_R0557,original,(Intercept),0.0683603662666373
methylation,CpG_R0557,original,age,-0.00025208739389322794
methylation,CpG_R0557,original,sexM,-0.00948106178425789
methylation,CpG_R0557,original,siteB,0.004274420268065741
methylation,CpG_R0557,original,siteC,0.005353860172337044
methylation,CpG_R0558,original,(Intercept),0.11714141063727584
methylation,CpG_R0558,original,age,0.00036180859452359727
methylation,CpG_R0558,original,sexM,1.9360340391777872e-05
methylation,CpG_R0558,original,siteB,0.024587984437017516
methylation,CpG_R0558,original,siteC,0.012438240344573116
methylation,CpG_R0559,original,(Intercept),0.623488546076163
methylation,CpG_R0559,original,age,7.421978055773752e-05
methylation,CpG_R0559,original,sexM,-0.011957621753922896
methylation,CpG_R0559,original,siteB,0.002508292403041791
methylation,CpG_R0559,original,siteC,0.00860452405323246
methylation,CpG_R0560,original,(Intercept),0.07043768889995426
methylation,CpG_R0560,original,age,0.0006097411185755653
methylation,CpG_R0560,original,sexM,-0.009521807787373047
methylation,CpG_R0560,original,siteB,-0.017176674941981013
methylation,CpG_R0560,original,siteC,-0.005371492095988755
methylation,CpG_R0561,original,(Intercept),0.20710924106670411
methylation,CpG_R0561,original,age,0.00023985261404039251
methylation,CpG_R0561,original,sexM,0.009784037235630068
methylation,CpG_R0561,original,siteB,0.009101234451843899
methylation,CpG_R0561,original,siteC,-0.007393700366140984
methylation,CpG_R0562,original,(Intercept),0.0817211407645855
methylation,CpG_R0562,original,age,-0.0005311707198438303
methylation,CpG_R0562,original,sexM,0.005155101679576035
methylation,CpG_R0562,original,siteB,-0.0007379854077323775
methylation,CpG_R0562,original,siteC,-0.0014884260901784252
methylation,CpG_R0563,original,(Intercept),0.4032534500077038
methylation,CpG_R0563,original,age,0.0002678414812385576
methylation,CpG_R0563,original,sexM,-0.00042726405961362145
methylation,CpG_R0563,original,siteB,0.012288330633072483
methylation,CpG_R0563,original,siteC,0.0005840551666621978
methylation,CpG_R0564,original,(Intercept),0.3115675129569333
methylation,CpG_R0564,original,age,0.0003796003800779957
methylation,CpG_R0564,original,sexM,-0.010080828420152432
methylation,CpG_R0564,original,siteB,0.007482890600976916
methylation,CpG_R0564,original,siteC,0.01511171026078685
methylation,CpG_R0565,original,(Intercept),0.11218680137141834
methylation,CpG_R0565,original,age,7.914027435401023e-06
methylation,CpG_R0565,original,sexM,0.003472674927088727
methylation,CpG_R0565,original,siteB,0.010407669646002643
methylation,CpG_R0565,original,siteC,0.010007858602064558
methylation,CpG_R0566,original,(Intercept),0.3515656567502266
methylation,CpG_R0566,original,age,-0.000650275612261751
methylation,CpG_R0566,original,sexM,0.0012152993451441682
methylation,CpG_R0566,original,siteB,0.005281212767327719
methylation,CpG_R0566,original,siteC,0.003732399930280709
methylation,CpG_R0567,original,(Intercept),0.17063456147004225
methylation,CpG_R0567,original,age,-0.0006503494811340416
methylation,CpG_R0567,original,sexM,0.01545327944470761
methylation,CpG_R0567,original,siteB,0.003590117055395923
methylation,CpG_R0567,original,siteC,0.019102445882380747
methylation,CpG_R0568,original,(Intercept),0.08005519742021212
methylation,CpG_R0568,original,age,0.0003173968696689309
methylation,CpG_R0568,original,sexM,-0.0050982630796067244
methylation,CpG_R0568,original,siteB,-0.009418654351498362
methylation,CpG_R0568,original,siteC,-0.009789350427338278
methylation,CpG_R0569,original,(Intercept),0.24945151695097956
methylation,CpG_R0569,original,age,-0.0008146577700055026
methylation,CpG_R0569,original,sexM,0.002189080208458445
methylation,CpG_R0569,original,siteB,0.006425769638286015
methylation,CpG_R0569,original,siteC,0.0007569519309401585
methylation,CpG_R0570,original,(Intercept),0.0998952962618937
methylation,CpG_R0570,original,age,-0.00041198102163736184
methylation,CpG_R0570,original,sexM,0.0051191495245012705
methylation,CpG_R0570,original,siteB,-0.02203842669556615
methylation,CpG_R0570,original,siteC,-0.01587714153244405
methylation,CpG_R0571,original,(Intercept),0.07564375419863699
methylation,CpG_R0571,original,age,0.0002001401655232654
methylation,CpG_R0571,original,sexM,-0.008054050075547875
methylation,CpG_R0571,original,siteB,-0.017808448837577255
methylation,CpG_R0571,original,siteC,-0.008878402496026285
methylation,CpG_R0572,original,(Intercept),0.06165476792857739
methylation,CpG_R0572,original,age,0.0005925777279515524
methylation,CpG_R0572,original,sexM,-0.009603099888796157
methylation,CpG_R0572,original,siteB,0.014122173616223609
methylation,CpG_R0572,original,siteC,0.007313645811120965
methylation,CpG_R0573,original,(Intercept),0.3798296653763934
methylation,CpG_R0573,original,age,0.0006989948897912499
methylation,CpG_R0573,original,sexM,0.00495905624674853
methylation,CpG_R0573,original,siteB,-0.01885311106663373
methylation,CpG_R0573,original,siteC,-0.0087676753282092
methylation,CpG_R0574,original,(Intercept),0.36382021328911757
methylation,CpG_R0574,original,age,0.0006491894707077903
methylation,CpG_R0574,original,sexM,0.00830134219051916
methylation,CpG_R0574,original,siteB,0.01565720809944789
methylation,CpG_R0574,original,siteC,0.006635485085256484
methylation,CpG_R0575,original,(Intercept),0.31126654580324004
methylation,CpG_R0575,original,age,4.360435810314328e-05
methylation,CpG_R0575,original,sexM,0.0005249402240256715
methylation,CpG_R0575,original,siteB,0.009409245983138213
methylation,CpG_R0575,original,siteC,0.020097580204412185
methylation,CpG_R0576,original,(Intercept),0.124229896424142
methylation,CpG_R0576,original,age,0.0003925577130766755
methylation,CpG_R0576,original,sexM,-0.0031848738397426365
methylation,CpG_R0576,original,siteB,-0.023692897625688276
methylation,CpG_R0576,original,siteC,-0.017775645745526085
methylation,CpG_R0577,original,(Intercept),0.047344308112310836
methylation,CpG_R0577,original,age,-0.0004203433247271422
methylation,CpG_R0577,original,sexM,0.007682282312611613
methylation,CpG_R0577,original,siteB,0.009270777829377772
methylation,CpG_R0577,original,siteC,0.004225191976376992
methylation,CpG_R0578,original,(Intercept),0.04833253741602888
methylation,CpG_R0578,original,age,-5.3896937954905314e-05
methylation,CpG_R0578,original,sexM,0.0006399872955092824
methylation,CpG_R0578,original,siteB,-0.005476391319874508
methylation,CpG_R0578,original,siteC,-0.002536041977691179
methylation,CpG_R0579,original,(Intercept),0.0748530380299115
methylation,CpG_R0579,original,age,0.0002582475201503179
methylation,CpG_R0579,original,sexM,-0.008260390140874447
methylation,CpG_R0579,original,siteB,0.0008131957517561065
methylation,CpG_R0579,original,siteC,0.0036066930145029923
methylation,CpG_R0580,original,(Intercept),0.38642633387536063
methylation,CpG_R0580,original,age,-0.00036096820912519267
methylation,CpG_R0580,original,sexM,0.004366235906684918
methylation,CpG_R0580,original,siteB,-0.020783989929377092
methylation,CpG_R0580,original,siteC,-0.017572418712512847
methylation,CpG_R0581,original,(Intercept),0.2544824572134606
methylation,CpG_R0581,original,age,-0.00019874053336648185
methylation,CpG_R0581,original,sexM,0.003871611039047888
methylation,CpG_R0581,original,siteB,-0.0029082040349196242
methylation,CpG_R0581,original,siteC,0.0007922268532844966
methylation,CpG_R0582,original,(Intercept),0.04294907496697918
methylation,CpG_R0582,original,age,0.00018117294320361586
methylation,CpG_R0582,original,sexM,-0.00391862962962372
methylation,CpG_R0582,original,siteB,0.009132360354755207
methylation,CpG_R0582,original,siteC,0.008883012483408314
methylation,CpG_R0583,original,(Intercept),0.08079540141159108
methylation,CpG_R0583,original,age,0.00027113913300847397
methylation,CpG_R0583,original,sexM,0.0003885461188294442
methylation,CpG_R0583,original,siteB,0.0023974011425280553
methylation,CpG_R0583,original,siteC,0.0025439940879256047
methylation,CpG_R0584,original,(Intercept),0.127255903034966
methylation,CpG_R0584,original,age,-0.00020801631794981662
methylation,CpG_R0584,original,sexM,-5.3530108709863686e-05
methylation,CpG_R0584,original,siteB,0.008819199749391894
methylation,CpG_R0584,original,siteC,0.004185637485721897
methylation,CpG_R0585,original,(Intercept),0.25863479570427833
methylation,CpG_R0585,original,age,0.0009024831124962835
methylation,CpG_R0585,original,sexM,-0.006164730422200059
methylation,CpG_R0585,original,siteB,0.0028176442580471056
methylation,CpG_R0585,original,siteC,0.00803767731138082
methylation,CpG_R0586,original,(Intercept),0.09660056058860333
methylation,CpG_R0586,original,age,-3.328498967833955e-06
methylation,CpG_R0586,original,sexM,0.002946283738430808
methylation,CpG_R0586,original,siteB,0.000283137116340951
methylation,CpG_R0586,original,siteC,0.006471926978529456
methylation,CpG_R0587,original,(Intercept),0.24887504565416219
methylation,CpG_R0587,original,age,7.260810516919489e-05
methylation,CpG_R0587,original,sexM,0.006415472610668559
methylation,CpG_R0587,original,siteB,-0.03207726044703961
methylation,CpG_R0587,original,siteC,-0.035039205960571716
methylation,CpG_R0588,original,(Intercept),0.47050236104984827
methylation,CpG_R0588,original,age,0.00030895763909074235
methylation,CpG_R0588,original,sexM,0.007465394395175311
methylation,CpG_R0588,original,siteB,-0.006501852430952929
methylation,CpG_R0588,original,siteC,-0.00017260390466135382
methylation,CpG_R0589,original,(Intercept),0.10309626418513217
methylation,CpG_R0589,original,age,-0.00030704867050594523
methylation,CpG_R0589,original,sexM,-0.007603109926645405
methylation,CpG_R0589,original,siteB,0.008768124738963582
methylation,CpG_R0589,original,siteC,0.011232003187048797
methylation,CpG_R0590,original,(Intercept),0.05414494934531281
methylation,CpG_R0590,original,age,-3.393893534763599e-05
methylation,CpG_R0590,original,sexM,-0.004220209253761735
methylation,CpG_R0590,original,siteB,0.016027267328905224
methylation,CpG_R0590,original,siteC,0.020037256244624015
methylation,CpG_R0591,original,(Intercept),0.001956852346263896
methylation,CpG_R0591,original,age,0.0012364903352496792
methylation,CpG_R0591,original,sexM,-0.0004366109052204481
methylation,CpG_R0591,original,siteB,0.006400220113686074
methylation,CpG_R0591,original,siteC,0.019986504792282908
methylation,CpG_R0592,original,(Intercept),0.17152036410591462
methylation,CpG_R0592,original,age,0.0003654967918903654
methylation,CpG_R0592,original,sexM,0.0018069884127130812
methylation,CpG_R0592,original,siteB,0.009525185096385622
methylation,CpG_R0592,original,siteC,-0.011919820949501845
methylation,CpG_R0593,original,(Intercept),0.24228337593792962
methylation,CpG_R0593,original,age,-0.00017079868993130564
methylation,CpG_R0593,original,sexM,0.002192500099666411
methylation,CpG_R0593,original,siteB,0.004010229787345809
methylation,CpG_R0593,original,siteC,0.003311460405433523
methylation,CpG_R0594,original,(Intercept),0.047499337849053226
methylation,CpG_R0594,original,age,0.0004991903814428008
methylation,CpG_R0594,original,sexM,0.0028735377133467664
methylation,CpG_R0594,original,siteB,0.014492067316060855
methylation,CpG_R0594,original,siteC,-0.0020855471047305776
methylation,CpG_R0595,original,(Intercept),0.13959113861034286
methylation,CpG_R0595,original,age,-9.211266927591339e-05
methylation,CpG_R0595,original,sexM,-6.025669252703086e-05
methylation,CpG_R0595,original,siteB,-0.04023153942518154
methylation,CpG_R0595,original,siteC,-0.04485980768503959
methylation,CpG_R0596,original,(Intercept),0.19374870903812735
methylation,CpG_R0596,original,age,0.0005723138430132118
methylation,CpG_R0596,original,sexM,0.004938759647878872
methylation,CpG_R0596,original,siteB,-0.010836248022099171
methylation,CpG_R0596,original,siteC,-0.015414266223172358
methylation,CpG_R0597,original,(Intercept),0.08927045378038267
methylation,CpG_R0597,original,age,-0.00011732174558014875
methylation,CpG_R0597,original,sexM,-0.008588443092888377
methylation,CpG_R0597,original,siteB,0.00583793357747524
methylation,CpG_R0597,original,siteC,-0.0011923370294024595
methylation,CpG_R0598,original,(Intercept),0.15349461102396908
methylation,CpG_R0598,original,age,-1.0046720041965607e-05
methylation,CpG_R0598,original,sexM,-0.01596452409289573
methylation,CpG_R0598,original,siteB,0.002588361323530074
methylation,CpG_R0598,original,siteC,0.014884102024904916
methylation,CpG_R0599,original,(Intercept),0.18613794717709642
methylation,CpG_R0599,original,age,0.0004347591662441389
methylation,CpG_R0599,original,sexM,0.013170494299527364
methylation,CpG_R0599,original,siteB,0.013416249943863695
methylation,CpG_R0599,original,siteC,0.006968421779886033
methylation,CpG_R0600,original,(Intercept),0.1684523537763799
methylation,CpG_R0600,original,age,2.103970857791133e-05
methylation,CpG_R0600,original,sexM,-0.005653056541474737
methylation,CpG_R0600,original,siteB,0.018757838065472484
methylation,CpG_R0600,original,siteC,0.012351455738367571
methylation,CpG_R0601,original,(Intercept),0.36375725041761187
methylation,CpG_R0601,original,age,-0.0001947636195296884
methylation,CpG_R0601,original,sexM,-0.0008834422857425274
methylation,CpG_R0601,original,siteB,-0.010666104432681211
methylation,CpG_R0601,original,siteC,-0.010100950549895573
methylation,CpG_R0602,original,(Intercept),0.3042520232309239
methylation,CpG_R0602,original,age,0.00024470851424673276
methylation,CpG_R0602,original,sexM,0.0015079292260237647
methylation,CpG_R0602,original,siteB,0.008546800270318436
methylation,CpG_R0602,original,siteC,0.014794254217526701
methylation,CpG_R0603,original,(Intercept),0.246786650158841
methylation,CpG_R0603,original,age,-0.00047266061217646394
methylation,CpG_R0603,original,sexM,-0.003792729474823421
methylation,CpG_R0603,original,siteB,-0.00701673382309615
methylation,CpG_R0603,original,siteC,0.01208784422839312
methylation,CpG_R0604,original,(Intercept),0.15812365210650445
methylation,CpG_R0604,original,age,0.0007000475309059653
methylation,CpG_R0604,original,sexM,-0.01515513285410933
methylation,CpG_R0604,original,siteB,0.016812686413457262
methylation,CpG_R0604,original,siteC,0.011264829374161971
methylation,CpG_R0605,original,(Intercept),0.35600857549424303
methylation,CpG_R0605,original,age,0.00019446522576035776
methylation,CpG_R0605,original,sexM,-0.006844756589285348
methylation,CpG_R0605,original,siteB,0.019621459261831255
methylation,CpG_R0605,original,siteC,0.006660381179806462
methylation,CpG_R0606,original,(Intercept),0.33299227456402863
methylation,CpG_R0606,original,age,-0.0006083719851218387
methylation,CpG_R0606,original,sexM,-0.010964251892698493
methylation,CpG_R0606,original,siteB,-0.004076509692052467
methylation,CpG_R0606,original,siteC,0.005880209516548197
methylation,CpG_R0607,original,(Intercept),0.06169589260059163
methylation,CpG_R0607,original,age,-0.00023746147802270506
methylation,CpG_R0607,original,sexM,0.004069375290748826
methylation,CpG_R0607,original,siteB,-8.455852160102141e-05
methylation,CpG_R0607,original,siteC,0.010653773726987401
methylation,CpG_R0608,original,(Intercept),0.21394173600963995
methylation,CpG_R0608,original,age,0.0003203068997530169
methylation,CpG_R0608,original,sexM,-0.002119049381127475
methylation,CpG_R0608,original,siteB,-0.01683284900934917
methylation,CpG_R0608,original,siteC,-0.007399719589230882
methylation,CpG_R0609,original,(Intercept),0.17315302689389525
methylation,CpG_R0609,original,age,-1.1322182030472323e-05
methylation,CpG_R0609,original,sexM,-0.0011346738371705554
methylation,CpG_R0609,original,siteB,-0.024451769727052652
methylation,CpG_R0609,original,siteC,-0.03444930486611975
methylation,CpG_R0610,original,(Intercept),0.16696351636973655
methylation,CpG_R0610,original,age,0.0005024364931028588
methylation,CpG_R0610,original,sexM,-0.008602718992419054
methylation,CpG_R0610,original,siteB,-0.02062501507226172
methylation,CpG_R0610,original,siteC,-0.03239162228857973
methylation,CpG_R0611,original,(Intercept),0.3263534531366331
methylation,CpG_R0611,original,age,-7.254938933290809e-05
methylation,CpG_R0611,original,sexM,-0.002822136167516562
methylation,CpG_R0611,original,siteB,0.005787448728490978
methylation,CpG_R0611,original,siteC,0.010127218371527122
methylation,CpG_R0612,original,(Intercept),0.18888945724362108
methylation,CpG_R0612,original,age,0.00027263497203836593
methylation,CpG_R0612,original,sexM,-0.01184367158434994
methylation,CpG_R0612,original,siteB,0.00015718220257638618
methylation,CpG_R0612,original,siteC,0.009808175302101515
methylation,CpG_R0613,original,(Intercept),0.23315719826117165
methylation,CpG_R0613,original,age,0.00034843955467095086
methylation,CpG_R0613,original,sexM,0.0002321966420619421
methylation,CpG_R0613,original,siteB,-0.01336038175830838
methylation,CpG_R0613,original,siteC,-0.018904509756700452
methylation,CpG_R0614,original,(Intercept),0.20465031595367358
methylation,CpG_R0614,original,age,-0.00033946804993551996
methylation,CpG_R0614,original,sexM,0.0017175641600335942
methylation,CpG_R0614,original,siteB,-0.010790184873849015
methylation,CpG_R0614,original,siteC,-0.007400122610907335
methylation,CpG_R0615,original,(Intercept),0.09465868151257784
methylation,CpG_R0615,original,age,-0.00015246630041023052
methylation,CpG_R0615,original,sexM,-0.002728287283072702
methylation,CpG_R0615,original,siteB,0.018745035396431672
methylation,CpG_R0615,original,siteC,0.01595464093334397
methylation,CpG_R0616,original,(Intercept),0.1565222094214779
methylation,CpG_R0616,original,age,0.0006224295968682104
methylation,CpG_R0616,original,sexM,-0.008789386133776094
methylation,CpG_R0616,original,siteB,0.0025505047626430103
methylation,CpG_R0616,original,siteC,0.005475281159860553
methylation,CpG_R0617,original,(Intercept),0.39687639632145444
methylation,CpG_R0617,original,age,-3.198970441944413e-05
methylation,CpG_R0617,original,sexM,-0.0008355673307801876
methylation,CpG_R0617,original,siteB,-0.007670423544089723
methylation,CpG_R0617,original,siteC,-0.010680387870113182
methylation,CpG_R0618,original,(Intercept),0.2759322476761032
methylation,CpG_R0618,original,age,-0.0003341790790005006
methylation,CpG_R0618,original,sexM,-0.008833370725264009
methylation,CpG_R0618,original,siteB,-0.030600781565484
methylation,CpG_R0618,original,siteC,-0.01794639549307888
methylation,CpG_R0619,original,(Intercept),0.18025167975858558
methylation,CpG_R0619,original,age,-0.00036110432400711937
methylation,CpG_R0619,original,sexM,-0.0024945223697787405
methylation,CpG_R0619,original,siteB,0.0020505341551862472
methylation,CpG_R0619,original,siteC,0.007048835355431289
methylation,CpG_R0620,original,(Intercept),0.036101638477738396
methylation,CpG_R0620,original,age,0.0003767731852556155
methylation,CpG_R0620,original,sexM,-0.01250317533107739
methylation,CpG_R0620,original,siteB,-0.006566559694995068
methylation,CpG_R0620,original,siteC,-0.0044889828521349024
methylation,CpG_R0621,original,(Intercept),0.3808175330465527
methylation,CpG_R0621,original,age,0.000682130533936116
methylation,CpG_R0621,original,sexM,-0.0012209733342565634
methylation,CpG_R0621,original,siteB,-0.013167169346322262
methylation,CpG_R0621,original,siteC,-0.017333122535299374
methylation,CpG_R0622,original,(Intercept),0.09784571571395019
methylation,CpG_R0622,original,age,-0.0001714814362175534
methylation,CpG_R0622,original,sexM,-0.003601869515247571
methylation,CpG_R0622,original,siteB,-0.004461625293865129
methylation,CpG_R0622,original,siteC,-0.00517573904581223
methylation,CpG_R0623,original,(Intercept),0.14873860241587006
methylation,CpG_R0623,original,age,-0.00038790047399813967
methylation,CpG_R0623,original,sexM,-0.004358118621326247
methylation,CpG_R0623,original,siteB,-0.017676086288681492
methylation,CpG_R0623,original,siteC,0.0006233373783731592
methylation,CpG_R0624,original,(Intercept),0.3569116336027138
methylation,CpG_R0624,original,age,-7.708980649556183e-05
methylation,CpG_R0624,original,sexM,0.007068165256043485
methylation,CpG_R0624,original,siteB,0.0018172574439858375
methylation,CpG_R0624,original,siteC,0.010560461709842508
methylation,CpG_R0625,original,(Intercept),0.06182791371151084
methylation,CpG_R0625,original,age,0.000263502065168521
methylation,CpG_R0625,original,sexM,-0.004718342581378977
methylation,CpG_R0625,original,siteB,0.01149268953402329
methylation,CpG_R0625,original,siteC,0.01290518846515637
methylation,CpG_R0626,original,(Intercept),0.3143331199993175
methylation,CpG_R0626,original,age,0.0003170711763291126
methylation,CpG_R0626,original,sexM,-0.005186213599162093
methylation,CpG_R0626,original,siteB,-0.010117761541349801
methylation,CpG_R0626,original,siteC,-0.0011185456501948618
methylation,CpG_R0627,original,(Intercept),0.0701923952842321
methylation,CpG_R0627,original,age,-3.797493457807554e-05
methylation,CpG_R0627,original,sexM,0.003427515864806205
methylation,CpG_R0627,original,siteB,0.008925434689160862
methylation,CpG_R0627,original,siteC,-0.0004009321255953191
methylation,CpG_R0628,original,(Intercept),0.3467613727889137
methylation,CpG_R0628,original,age,0.00019347105452248556
methylation,CpG_R0628,original,sexM,-0.0028716307117176904
methylation,CpG_R0628,original,siteB,-0.016444097778097508
methylation,CpG_R0628,original,siteC,0.0002224137569099014
methylation,CpG_R0629,original,(Intercept),0.24201366391521623
methylation,CpG_R0629,original,age,-0.0005118786607829431
methylation,CpG_R0629,original,sexM,0.012499640377941336
methylation,CpG_R0629,original,siteB,-0.06109611032262563
methylation,CpG_R0629,original,siteC,-0.04668723765212164
methylation,CpG_R0630,original,(Intercept),0.04868392918753399
methylation,CpG_R0630,original,age,0.0002582827025279853
methylation,CpG_R0630,original,sexM,0.005791960526521266
methylation,CpG_R0630,original,siteB,0.0023198540507250553
methylation,CpG_R0630,original,siteC,0.01155790714712217
methylation,CpG_R0631,original,(Intercept),0.608345889179753
methylation,CpG_R0631,original,age,-0.0009027365347771494
methylation,CpG_R0631,original,sexM,-0.013716497920684644
methylation,CpG_R0631,original,siteB,-0.026851781986457057
methylation,CpG_R0631,original,siteC,-0.034945144819319846
methylation,CpG_R0632,original,(Intercept),0.034798781860399475
methylation,CpG_R0632,original,age,0.00032188353311208683
methylation,CpG_R0632,original,sexM,-0.014223969642332529
methylation,CpG_R0632,original,siteB,0.02703184043172948
methylation,CpG_R0632,original,siteC,0.016998227209726394
methylation,CpG_R0633,original,(Intercept),0.12390678902436791
methylation,CpG_R0633,original,age,0.00023984151128691983
methylation,CpG_R0633,original,sexM,0.0015221542241134662
methylation,CpG_R0633,original,siteB,-0.00428921198425767
methylation,CpG_R0633,original,siteC,-0.008374344832748607
methylation,CpG_R0634,original,(Intercept),0.39689027255627196
methylation,CpG_R0634,original,age,0.00036020468339233787
methylation,CpG_R0634,original,sexM,-0.014193692906248355
methylation,CpG_R0634,original,siteB,-0.011075694377818688
methylation,CpG_R0634,original,siteC,-0.004787245702819516
methylation,CpG_R0635,original,(Intercept),0.048228264366920674
methylation,CpG_R0635,original,age,0.00022001867111876597
methylation,CpG_R0635,original,sexM,-0.009488384656170329
methylation,CpG_R0635,original,siteB,0.006212202895094261
methylation,CpG_R0635,original,siteC,0.007940919672989535
methylation,CpG_R0636,original,(Intercept),0.2226501520965984
methylation,CpG_R0636,original,age,-4.547921542133728e-06
methylation,CpG_R0636,original,sexM,-0.005571359333449046
methylation,CpG_R0636,original,siteB,-0.013692568470826148
methylation,CpG_R0636,original,siteC,-0.0260075326133934
methylation,CpG_R0637,original,(Intercept),0.3243787234988166
methylation,CpG_R0637,original,age,-0.0003741044001909398
methylation,CpG_R0637,original,sexM,-0.001787615179064711
methylation,CpG_R0637,original,siteB,-0.02966749086591531
methylation,CpG_R0637,original,siteC,-0.02082815259860271
methylation,CpG_R0638,original,(Intercept),0.20382722195158706
methylation,CpG_R0638,original,age,0.000364092952739484
methylation,CpG_R0638,original,sexM,-0.003281169112498362
methylation,CpG_R0638,original,siteB,-0.0018585079835462231
methylation,CpG_R0638,original,siteC,-0.006509480853668416
methylation,CpG_R0639,original,(Intercept),0.2565641951910752
methylation,CpG_R0639,original,age,-0.0002013113116524495
methylation,CpG_R0639,original,sexM,-0.015432177952490508
methylation,CpG_R0639,original,siteB,0.009737979164936041
methylation,CpG_R0639,original,siteC,0.009188682468565908
methylation,CpG_R0640,original,(Intercept),0.2762620786196173
methylation,CpG_R0640,original,age,0.00040968205538367873
methylation,CpG_R0640,original,sexM,0.00486647626790274
methylation,CpG_R0640,original,siteB,0.0039384168600024305
methylation,CpG_R0640,original,siteC,-0.006332277887745905
methylation,CpG_R0641,original,(Intercept),0.0965412653086744
methylation,CpG_R0641,original,age,-0.0006785010235385633
methylation,CpG_R0641,original,sexM,-0.009850225093203926
methylation,CpG_R0641,original,siteB,0.0020073549850209
methylation,CpG_R0641,original,siteC,0.012862491148892494
methylation,CpG_R0642,original,(Intercept),0.09168583596510081
methylation,CpG_R0642,original,age,9.837251417982838e-05
methylation,CpG_R0642,original,sexM,0.005285099562588237
methylation,CpG_R0642,original,siteB,0.005991542631736797
methylation,CpG_R0642,original,siteC,0.007505078398477793
methylation,CpG_R0643,original,(Intercept),0.18642843834948772
methylation,CpG_R0643,original,age,0.0004748004454502162
methylation,CpG_R0643,original,sexM,0.004638002193065185
methylation,CpG_R0643,original,siteB,0.009964206004987328
methylation,CpG_R0643,original,siteC,0.017974193237919673
methylation,CpG_R0644,original,(Intercept),0.11045887277853818
methylation,CpG_R0644,original,age,0.00046505561492647603
methylation,CpG_R0644,original,sexM,0.004048419668629767
methylation,CpG_R0644,original,siteB,-0.043202002574605915
methylation,CpG_R0644,original,siteC,-0.040281975341035024
methylation,CpG_R0645,original,(Intercept),0.1432513773305542
methylation,CpG_R0645,original,age,7.744639132356776e-06
methylation,CpG_R0645,original,sexM,0.007076964476730397
methylation,CpG_R0645,original,siteB,0.020716391786364793
methylation,CpG_R0645,original,siteC,-0.003814743566948251
methylation,CpG_R0646,original,(Intercept),0.31189306256894805
methylation,CpG_R0646,original,age,0.0005202783969596531
methylation,CpG_R0646,original,sexM,-0.01039339100734657
methylation,CpG_R0646,original,siteB,-0.00727503598512564
methylation,CpG_R0646,original,siteC,0.004009328339837947
methylation,CpG_R0647,original,(Intercept),0.15151059154772106
methylation,CpG_R0647,original,age,0.0002648171253935022
methylation,CpG_R0647,original,sexM,0.006514518538965646
methylation,CpG_R0647,original,siteB,-0.005369512217172241
methylation,CpG_R0647,original,siteC,-0.010605053760378007
methylation,CpG_R0648,original,(Intercept),0.1048220283722407
methylation,CpG_R0648,original,age,-0.00010787747040376426
methylation,CpG_R0648,original,sexM,0.007194437969535445
methylation,CpG_R0648,original,siteB,-0.01533491699518878
methylation,CpG_R0648,original,siteC,-0.006971086919845962
methylation,CpG_R0649,original,(Intercept),0.3017316585107973
methylation,CpG_R0649,original,age,-5.520547742412787e-05
methylation,CpG_R0649,original,sexM,0.0062858990968037995
methylation,CpG_R0649,original,siteB,-0.016529803101368645
methylation,CpG_R0649,original,siteC,-0.01783405822666596
methylation,CpG_R0650,original,(Intercept),0.5424590937826268
methylation,CpG_R0650,original,age,-0.0003400999191291402
methylation,CpG_R0650,original,sexM,-0.0029017500862317963
methylation,CpG_R0650,original,siteB,-0.01892478554149842
methylation,CpG_R0650,original,siteC,-0.01894381149259511
methylation,CpG_R0651,original,(Intercept),0.14502954366581006
methylation,CpG_R0651,original,age,0.00010181513502449615
methylation,CpG_R0651,original,sexM,-0.00455729326850597
methylation,CpG_R0651,original,siteB,0.0037643935672232597
methylation,CpG_R0651,original,siteC,0.00555918841578397
methylation,CpG_R0652,original,(Intercept),0.3752115108798888
methylation,CpG_R0652,original,age,-0.0003656061245647448
methylation,CpG_R0652,original,sexM,0.0030625479679771495
methylation,CpG_R0652,original,siteB,0.0006565491441883796
methylation,CpG_R0652,original,siteC,-0.001995637079432041
methylation,CpG_R0653,original,(Intercept),0.13312763090609236
methylation,CpG_R0653,original,age,0.00187815998683261
methylation,CpG_R0653,original,sexM,-0.01526706130481575
methylation,CpG_R0653,original,siteB,0.006102545738041107
methylation,CpG_R0653,original,siteC,0.001828185461726045
methylation,CpG_R0654,original,(Intercept),0.25448819342385776
methylation,CpG_R0654,original,age,0.00028402560737966325
methylation,CpG_R0654,original,sexM,0.0012871547457181122
methylation,CpG_R0654,original,siteB,0.015257307840951032
methylation,CpG_R0654,original,siteC,0.0021668136773381
methylation,CpG_R0655,original,(Intercept),0.16602937781330568
methylation,CpG_R0655,original,age,-0.0006749179555006802
methylation,CpG_R0655,original,sexM,-0.0026599895690603646
methylation,CpG_R0655,original,siteB,0.002479318751488403
methylation,CpG_R0655,original,siteC,-0.004694751226392726
methylation,CpG_R0656,original,(Intercept),0.09870169450273476
methylation,CpG_R0656,original,age,-0.00016814120675931853
methylation,CpG_R0656,original,sexM,0.0021127812378809096
methylation,CpG_R0656,original,siteB,0.005701196425708619
methylation,CpG_R0656,original,siteC,0.004134176917830365
methylation,CpG_R0657,original,(Intercept),0.0954423938350076
methylation,CpG_R0657,original,age,-8.224574514581716e-05
methylation,CpG_R0657,original,sexM,0.01430144546535354
methylation,CpG_R0657,original,siteB,0.009481046328664505
methylation,CpG_R0657,original,siteC,0.009252997355414877
methylation,CpG_R0658,original,(Intercept),0.12565959822096656
methylation,CpG_R0658,original,age,-0.0004915836772091852
methylation,CpG_R0658,original,sexM,-0.00203841878775243
methylation,CpG_R0658,original,siteB,-0.008468332468291066
methylation,CpG_R0658,original,siteC,0.010125362920780772
methylation,CpG_R0659,original,(Intercept),0.11971949340893212
methylation,CpG_R0659,original,age,0.00014387533809647726
methylation,CpG_R0659,original,sexM,0.008246671945199242
methylation,CpG_R0659,original,siteB,-0.0021987046104939923
methylation,CpG_R0659,original,siteC,0.006868750011514926
methylation,CpG_R0660,original,(Intercept),0.4056224062054644
methylation,CpG_R0660,original,age,-4.219586670231194e-05
methylation,CpG_R0660,original,sexM,-0.006470569758278407
methylation,CpG_R0660,original,siteB,-0.00034248043473072666
methylation,CpG_R0660,original,siteC,-0.00019097443689305706
methylation,CpG_R0661,original,(Intercept),0.24603831914555932
methylation,CpG_R0661,original,age,8.245625917920751e-05
methylation,CpG_R0661,original,sexM,0.0010766774831923486
methylation,CpG_R0661,original,siteB,-0.004313293824861834
methylation,CpG_R0661,original,siteC,-0.010663890645251662
methylation,CpG_R0662,original,(Intercept),0.1587311879998603
methylation,CpG_R0662,original,age,0.00032086512064022967
methylation,CpG_R0662,original,sexM,-0.007767555890617292
methylation,CpG_R0662,original,siteB,0.007027707781889354
methylation,CpG_R0662,original,siteC,-0.0008152643765852462
methylation,CpG_R0663,original,(Intercept),0.30300115309966097
methylation,CpG_R0663,original,age,0.0006336863623092288
methylation,CpG_R0663,original,sexM,0.0012002174947827692
methylation,CpG_R0663,original,siteB,-0.017714016498316068
methylation,CpG_R0663,original,siteC,-0.026103574553921143
methylation,CpG_R0664,original,(Intercept),0.33043643055549077
methylation,CpG_R0664,original,age,-0.00030737110276906623
methylation,CpG_R0664,original,sexM,-0.01032910151192126
methylation,CpG_R0664,original,siteB,0.0063887403507789505
methylation,CpG_R0664,original,siteC,0.003136427484352658
methylation,CpG_R0665,original,(Intercept),0.2304696094802058
methylation,CpG_R0665,original,age,0.00023118120312784328
methylation,CpG_R0665,original,sexM,0.013296671709076543
methylation,CpG_R0665,original,siteB,0.0009188952426454757
methylation,CpG_R0665,original,siteC,-0.010393204286418217
methylation,CpG_R0666,original,(Intercept),0.044941933258328425
methylation,CpG_R0666,original,age,-0.0003610029059794942
methylation,CpG_R0666,original,sexM,0.002914013445983783
methylation,CpG_R0666,original,siteB,0.006677355130351921
methylation,CpG_R0666,original,siteC,0.01253418181643235
methylation,CpG_R0667,original,(Intercept),0.10006499569603558
methylation,CpG_R0667,original,age,-0.00038234260462526135
methylation,CpG_R0667,original,sexM,0.0028046992114982854
methylation,CpG_R0667,original,siteB,0.007847742857664635
methylation,CpG_R0667,original,siteC,0.001181587121791683
methylation,CpG_R0668,original,(Intercept),0.06474822433262731
methylation,CpG_R0668,original,age,7.298073525049925e-05
methylation,CpG_R0668,original,sexM,0.013278105878089488
methylation,CpG_R0668,original,siteB,0.01758197488696551
methylation,CpG_R0668,original,siteC,0.00888624672754477
methylation,CpG_R0669,original,(Intercept),0.29193235940467777
methylation,CpG_R0669,original,age,-0.0005206593955198431
methylation,CpG_R0669,original,sexM,-0.001842546671861325
methylation,CpG_R0669,original,siteB,-0.0006034179050276841
methylation,CpG_R0669,original,siteC,-0.0011261873215736155
methylation,CpG_R0670,original,(Intercept),0.1356113698097266
methylation,CpG_R0670,original,age,-0.00010473997462135373
methylation,CpG_R0670,original,sexM,0.006075051639092024
methylation,CpG_R0670,original,siteB,-0.005137329591435986
methylation,CpG_R0670,original,siteC,0.0049928410972543795
methylation,CpG_R0671,original,(Intercept),0.1844669043948714
methylation,CpG_R0671,original,age,-0.00048179297462247743
methylation,CpG_R0671,original,sexM,0.005564324628513165
methylation,CpG_R0671,original,siteB,0.0038542091719528265
methylation,CpG_R0671,original,siteC,0.009856064104890936
methylation,CpG_R0672,original,(Intercept),0.19794887352420568
methylation,CpG_R0672,original,age,-0.00033987885630806336
methylation,CpG_R0672,original,sexM,-0.004465225285931705
methylation,CpG_R0672,original,siteB,0.005778337527824265
methylation,CpG_R0672,original,siteC,0.008193542711144131
methylation,CpG_R0673,original,(Intercept),0.3071689457266029
methylation,CpG_R0673,original,age,-0.00015565368405958267
methylation,CpG_R0673,original,sexM,-0.0025656765101544376
methylation,CpG_R0673,original,siteB,0.01571602566614811
methylation,CpG_R0673,original,siteC,0.007540033156012749
methylation,CpG_R0674,original,(Intercept),0.2382094255019934
methylation,CpG_R0674,original,age,-0.00016427950596150815
methylation,CpG_R0674,original,sexM,0.011303607800966882
methylation,CpG_R0674,original,siteB,-0.010237674285509526
methylation,CpG_R0674,original,siteC,-0.005419177994954893
methylation,CpG_R0675,original,(Intercept),0.1257762523867185
methylation,CpG_R0675,original,age,-0.00010599610153822926
methylation,CpG_R0675,original,sexM,-0.004725282583508168
methylation,CpG_R0675,original,siteB,-0.01805682322260086
methylation,CpG_R0675,original,siteC,-0.026005477201360493
methylation,CpG_R0676,original,(Intercept),0.19954487584319283
methylation,CpG_R0676,original,age,-0.0006855432564935413
methylation,CpG_R0676,original,sexM,0.0024160269630900066
methylation,CpG_R0676,original,siteB,0.0011643299228762958
methylation,CpG_R0676,original,siteC,0.0038389869040222594
methylation,CpG_R0677,original,(Intercept),0.2573332194724989
methylation,CpG_R0677,original,age,0.0008868077920990497
methylation,CpG_R0677,original,sexM,-0.0007346995665765361
methylation,CpG_R0677,original,siteB,0.00026307826203705447
methylation,CpG_R0677,original,siteC,0.005704118547578586
methylation,CpG_R0678,original,(Intercept),0.2485632990419159
methylation,CpG_R0678,original,age,-0.0002026250710353414
methylation,CpG_R0678,original,sexM,-0.008306141273887378
methylation,CpG_R0678,original,siteB,-0.007834210394392102
methylation,CpG_R0678,original,siteC,-0.021991448210221885
methylation,CpG_R0679,original,(Intercept),0.06898015358385934
methylation,CpG_R0679,original,age,0.00010536903955584253
methylation,CpG_R0679,original,sexM,0.015066771172252979
methylation,CpG_R0679,original,siteB,-0.00127316072305787
methylation,CpG_R0679,original,siteC,0.009013563230692022
methylation,CpG_R0680,original,(Intercept),0.4556661590733227
methylation,CpG_R0680,original,age,-1.7467811105776505e-05
methylation,CpG_R0680,original,sexM,0.006895433495053582
methylation,CpG_R0680,original,siteB,-0.008194282389165163
methylation,CpG_R0680,original,siteC,-0.016156854773589135
methylation,CpG_R0681,original,(Intercept),0.17711222975330823
methylation,CpG_R0681,original,age,-0.0004681712191782444
methylation,CpG_R0681,original,sexM,-0.005154022327414101
methylation,CpG_R0681,original,siteB,0.012859467896626784
methylation,CpG_R0681,original,siteC,0.015216903209701519
methylation,CpG_R0682,original,(Intercept),0.3382429870631303
methylation,CpG_R0682,original,age,0.000338974363897714
methylation,CpG_R0682,original,sexM,0.003790463134783085
methylation,CpG_R0682,original,siteB,0.0025680208961101508
methylation,CpG_R0682,original,siteC,0.01069577625136556
methylation,CpG_R0683,original,(Intercept),0.2896508421880724
methylation,CpG_R0683,original,age,5.339592822943822e-05
methylation,CpG_R0683,original,sexM,0.0016082497131247441
methylation,CpG_R0683,original,siteB,-0.009598597311398603
methylation,CpG_R0683,original,siteC,-0.010064863481302947
methylation,CpG_R0684,original,(Intercept),0.2304624868735149
methylation,CpG_R0684,original,age,-0.0005598239400033188
methylation,CpG_R0684,original,sexM,0.009528736115912973
methylation,CpG_R0684,original,siteB,-0.014506236079880691
methylation,CpG_R0684,original,siteC,0.007898938418976683
methylation,CpG_R0685,original,(Intercept),0.2582763429629942
methylation,CpG_R0685,original,age,7.188075482603854e-05
methylation,CpG_R0685,original,sexM,0.003718375532140058
methylation,CpG_R0685,original,siteB,-0.018071297064488574
methylation,CpG_R0685,original,siteC,-0.022342603329739776
methylation,CpG_R0686,original,(Intercept),0.2716257863772203
methylation,CpG_R0686,original,age,-0.0003383803313224468
methylation,CpG_R0686,original,sexM,0.005234866242786753
methylation,CpG_R0686,original,siteB,0.009245192898314823
methylation,CpG_R0686,original,siteC,0.004523768690919534
methylation,CpG_R0687,original,(Intercept),0.1791399313537723
methylation,CpG_R0687,original,age,-6.951757229257378e-05
methylation,CpG_R0687,original,sexM,-0.007441167165350104
methylation,CpG_R0687,original,siteB,0.001993316453080396
methylation,CpG_R0687,original,siteC,-0.0025565798101086184
methylation,CpG_R0688,original,(Intercept),0.37417788281439524
methylation,CpG_R0688,original,age,-0.0003373267813596636
methylation,CpG_R0688,original,sexM,0.005966829815589631
methylation,CpG_R0688,original,siteB,-0.016617734668363852
methylation,CpG_R0688,original,siteC,-0.0069628047739925085
methylation,CpG_R0689,original,(Intercept),0.10140117448494679
methylation,CpG_R0689,original,age,-0.0004171181293552616
methylation,CpG_R0689,original,sexM,-0.00715075813508903
methylation,CpG_R0689,original,siteB,0.017634333601505566
methylation,CpG_R0689,original,siteC,0.007520703464350942
methylation,CpG_R0690,original,(Intercept),0.32619980419552735
methylation,CpG_R0690,original,age,-0.00027545516268435565
methylation,CpG_R0690,original,sexM,-0.008044800961398695
methylation,CpG_R0690,original,siteB,-0.003826788566657221
methylation,CpG_R0690,original,siteC,-0.005730748674471525
methylation,CpG_R0691,original,(Intercept),0.17680472970822855
methylation,CpG_R0691,original,age,-0.0007288345581859247
methylation,CpG_R0691,original,sexM,0.013901207521352441
methylation,CpG_R0691,original,siteB,-0.00046653094086272805
methylation,CpG_R0691,original,siteC,0.008502059678612572
methylation,CpG_R0692,original,(Intercept),0.22893945152323006
methylation,CpG_R0692,original,age,-0.0002071936764277967
methylation,CpG_R0692,original,sexM,-0.010075669825884414
methylation,CpG_R0692,original,siteB,0.005895704756370206
methylation,CpG_R0692,original,siteC,0.009064212075943233
methylation,CpG_R0693,original,(Intercept),0.07841406187513067
methylation,CpG_R0693,original,age,-0.0002715986013793902
methylation,CpG_R0693,original,sexM,0.0024699136078162264
methylation,CpG_R0693,original,siteB,-6.119904298612438e-05
methylation,CpG_R0693,original,siteC,-0.012746765580245897
methylation,CpG_R0694,original,(Intercept),0.27485135547268036
methylation,CpG_R0694,original,age,-0.0005542518339476369
methylation,CpG_R0694,original,sexM,0.014005134310298577
methylation,CpG_R0694,original,siteB,-0.0011463291241464119
methylation,CpG_R0694,original,siteC,-0.0027291208111506417
methylation,CpG_R0695,original,(Intercept),0.12373943965474173
methylation,CpG_R0695,original,age,-0.00013824489172570997
methylation,CpG_R0695,original,sexM,-0.007332796502686316
methylation,CpG_R0695,original,siteB,-0.0097722079551528
methylation,CpG_R0695,original,siteC,-0.0019879806918865154
methylation,CpG_R0696,original,(Intercept),0.2987573374452427
methylation,CpG_R0696,original,age,0.00046188305292200647
methylation,CpG_R0696,original,sexM,0.011190668205792327
methylation,CpG_R0696,original,siteB,-0.010790071457642868
methylation,CpG_R0696,original,siteC,-0.015746661663485227
methylation,CpG_R0697,original,(Intercept),0.10821703422220458
methylation,CpG_R0697,original,age,-0.0001964070593159523
methylation,CpG_R0697,original,sexM,-0.005229280191264539
methylation,CpG_R0697,original,siteB,-0.016353992101985706
methylation,CpG_R0697,original,siteC,-0.0016174098671821284
methylation,CpG_R0698,original,(Intercept),0.3524485220604364
methylation,CpG_R0698,original,age,0.0003535711345267117
methylation,CpG_R0698,original,sexM,0.001489748728554244
methylation,CpG_R0698,original,siteB,-0.027402005626636413
methylation,CpG_R0698,original,siteC,-0.019712146717793658
methylation,CpG_R0699,original,(Intercept),0.129912554211443
methylation,CpG_R0699,original,age,-0.0001605673056965156
methylation,CpG_R0699,original,sexM,-0.0010654392277277614
methylation,CpG_R0699,original,siteB,8.036069652335974e-05
methylation,CpG_R0699,original,siteC,-0.007666854743399627
methylation,CpG_R0700,original,(Intercept),0.08659760074504178
methylation,CpG_R0700,original,age,0.00037154539280740117
methylation,CpG_R0700,original,sexM,0.0025497894711629704
methylation,CpG_R0700,original,siteB,-0.03107494920661936
methylation,CpG_R0700,original,siteC,-0.023348671823499444
methylation,CpG_R0701,original,(Intercept),0.4397241536870949
methylation,CpG_R0701,original,age,-0.00022599320234194955
methylation,CpG_R0701,original,sexM,0.008801318314429556
methylation,CpG_R0701,original,siteB,0.00385930673447166
methylation,CpG_R0701,original,siteC,0.0015737685164004063
methylation,CpG_R0702,original,(Intercept),0.13491670334374986
methylation,CpG_R0702,original,age,-0.0003248201449794479
methylation,CpG_R0702,original,sexM,-0.0006160622251815364
methylation,CpG_R0702,original,siteB,-0.013614125375624387
methylation,CpG_R0702,original,siteC,-0.013138806194848592
methylation,CpG_R0703,original,(Intercept),0.4207857802978
methylation,CpG_R0703,original,age,0.0007257850441830142
methylation,CpG_R0703,original,sexM,-0.016512577835490084
methylation,CpG_R0703,original,siteB,0.0015686143136451637
methylation,CpG_R0703,original,siteC,0.0001490244036410534
methylation,CpG_R0704,original,(Intercept),0.01866175692129361
methylation,CpG_R0704,original,age,0.00020646599437612205
methylation,CpG_R0704,original,sexM,0.003286555015537222
methylation,CpG_R0704,original,siteB,0.0032533546818622368
methylation,CpG_R0704,original,siteC,0.009794393724301945
methylation,CpG_R0705,original,(Intercept),0.07185324457665669
methylation,CpG_R0705,original,age,-0.0004084008152162435
methylation,CpG_R0705,original,sexM,0.0032622808045063875
methylation,CpG_R0705,original,siteB,-0.012701876557408507
methylation,CpG_R0705,original,siteC,-0.014859295765209255
methylation,CpG_R0706,original,(Intercept),0.14474288861208942
methylation,CpG_R0706,original,age,-0.0001952647218411888
methylation,CpG_R0706,original,sexM,0.0015918175126057434
methylation,CpG_R0706,original,siteB,0.01007016925844093
methylation,CpG_R0706,original,siteC,0.006622805410757199
methylation,CpG_R0707,original,(Intercept),0.17103635577971882
methylation,CpG_R0707,original,age,-2.9219927180862837e-05
methylation,CpG_R0707,original,sexM,-0.0009958474700986534
methylation,CpG_R0707,original,siteB,0.0005943689441199261
methylation,CpG_R0707,original,siteC,0.002657815302284964
methylation,CpG_R0708,original,(Intercept),0.5341598550824235
methylation,CpG_R0708,original,age,-0.00030810145599034327
methylation,CpG_R0708,original,sexM,-0.007647788413855189
methylation,CpG_R0708,original,siteB,-0.009850646251085185
methylation,CpG_R0708,original,siteC,-0.0005870798405023265
methylation,CpG_R0709,original,(Intercept),0.1307219901281612
methylation,CpG_R0709,original,age,-0.0006404635690016849
methylation,CpG_R0709,original,sexM,-0.002918757717988589
methylation,CpG_R0709,original,siteB,0.025388456666535497
methylation,CpG_R0709,original,siteC,0.028894365737803452
methylation,CpG_R0710,original,(Intercept),0.043898350584816614
methylation,CpG_R0710,original,age,-5.017748415861555e-05
methylation,CpG_R0710,original,sexM,-0.008360540650971433
methylation,CpG_R0710,original,siteB,-0.0007859419784187249
methylation,CpG_R0710,original,siteC,-0.0022424105468683677
methylation,CpG_R0711,original,(Intercept),0.30358009098022404
methylation,CpG_R0711,original,age,0.00012362166196933785
methylation,CpG_R0711,original,sexM,-0.0018143138820829628
methylation,CpG_R0711,original,siteB,-0.019623197380194732
methylation,CpG_R0711,original,siteC,-0.012363498199209356
methylation,CpG_R0712,original,(Intercept),0.12335871030713294
methylation,CpG_R0712,original,age,-0.0001464018468219184
methylation,CpG_R0712,original,sexM,-0.0019763057426931004
methylation,CpG_R0712,original,siteB,0.0021513992831003652
methylation,CpG_R0712,original,siteC,0.0014710518259783173
methylation,CpG_R0713,original,(Intercept),0.3213653905816256
methylation,CpG_R0713,original,age,-0.000875787747077295
methylation,CpG_R0713,original,sexM,-0.0132052335704305
methylation,CpG_R0713,original,siteB,-0.0017091287935542675
methylation,CpG_R0713,original,siteC,-0.0037608881384144604
methylation,CpG_R0714,original,(Intercept),0.23297108089226432
methylation,CpG_R0714,original,age,-0.0001179967226508102
methylation,CpG_R0714,original,sexM,0.004703543396169587
methylation,CpG_R0714,original,siteB,0.014078748547649974
methylation,CpG_R0714,original,siteC,0.012686895335483611
methylation,CpG_R0715,original,(Intercept),0.19450675750622665
methylation,CpG_R0715,original,age,0.000742268542675737
methylation,CpG_R0715,original,sexM,-0.005809061565861583
methylation,CpG_R0715,original,siteB,0.006179224485120196
methylation,CpG_R0715,original,siteC,0.007057004586681609
methylation,CpG_R0716,original,(Intercept),0.19866241447060257
methylation,CpG_R0716,original,age,-0.0007915768752258478
methylation,CpG_R0716,original,sexM,0.0012127477833181802
methylation,CpG_R0716,original,siteB,-0.00638668321071161
methylation,CpG_R0716,original,siteC,-0.009075033083073997
methylation,CpG_R0717,original,(Intercept),0.12848208921426849
methylation,CpG_R0717,original,age,4.7141894339492635e-05
methylation,CpG_R0717,original,sexM,-0.0060116338564074985
methylation,CpG_R0717,original,siteB,-0.008881066872184339
methylation,CpG_R0717,original,siteC,-0.003213863554228448
methylation,CpG_R0718,original,(Intercept),0.03751498538576382
methylation,CpG_R0718,original,age,0.0002053122667700216
methylation,CpG_R0718,original,sexM,-0.009738323051815842
methylation,CpG_R0718,original,siteB,0.010380715963741134
methylation,CpG_R0718,original,siteC,0.014704950766873259
methylation,CpG_R0719,original,(Intercept),0.31471883746576523
methylation,CpG_R0719,original,age,0.0004270998348059109
methylation,CpG_R0719,original,sexM,0.015164173337531927
methylation,CpG_R0719,original,siteB,-0.025382694464233888
methylation,CpG_R0719,original,siteC,-0.013085429129449207
methylation,CpG_R0720,original,(Intercept),0.2191447767327486
methylation,CpG_R0720,original,age,-0.00027113339724524306
methylation,CpG_R0720,original,sexM,-0.00353897690425547
methylation,CpG_R0720,original,siteB,-0.008214338094247963
methylation,CpG_R0720,original,siteC,0.007524095237794246
methylation,CpG_R0721,original,(Intercept),0.14712864219711436
methylation,CpG_R0721,original,age,-0.00016382248719758316
methylation,CpG_R0721,original,sexM,0.011488323222738395
methylation,CpG_R0721,original,siteB,-0.016822606409674968
methylation,CpG_R0721,original,siteC,-0.022658424930695985
methylation,CpG_R0722,original,(Intercept),0.055443892993043656
methylation,CpG_R0722,original,age,-0.00012643190494840683
methylation,CpG_R0722,original,sexM,-0.0025692103260309017
methylation,CpG_R0722,original,siteB,-0.005795019808094417
methylation,CpG_R0722,original,siteC,-0.011937101124427129
methylation,CpG_R0723,original,(Intercept),0.3844666991660111
methylation,CpG_R0723,original,age,-0.0004484237933986707
methylation,CpG_R0723,original,sexM,-0.0025890247472942574
methylation,CpG_R0723,original,siteB,0.004979720048770025
methylation,CpG_R0723,original,siteC,0.007976040858206784
methylation,CpG_R0724,original,(Intercept),0.28083715578647067
methylation,CpG_R0724,original,age,-0.0004839767359974986
methylation,CpG_R0724,original,sexM,-0.003590200709199153
methylation,CpG_R0724,original,siteB,-0.009013967105908731
methylation,CpG_R0724,original,siteC,0.0021082594536119647
methylation,CpG_R0725,original,(Intercept),0.18620124085077475
methylation,CpG_R0725,original,age,0.0001623710588879201
methylation,CpG_R0725,original,sexM,0.003290429473838864
methylation,CpG_R0725,original,siteB,-0.002366954984127905
methylation,CpG_R0725,original,siteC,0.0012689081932656813
methylation,CpG_R0726,original,(Intercept),0.07439048321299216
methylation,CpG_R0726,original,age,-0.0001433309382521512
methylation,CpG_R0726,original,sexM,0.0038867291466363426
methylation,CpG_R0726,original,siteB,-0.0029543407795737642
methylation,CpG_R0726,original,siteC,-0.00029019190451776063
methylation,CpG_R0727,original,(Intercept),0.06938946088639945
methylation,CpG_R0727,original,age,0.0003601319646517513
methylation,CpG_R0727,original,sexM,-0.006425011490116631
methylation,CpG_R0727,original,siteB,0.0068674583347863895
methylation,CpG_R0727,original,siteC,-0.012865168158295975
methylation,CpG_R0728,original,(Intercept),0.0824728798561264
methylation,CpG_R0728,original,age,-0.00010616237419547699
methylation,CpG_R0728,original,sexM,-0.011033229544497567
methylation,CpG_R0728,original,siteB,-0.0035815619952773914
methylation,CpG_R0728,original,siteC,-0.008394448741830486
methylation,CpG_R0729,original,(Intercept),0.023232686493939014
methylation,CpG_R0729,original,age,0.0005374276676891902
methylation,CpG_R0729,original,sexM,-0.0037578491308125563
methylation,CpG_R0729,original,siteB,0.006143406305507443
methylation,CpG_R0729,original,siteC,0.017590760592740163
methylation,CpG_R0730,original,(Intercept),0.15974893367732765
methylation,CpG_R0730,original,age,0.00016854593614690756
methylation,CpG_R0730,original,sexM,0.0042484395758332774
methylation,CpG_R0730,original,siteB,-0.014214091781085497
methylation,CpG_R0730,original,siteC,-0.023551436446231425
methylation,CpG_R0731,original,(Intercept),0.22757117580079786
methylation,CpG_R0731,original,age,0.00015219796173656825
methylation,CpG_R0731,original,sexM,-0.00759371296891451
methylation,CpG_R0731,original,siteB,0.00978887672551486
methylation,CpG_R0731,original,siteC,0.005332398469002009
methylation,CpG_R0732,original,(Intercept),0.12135170454575908
methylation,CpG_R0732,original,age,0.0002861436906212761
methylation,CpG_R0732,original,sexM,-0.013802831126894404
methylation,CpG_R0732,original,siteB,-0.010966249957975445
methylation,CpG_R0732,original,siteC,-0.005605640635026859
methylation,CpG_R0733,original,(Intercept),0.03475400651230399
methylation,CpG_R0733,original,age,0.00025564560026106203
methylation,CpG_R0733,original,sexM,0.012622045493072265
methylation,CpG_R0733,original,siteB,-0.004061003487411895
methylation,CpG_R0733,original,siteC,-0.01267873070973767
methylation,CpG_R0734,original,(Intercept),0.14872902266854854
methylation,CpG_R0734,original,age,0.00025468051708523473
methylation,CpG_R0734,original,sexM,0.008221923322039222
methylation,CpG_R0734,original,siteB,0.0035361211200611612
methylation,CpG_R0734,original,siteC,0.0033115175752963222
methylation,CpG_R0735,original,(Intercept),0.33827351395808436
methylation,CpG_R0735,original,age,-0.00029946130715220357
methylation,CpG_R0735,original,sexM,-0.0034862458910618266
methylation,CpG_R0735,original,siteB,-0.0010813312906031906
methylation,CpG_R0735,original,siteC,0.011562196318686862
methylation,CpG_R0736,original,(Intercept),0.3620588216214816
methylation,CpG_R0736,original,age,-0.0005441697010769142
methylation,CpG_R0736,original,sexM,0.013390976502015204
methylation,CpG_R0736,original,siteB,0.005766411355125018
methylation,CpG_R0736,original,siteC,0.006054561595339771
methylation,CpG_R0737,original,(Intercept),0.07982239677678205
methylation,CpG_R0737,original,age,-4.630209205093258e-05
methylation,CpG_R0737,original,sexM,0.005542047538497228
methylation,CpG_R0737,original,siteB,-0.017665558494060273
methylation,CpG_R0737,original,siteC,-0.024547946408959694
methylation,CpG_R0738,original,(Intercept),0.14340320590587524
methylation,CpG_R0738,original,age,0.00010275850323941277
methylation,CpG_R0738,original,sexM,-0.003380467174906012
methylation,CpG_R0738,original,siteB,-0.0033920335976812435
methylation,CpG_R0738,original,siteC,0.005175043372508382
methylation,CpG_R0739,original,(Intercept),0.2955850637764202
methylation,CpG_R0739,original,age,-0.00038681107413604646
methylation,CpG_R0739,original,sexM,0.002630006168308063
methylation,CpG_R0739,original,siteB,-0.027608797294066807
methylation,CpG_R0739,original,siteC,-0.016735667745753115
methylation,CpG_R0740,original,(Intercept),0.30305299652136675
methylation,CpG_R0740,original,age,-0.0009156847021788715
methylation,CpG_R0740,original,sexM,-0.001175759264161227
methylation,CpG_R0740,original,siteB,-0.005388204182419552
methylation,CpG_R0740,original,siteC,-0.011480506139922686
methylation,CpG_R0741,original,(Intercept),0.06266305662455603
methylation,CpG_R0741,original,age,-8.114946392897964e-05
methylation,CpG_R0741,original,sexM,-0.0011596267106172911
methylation,CpG_R0741,original,siteB,-0.005065112448181202
methylation,CpG_R0741,original,siteC,-0.010191969489592327
methylation,CpG_R0742,original,(Intercept),0.14297188206318423
methylation,CpG_R0742,original,age,0.0004752243069429114
methylation,CpG_R0742,original,sexM,0.002907249332881745
methylation,CpG_R0742,original,siteB,-0.015872412193241304
methylation,CpG_R0742,original,siteC,-0.013647142148765107
methylation,CpG_R0743,original,(Intercept),0.14327881258044864
methylation,CpG_R0743,original,age,-0.0004109365126898131
methylation,CpG_R0743,original,sexM,-0.005309825938300737
methylation,CpG_R0743,original,siteB,-0.00946679088482586
methylation,CpG_R0743,original,siteC,-0.00996164511102487
methylation,CpG_R0744,original,(Intercept),0.09336645104678383
methylation,CpG_R0744,original,age,-2.5228711110862303e-05
methylation,CpG_R0744,original,sexM,-0.0035102413098857224
methylation,CpG_R0744,original,siteB,-0.004017172413751378
methylation,CpG_R0744,original,siteC,-0.00974397743527737
methylation,CpG_R0745,original,(Intercept),0.26753964157197074
methylation,CpG_R0745,original,age,0.00013269858770172284
methylation,CpG_R0745,original,sexM,0.0008707455905363704
methylation,CpG_R0745,original,siteB,0.01614210785030712
methylation,CpG_R0745,original,siteC,0.012310380033283047
methylation,CpG_R0746,original,(Intercept),0.5291579916660678
methylation,CpG_R0746,original,age,-0.0004208825245637761
methylation,CpG_R0746,original,sexM,0.000645604154649013
methylation,CpG_R0746,original,siteB,-0.0032664783916242788
methylation,CpG_R0746,original,siteC,0.004761892529805765
methylation,CpG_R0747,original,(Intercept),0.10972277036773836
methylation,CpG_R0747,original,age,-0.0006088322875513574
methylation,CpG_R0747,original,sexM,0.0022317267559880736
methylation,CpG_R0747,original,siteB,0.006214339578665007
methylation,CpG_R0747,original,siteC,0.018561653683712
methylation,CpG_R0748,original,(Intercept),0.0995434505128322
methylation,CpG_R0748,original,age,-0.0006469667764495765
methylation,CpG_R0748,original,sexM,0.010269839510375087
methylation,CpG_R0748,original,siteB,-3.3139681729841153e-05
methylation,CpG_R0748,original,siteC,-0.0010425093233501568
methylation,CpG_R0749,original,(Intercept),0.1405198244684146
methylation,CpG_R0749,original,age,-0.00013339801414841937
methylation,CpG_R0749,original,sexM,0.007935827102917022
methylation,CpG_R0749,original,siteB,-0.002678649486871119
methylation,CpG_R0749,original,siteC,-0.0008251844693718597
methylation,CpG_R0750,original,(Intercept),0.21761741406938745
methylation,CpG_R0750,original,age,-0.00013547819160182503
methylation,CpG_R0750,original,sexM,-0.0023257872813650885
methylation,CpG_R0750,original,siteB,-0.017416194621826624
methylation,CpG_R0750,original,siteC,-0.01895021392209006
methylation,CpG_R0751,original,(Intercept),0.12305859694509216
methylation,CpG_R0751,original,age,-1.1315769389006658e-05
methylation,CpG_R0751,original,sexM,0.002481946270664042
methylation,CpG_R0751,original,siteB,-0.012287268565218555
methylation,CpG_R0751,original,siteC,0.0036766564339036616
methylation,CpG_R0752,original,(Intercept),0.3343969857048947
methylation,CpG_R0752,original,age,0.00024219906236838922
methylation,CpG_R0752,original,sexM,-0.004142331494846508
methylation,CpG_R0752,original,siteB,-0.00754005799761463
methylation,CpG_R0752,original,siteC,-0.0029282947848818693
methylation,CpG_R0753,original,(Intercept),0.05386162191759226
methylation,CpG_R0753,original,age,0.00020730708813130523
methylation,CpG_R0753,original,sexM,0.0028039359006103723
methylation,CpG_R0753,original,siteB,-0.0030150570880123325
methylation,CpG_R0753,original,siteC,0.00236232808117854
methylation,CpG_R0754,original,(Intercept),0.3306617915607819
methylation,CpG_R0754,original,age,-1.4410979040395029e-05
methylation,CpG_R0754,original,sexM,0.0045026883560620795
methylation,CpG_R0754,original,siteB,-0.01491174475965367
methylation,CpG_R0754,original,siteC,-0.01230210118458791
methylation,CpG_R0755,original,(Intercept),0.26262685888292453
methylation,CpG_R0755,original,age,-0.0008006267327340225
methylation,CpG_R0755,original,sexM,0.010573050110488404
methylation,CpG_R0755,original,siteB,0.017106187614730796
methylation,CpG_R0755,original,siteC,0.012806144727860883
methylation,CpG_R0756,original,(Intercept),0.11263823424469474
methylation,CpG_R0756,original,age,0.0003316016515309544
methylation,CpG_R0756,original,sexM,-0.0020468741019556147
methylation,CpG_R0756,original,siteB,-0.024578064128091447
methylation,CpG_R0756,original,siteC,-0.011641865604125421
methylation,CpG_R0757,original,(Intercept),0.14315693315499195
methylation,CpG_R0757,original,age,-0.0006662043515819852
methylation,CpG_R0757,original,sexM,-0.0016264524673236366
methylation,CpG_R0757,original,siteB,-0.009676564645372077
methylation,CpG_R0757,original,siteC,-0.008753681161418368
methylation,CpG_R0758,original,(Intercept),0.13988871663373556
methylation,CpG_R0758,original,age,0.00012914061977963256
methylation,CpG_R0758,original,sexM,-0.0053509860165737244
methylation,CpG_R0758,original,siteB,-0.01634761428343129
methylation,CpG_R0758,original,siteC,-0.010224655699919831
methylation,CpG_R0759,original,(Intercept),0.24335003916362002
methylation,CpG_R0759,original,age,-0.00023883262233312575
methylation,CpG_R0759,original,sexM,0.0013468946743945334
methylation,CpG_R0759,original,siteB,-0.0127799270447841
methylation,CpG_R0759,original,siteC,-0.02018988797229938
methylation,CpG_R0760,original,(Intercept),0.11709503997847379
methylation,CpG_R0760,original,age,-0.0009323431593503882
methylation,CpG_R0760,original,sexM,0.005827106496782168
methylation,CpG_R0760,original,siteB,-0.0033541724639642246
methylation,CpG_R0760,original,siteC,-0.004899743926967483
methylation,CpG_R0761,original,(Intercept),0.1531962044966756
methylation,CpG_R0761,original,age,4.904193780613244e-05
methylation,CpG_R0761,original,sexM,-0.004489138872320406
methylation,CpG_R0761,original,siteB,-0.007037973553042536
methylation,CpG_R0761,original,siteC,-0.004894490314427833
methylation,CpG_R0762,original,(Intercept),0.20890979997021986
methylation,CpG_R0762,original,age,0.0004008402522865443
methylation,CpG_R0762,original,sexM,-0.0060145680558840574
methylation,CpG_R0762,original,siteB,-0.00593430597766
methylation,CpG_R0762,original,siteC,-0.012255736706908237
methylation,CpG_R0763,original,(Intercept),0.5718332448387208
methylation,CpG_R0763,original,age,0.00040477920945115566
methylation,CpG_R0763,original,sexM,0.01377436136664535
methylation,CpG_R0763,original,siteB,0.0034209323938895436
methylation,CpG_R0763,original,siteC,0.000935347858185237
methylation,CpG_R0764,original,(Intercept),0.11129092272710286
methylation,CpG_R0764,original,age,0.0004824541982887676
methylation,CpG_R0764,original,sexM,0.003123460422147848
methylation,CpG_R0764,original,siteB,-0.017048577075313497
methylation,CpG_R0764,original,siteC,-0.016354088960896924
methylation,CpG_R0765,original,(Intercept),0.16633113668038765
methylation,CpG_R0765,original,age,0.0008282378965806228
methylation,CpG_R0765,original,sexM,-0.0013690333694768618
methylation,CpG_R0765,original,siteB,0.0006498747171630031
methylation,CpG_R0765,original,siteC,0.018359932951877107
methylation,CpG_R0766,original,(Intercept),0.4419300982187429
methylation,CpG_R0766,original,age,-0.0002888658515081639
methylation,CpG_R0766,original,sexM,0.011408019716831107
methylation,CpG_R0766,original,siteB,0.0011098494688163906
methylation,CpG_R0766,original,siteC,-0.007984369135123858
methylation,CpG_R0767,original,(Intercept),0.14128518385774508
methylation,CpG_R0767,original,age,0.0002051069300613606
methylation,CpG_R0767,original,sexM,0.0035451095609296216
methylation,CpG_R0767,original,siteB,0.001983838587962464
methylation,CpG_R0767,original,siteC,-0.008228594492258528
methylation,CpG_R0768,original,(Intercept),0.1803737607245188
methylation,CpG_R0768,original,age,5.83312502610729e-05
methylation,CpG_R0768,original,sexM,0.00027118544855375974
methylation,CpG_R0768,original,siteB,0.0171663637315871
methylation,CpG_R0768,original,siteC,0.0067528276366752744
methylation,CpG_R0769,original,(Intercept),0.22775890463145457
methylation,CpG_R0769,original,age,-0.00030293946396100087
methylation,CpG_R0769,original,sexM,0.0013174623327775867
methylation,CpG_R0769,original,siteB,-0.04552575966725558
methylation,CpG_R0769,original,siteC,-0.02857448662596197
methylation,CpG_R0770,original,(Intercept),0.24969336926350721
methylation,CpG_R0770,original,age,0.0025161050707035266
methylation,CpG_R0770,original,sexM,0.0038198852602733774
methylation,CpG_R0770,original,siteB,-0.0019632654591865972
methylation,CpG_R0770,original,siteC,-0.014221529352719012
methylation,CpG_R0771,original,(Intercept),0.12779215860575696
methylation,CpG_R0771,original,age,0.00018011878616040376
methylation,CpG_R0771,original,sexM,-0.0013788941586385048
methylation,CpG_R0771,original,siteB,0.01174960562610499
methylation,CpG_R0771,original,siteC,-0.00011054847837765785
methylation,CpG_R0772,original,(Intercept),0.1458972477992785
methylation,CpG_R0772,original,age,-0.0003888594174219076
methylation,CpG_R0772,original,sexM,-0.004542801873931899
methylation,CpG_R0772,original,siteB,-0.013538596825945756
methylation,CpG_R0772,original,siteC,-0.005262863000375514
methylation,CpG_R0773,original,(Intercept),0.3208582137287065
methylation,CpG_R0773,original,age,4.137065892557938e-05
methylation,CpG_R0773,original,sexM,0.003001805228101102
methylation,CpG_R0773,original,siteB,0.02517960170360868
methylation,CpG_R0773,original,siteC,0.01809830523069288
methylation,CpG_R0774,original,(Intercept),0.39570363083367627
methylation,CpG_R0774,original,age,0.00012189844058526082
methylation,CpG_R0774,original,sexM,0.00859332742613233
methylation,CpG_R0774,original,siteB,0.005156029336493132
methylation,CpG_R0774,original,siteC,0.0012146694518746308
methylation,CpG_R0775,original,(Intercept),0.11717001110482214
methylation,CpG_R0775,original,age,0.00044335129504457854
methylation,CpG_R0775,original,sexM,0.006697033104398777
methylation,CpG_R0775,original,siteB,2.738650739391786e-05
methylation,CpG_R0775,original,siteC,-0.006011187960080755
methylation,CpG_R0776,original,(Intercept),0.041049374980081536
methylation,CpG_R0776,original,age,-0.00024567724320183527
methylation,CpG_R0776,original,sexM,0.0037673048762395297
methylation,CpG_R0776,original,siteB,0.00928423642605707
methylation,CpG_R0776,original,siteC,0.013720529271403466
methylation,CpG_R0777,original,(Intercept),0.295360573860313
methylation,CpG_R0777,original,age,-0.0007956463018002437
methylation,CpG_R0777,original,sexM,-0.0017229250687987978
methylation,CpG_R0777,original,siteB,0.013613829405792878
methylation,CpG_R0777,original,siteC,0.02304970837633549
methylation,CpG_R0778,original,(Intercept),0.10786764710184087
methylation,CpG_R0778,original,age,0.00025212722550483355
methylation,CpG_R0778,original,sexM,-0.0054372765668511324
methylation,CpG_R0778,original,siteB,0.010603423038096431
methylation,CpG_R0778,original,siteC,0.013941226355037334
methylation,CpG_R0779,original,(Intercept),0.2591096419546976
methylation,CpG_R0779,original,age,-0.00024768997431383154
methylation,CpG_R0779,original,sexM,0.010272000593712525
methylation,CpG_R0779,original,siteB,-0.010706436248523205
methylation,CpG_R0779,original,siteC,-0.002499393892108305
methylation,CpG_R0780,original,(Intercept),0.5701214341760137
methylation,CpG_R0780,original,age,-0.0004670811326549291
methylation,CpG_R0780,original,sexM,0.0015228531244825152
methylation,CpG_R0780,original,siteB,-0.005609647496505331
methylation,CpG_R0780,original,siteC,0.004148607804869405
methylation,CpG_R0781,original,(Intercept),0.19762890215470563
methylation,CpG_R0781,original,age,6.411430304508248e-05
methylation,CpG_R0781,original,sexM,0.003127323288761895
methylation,CpG_R0781,original,siteB,0.006511739485923893
methylation,CpG_R0781,original,siteC,0.00039107368355100803
methylation,CpG_R0782,original,(Intercept),0.2573827616355747
methylation,CpG_R0782,original,age,0.0002251915226498026
methylation,CpG_R0782,original,sexM,-0.01587131661527178
methylation,CpG_R0782,original,siteB,0.0069689673074964315
methylation,CpG_R0782,original,siteC,-0.007481775984899556
methylation,CpG_R0783,original,(Intercept),0.5187060009681689
methylation,CpG_R0783,original,age,0.0003428477345156212
methylation,CpG_R0783,original,sexM,0.0022878088079449177
methylation,CpG_R0783,original,siteB,-0.003744250239656684
methylation,CpG_R0783,original,siteC,-0.0009727350086936608
methylation,CpG_R0784,original,(Intercept),0.33976875534883544
methylation,CpG_R0784,original,age,-0.00022192063627822628
methylation,CpG_R0784,original,sexM,0.0030371647789956715
methylation,CpG_R0784,original,siteB,-0.03244138227871994
methylation,CpG_R0784,original,siteC,-0.033493782517097476
methylation,CpG_R0785,original,(Intercept),0.2576532529178182
methylation,CpG_R0785,original,age,-6.091454036057891e-05
methylation,CpG_R0785,original,sexM,0.001767385150859114
methylation,CpG_R0785,original,siteB,0.0012401221000871614
methylation,CpG_R0785,original,siteC,0.009267247063590365
methylation,CpG_R0786,original,(Intercept),0.31787635588100294
methylation,CpG_R0786,original,age,-0.00024491115687766087
methylation,CpG_R0786,original,sexM,-0.00011809616280636639
methylation,CpG_R0786,original,siteB,0.0006215833750533562
methylation,CpG_R0786,original,siteC,-0.012206697460163476
methylation,CpG_R0787,original,(Intercept),0.22477893890254452
methylation,CpG_R0787,original,age,-0.00024312926589828583
methylation,CpG_R0787,original,sexM,0.002271616477261148
methylation,CpG_R0787,original,siteB,0.003540308584822043
methylation,CpG_R0787,original,siteC,0.003366592893793997
methylation,CpG_R0788,original,(Intercept),0.1137355201043222
methylation,CpG_R0788,original,age,0.0002091631169311258
methylation,CpG_R0788,original,sexM,0.01075379079369397
methylation,CpG_R0788,original,siteB,-0.00523544294382731
methylation,CpG_R0788,original,siteC,0.0018934144689699752
methylation,CpG_R0789,original,(Intercept),0.11704126482757074
methylation,CpG_R0789,original,age,0.0001412701142481198
methylation,CpG_R0789,original,sexM,0.008991772417404818
methylation,CpG_R0789,original,siteB,-0.011692639938189876
methylation,CpG_R0789,original,siteC,0.00241930672269021
methylation,CpG_R0790,original,(Intercept),0.13280753368905765
methylation,CpG_R0790,original,age,-0.0007861611982835892
methylation,CpG_R0790,original,sexM,-0.0052616655219009925
methylation,CpG_R0790,original,siteB,-0.006523878897887327
methylation,CpG_R0790,original,siteC,-0.004621180520669376
methylation,CpG_R0791,original,(Intercept),0.16813522064235253
methylation,CpG_R0791,original,age,-7.367973698125362e-05
methylation,CpG_R0791,original,sexM,0.0054658102646360646
methylation,CpG_R0791,original,siteB,-0.011363167005154343
methylation,CpG_R0791,original,siteC,-0.01572181626485024
methylation,CpG_R0792,original,(Intercept),0.1198567687132339
methylation,CpG_R0792,original,age,-0.0001350077926551228
methylation,CpG_R0792,original,sexM,0.003542220121907418
methylation,CpG_R0792,original,siteB,0.011223569609955929
methylation,CpG_R0792,original,siteC,0.013549958559000892
methylation,CpG_R0793,original,(Intercept),0.2832434735098088
methylation,CpG_R0793,original,age,0.00012281623942486883
methylation,CpG_R0793,original,sexM,-0.006071985497966865
methylation,CpG_R0793,original,siteB,-0.031972122892411727
methylation,CpG_R0793,original,siteC,-0.025398715395427162
methylation,CpG_R0794,original,(Intercept),0.14822699472767797
methylation,CpG_R0794,original,age,0.00011049623221896798
methylation,CpG_R0794,original,sexM,-0.011452208966673021
methylation,CpG_R0794,original,siteB,-0.003628782260294745
methylation,CpG_R0794,original,siteC,-0.0035532064907472564
methylation,CpG_R0795,original,(Intercept),0.2704942990354639
methylation,CpG_R0795,original,age,-7.344145437514342e-05
methylation,CpG_R0795,original,sexM,0.0004471819413642733
methylation,CpG_R0795,original,siteB,0.009165885877925382
methylation,CpG_R0795,original,siteC,-0.012577230990370218
methylation,CpG_R0796,original,(Intercept),0.11534249677015665
methylation,CpG_R0796,original,age,-0.00036777613173378203
methylation,CpG_R0796,original,sexM,-0.006287287416815563
methylation,CpG_R0796,original,siteB,0.0011169623251399638
methylation,CpG_R0796,original,siteC,0.007862353576752055
methylation,CpG_R0797,original,(Intercept),0.1767089313311453
methylation,CpG_R0797,original,age,-0.0001748564462105406
methylation,CpG_R0797,original,sexM,-0.0007195457902756423
methylation,CpG_R0797,original,siteB,-0.02712494274078833
methylation,CpG_R0797,original,siteC,-0.012732536132403896
methylation,CpG_R0798,original,(Intercept),0.035809158525906354
methylation,CpG_R0798,original,age,0.00010597524367362814
methylation,CpG_R0798,original,sexM,-0.009767878264435254
methylation,CpG_R0798,original,siteB,-0.0012182427939015502
methylation,CpG_R0798,original,siteC,0.0182335519840795
methylation,CpG_R0799,original,(Intercept),0.259139355257456
methylation,CpG_R0799,original,age,0.00038365140349310947
methylation,CpG_R0799,original,sexM,0.005608612026001595
methylation,CpG_R0799,original,siteB,-0.00886196794730717
methylation,CpG_R0799,original,siteC,0.002741724395025774
methylation,CpG_R0800,original,(Intercept),0.09873676160083895
methylation,CpG_R0800,original,age,0.0003685575048554449
methylation,CpG_R0800,original,sexM,-0.0031150112043864574
methylation,CpG_R0800,original,siteB,0.004811755214344502
methylation,CpG_R0800,original,siteC,0.006186126229824638
methylation,CpG_R0801,original,(Intercept),0.2658763014092781
methylation,CpG_R0801,original,age,-0.000514750696782933
methylation,CpG_R0801,original,sexM,0.002619969607067684
methylation,CpG_R0801,original,siteB,-0.048971791591249716
methylation,CpG_R0801,original,siteC,-0.039400089161610204
methylation,CpG_R0802,original,(Intercept),0.31852893229103874
methylation,CpG_R0802,original,age,0.00042830241347025584
methylation,CpG_R0802,original,sexM,-0.005748018576111389
methylation,CpG_R0802,original,siteB,-0.01473030476601046
methylation,CpG_R0802,original,siteC,-0.014334863464586465
methylation,CpG_R0803,original,(Intercept),0.16953965415364441
methylation,CpG_R0803,original,age,-0.00018591020642708873
methylation,CpG_R0803,original,sexM,-0.010089929371187911
methylation,CpG_R0803,original,siteB,-0.015506760992359632
methylation,CpG_R0803,original,siteC,-0.007008821304281093
methylation,CpG_R0804,original,(Intercept),0.3862680651591202
methylation,CpG_R0804,original,age,6.670616831688652e-05
methylation,CpG_R0804,original,sexM,-0.0009563408549053678
methylation,CpG_R0804,original,siteB,0.0077004994843630735
methylation,CpG_R0804,original,siteC,0.00992510192286711
methylation,CpG_R0805,original,(Intercept),0.152393805623956
methylation,CpG_R0805,original,age,-0.00028097105238545224
methylation,CpG_R0805,original,sexM,0.00789154687011266
methylation,CpG_R0805,original,siteB,-0.006231211638328777
methylation,CpG_R0805,original,siteC,-0.009492739229511044
methylation,CpG_R0806,original,(Intercept),0.3346684772334414
methylation,CpG_R0806,original,age,3.1808156784282894e-05
methylation,CpG_R0806,original,sexM,0.00797617494564088
methylation,CpG_R0806,original,siteB,-0.008875368971770879
methylation,CpG_R0806,original,siteC,-0.0031537832728033544
methylation,CpG_R0807,original,(Intercept),0.03745977242547577
methylation,CpG_R0807,original,age,9.264469238488748e-05
methylation,CpG_R0807,original,sexM,-0.0013099745930767728
methylation,CpG_R0807,original,siteB,-0.020525301325539893
methylation,CpG_R0807,original,siteC,-0.02250242482123678
methylation,CpG_R0808,original,(Intercept),0.21976910776010225
methylation,CpG_R0808,original,age,-9.036178724984588e-05
methylation,CpG_R0808,original,sexM,0.009355391651638446
methylation,CpG_R0808,original,siteB,-0.006179686582578161
methylation,CpG_R0808,original,siteC,-0.004278918143393759
methylation,CpG_R0809,original,(Intercept),0.2687681763119255
methylation,CpG_R0809,original,age,0.00035859078176015324
methylation,CpG_R0809,original,sexM,-7.021435490246224e-05
methylation,CpG_R0809,original,siteB,-0.013588926326451976
methylation,CpG_R0809,original,siteC,-0.014671648233843362
methylation,CpG_R0810,original,(Intercept),0.13315844105839356
methylation,CpG_R0810,original,age,0.00013951529140843554
methylation,CpG_R0810,original,sexM,-0.004603079985755453
methylation,CpG_R0810,original,siteB,0.012953576955257893
methylation,CpG_R0810,original,siteC,0.009796824568998223
methylation,CpG_R0811,original,(Intercept),0.02371004785530608
methylation,CpG_R0811,original,age,0.0008681256704855209
methylation,CpG_R0811,original,sexM,0.010536659929295361
methylation,CpG_R0811,original,siteB,-0.0009507125760243997
methylation,CpG_R0811,original,siteC,-0.011096020601888001
methylation,CpG_R0812,original,(Intercept),0.22025229536856272
methylation,CpG_R0812,original,age,-0.00021467709145948636
methylation,CpG_R0812,original,sexM,-0.002513577995507628
methylation,CpG_R0812,original,siteB,0.0059803698113599394
methylation,CpG_R0812,original,siteC,0.004557231718328726
methylation,CpG_R0813,original,(Intercept),0.15790429200594594
methylation,CpG_R0813,original,age,0.0005626492514042914
methylation,CpG_R0813,original,sexM,-0.006654445146282055
methylation,CpG_R0813,original,siteB,0.004965573972465708
methylation,CpG_R0813,original,siteC,0.0001664488217241288
methylation,CpG_R0814,original,(Intercept),0.1628583698813754
methylation,CpG_R0814,original,age,0.0004075798649251562
methylation,CpG_R0814,original,sexM,0.009090208538758814
methylation,CpG_R0814,original,siteB,-0.0030114727184219112
methylation,CpG_R0814,original,siteC,0.002560645416725682
methylation,CpG_R0815,original,(Intercept),0.16336331263343212
methylation,CpG_R0815,original,age,-9.70545496593741e-05
methylation,CpG_R0815,original,sexM,0.008977544820744447
methylation,CpG_R0815,original,siteB,-0.002779971550335585
methylation,CpG_R0815,original,siteC,0.002668778839704398
methylation,CpG_R0816,original,(Intercept),0.023598167870467843
methylation,CpG_R0816,original,age,0.00030512577199433847
methylation,CpG_R0816,original,sexM,0.003958588814120395
methylation,CpG_R0816,original,siteB,0.006738159197538581
methylation,CpG_R0816,original,siteC,0.0020280932180789225
methylation,CpG_R0817,original,(Intercept),-0.027294969530933463
methylation,CpG_R0817,original,age,0.0017478769703754117
methylation,CpG_R0817,original,sexM,-0.0004442908838968369
methylation,CpG_R0817,original,siteB,-0.007501526733233112
methylation,CpG_R0817,original,siteC,-0.005430791600325389
methylation,CpG_R0818,original,(Intercept),0.1780816246606104
methylation,CpG_R0818,original,age,-0.0004245437084792931
methylation,CpG_R0818,original,sexM,0.009868687024552961
methylation,CpG_R0818,original,siteB,0.006834101680397728
methylation,CpG_R0818,original,siteC,-0.002275494788516784
methylation,CpG_R0819,original,(Intercept),0.04268622906676872
methylation,CpG_R0819,original,age,-4.160312620209066e-05
methylation,CpG_R0819,original,sexM,0.004210708078928104
methylation,CpG_R0819,original,siteB,0.0016502173881252024
methylation,CpG_R0819,original,siteC,-0.002315139867558766
methylation,CpG_R0820,original,(Intercept),0.21516403480931923
methylation,CpG_R0820,original,age,-0.0005032790178083094
methylation,CpG_R0820,original,sexM,0.011644319630792448
methylation,CpG_R0820,original,siteB,-0.015161088560023806
methylation,CpG_R0820,original,siteC,-0.017534665197944124
methylation,CpG_R0821,original,(Intercept),0.5350096845614706
methylation,CpG_R0821,original,age,-0.0005003077032013344
methylation,CpG_R0821,original,sexM,0.009710801009162641
methylation,CpG_R0821,original,siteB,0.00050334381297212
methylation,CpG_R0821,original,siteC,-0.00268914894947266
methylation,CpG_R0822,original,(Intercept),0.0761972213327417
methylation,CpG_R0822,original,age,0.0005242026302201464
methylation,CpG_R0822,original,sexM,0.008404778260631218
methylation,CpG_R0822,original,siteB,-0.025246912443890143
methylation,CpG_R0822,original,siteC,-0.03359625252030168
methylation,CpG_R0823,original,(Intercept),0.08924589477569485
methylation,CpG_R0823,original,age,-3.125911520437242e-05
methylation,CpG_R0823,original,sexM,-0.005384651740958503
methylation,CpG_R0823,original,siteB,-0.0028942094135174725
methylation,CpG_R0823,original,siteC,-0.006857031227246623
methylation,CpG_R0824,original,(Intercept),0.16989321747692873
methylation,CpG_R0824,original,age,-0.00027268710043915696
methylation,CpG_R0824,original,sexM,-0.008621313871738394
methylation,CpG_R0824,original,siteB,0.010514673999935381
methylation,CpG_R0824,original,siteC,0.01677738121826931
methylation,CpG_R0825,original,(Intercept),0.33112259262290367
methylation,CpG_R0825,original,age,0.00018605045226624233
methylation,CpG_R0825,original,sexM,0.0130110393813743
methylation,CpG_R0825,original,siteB,0.00865344745152448
methylation,CpG_R0825,original,siteC,0.004614328886116299
methylation,CpG_R0826,original,(Intercept),0.18351185226991645
methylation,CpG_R0826,original,age,0.00016484950662902859
methylation,CpG_R0826,original,sexM,0.007037845883490969
methylation,CpG_R0826,original,siteB,-0.0063205756576723265
methylation,CpG_R0826,original,siteC,0.00891875869529908
methylation,CpG_R0827,original,(Intercept),0.11463741510898424
methylation,CpG_R0827,original,age,0.0002651560153767957
methylation,CpG_R0827,original,sexM,0.008368826370960697
methylation,CpG_R0827,original,siteB,-0.01823398348088986
methylation,CpG_R0827,original,siteC,-0.013101918678877835
methylation,CpG_R0828,original,(Intercept),0.5008686980443984
methylation,CpG_R0828,original,age,-0.00036118441517292866
methylation,CpG_R0828,original,sexM,0.01181099661900512
methylation,CpG_R0828,original,siteB,-0.014598362610539239
methylation,CpG_R0828,original,siteC,-0.017750065602530403
methylation,CpG_R0829,original,(Intercept),0.13505550226228136
methylation,CpG_R0829,original,age,0.00014562872644983775
methylation,CpG_R0829,original,sexM,0.004685365961300668
methylation,CpG_R0829,original,siteB,0.0023595932962954397
methylation,CpG_R0829,original,siteC,0.0005881910603361463
methylation,CpG_R0830,original,(Intercept),0.5189177179208356
methylation,CpG_R0830,original,age,-0.00033993156656865345
methylation,CpG_R0830,original,sexM,-0.006828387525129726
methylation,CpG_R0830,original,siteB,0.0005622802994430635
methylation,CpG_R0830,original,siteC,0.01883858488124191
methylation,CpG_R0831,original,(Intercept),0.06379163970099555
methylation,CpG_R0831,original,age,0.00044411842944104194
methylation,CpG_R0831,original,sexM,-0.010958223942982397
methylation,CpG_R0831,original,siteB,-0.013437756654971955
methylation,CpG_R0831,original,siteC,0.0036106717687311263
methylation,CpG_R0832,original,(Intercept),0.12631632152558503
methylation,CpG_R0832,original,age,8.845198043822382e-05
methylation,CpG_R0832,original,sexM,0.00369106946745394
methylation,CpG_R0832,original,siteB,-0.01005820621955515
methylation,CpG_R0832,original,siteC,-0.02146262550278581
methylation,CpG_R0833,original,(Intercept),0.20567070457106823
methylation,CpG_R0833,original,age,0.00032823598581885
methylation,CpG_R0833,original,sexM,0.008145963939473845
methylation,CpG_R0833,original,siteB,-0.00477776369883641
methylation,CpG_R0833,original,siteC,-0.013408487351002304
methylation,CpG_R0834,original,(Intercept),0.17491942354708184
methylation,CpG_R0834,original,age,9.107102226580118e-05
methylation,CpG_R0834,original,sexM,0.0035102369252434347
methylation,CpG_R0834,original,siteB,-0.020160998775737717
methylation,CpG_R0834,original,siteC,-0.017037414114594106
methylation,CpG_R0835,original,(Intercept),0.025242225613148137
methylation,CpG_R0835,original,age,0.00034309465260365217
methylation,CpG_R0835,original,sexM,-0.0052481768178622
methylation,CpG_R0835,original,siteB,-0.008617174996809735
methylation,CpG_R0835,original,siteC,-0.007262813120210437
methylation,CpG_R0836,original,(Intercept),0.24472002964152084
methylation,CpG_R0836,original,age,-0.0005116503381712282
methylation,CpG_R0836,original,sexM,0.006972978867669038
methylation,CpG_R0836,original,siteB,-0.004739693199883017
methylation,CpG_R0836,original,siteC,-0.0031238667651706515
methylation,CpG_R0837,original,(Intercept),0.22474683396846
methylation,CpG_R0837,original,age,6.610948121651432e-05
methylation,CpG_R0837,original,sexM,0.02253888613580124
methylation,CpG_R0837,original,siteB,0.013893828799028595
methylation,CpG_R0837,original,siteC,0.0036133386103962156
methylation,CpG_R0838,original,(Intercept),0.10291506192504173
methylation,CpG_R0838,original,age,-0.00010045511097159303
methylation,CpG_R0838,original,sexM,0.005255595470953718
methylation,CpG_R0838,original,siteB,0.014865500017080459
methylation,CpG_R0838,original,siteC,0.016423032099585042
methylation,CpG_R0839,original,(Intercept),0.1055770838162749
methylation,CpG_R0839,original,age,-0.00010992622694572194
methylation,CpG_R0839,original,sexM,-0.007933630073075446
methylation,CpG_R0839,original,siteB,0.007349135620368821
methylation,CpG_R0839,original,siteC,0.005218278715562201
methylation,CpG_R0840,original,(Intercept),0.22913851163235716
methylation,CpG_R0840,original,age,-0.0003160598352988336
methylation,CpG_R0840,original,sexM,-0.021221286921771117
methylation,CpG_R0840,original,siteB,-0.03715706069146255
methylation,CpG_R0840,original,siteC,-0.030833533008331377
methylation,CpG_R0841,original,(Intercept),0.07888572241615535
methylation,CpG_R0841,original,age,-0.00035097267256364303
methylation,CpG_R0841,original,sexM,0.0050847377533464085
methylation,CpG_R0841,original,siteB,-0.012422795865894167
methylation,CpG_R0841,original,siteC,-0.005072837484357473
methylation,CpG_R0842,original,(Intercept),0.15464912128106434
methylation,CpG_R0842,original,age,-9.911205287168348e-05
methylation,CpG_R0842,original,sexM,-0.000844837139803744
methylation,CpG_R0842,original,siteB,-0.019953740336980847
methylation,CpG_R0842,original,siteC,-0.03570602341277986
methylation,CpG_R0843,original,(Intercept),0.17342406614277514
methylation,CpG_R0843,original,age,0.00028219037585081416
methylation,CpG_R0843,original,sexM,-0.008400769537026486
methylation,CpG_R0843,original,siteB,0.010212624076736601
methylation,CpG_R0843,original,siteC,0.009013961117204119
methylation,CpG_R0844,original,(Intercept),0.24028269275089176
methylation,CpG_R0844,original,age,0.00023818094065012013
methylation,CpG_R0844,original,sexM,-0.0035320611550344054
methylation,CpG_R0844,original,siteB,0.005678182626830241
methylation,CpG_R0844,original,siteC,0.0023009039209952163
methylation,CpG_R0845,original,(Intercept),0.29760645601802993
methylation,CpG_R0845,original,age,-0.0003868829421123667
methylation,CpG_R0845,original,sexM,-0.001142561039238716
methylation,CpG_R0845,original,siteB,-0.0253426141347869
methylation,CpG_R0845,original,siteC,-0.0248898933672448
methylation,CpG_R0846,original,(Intercept),0.03272673676965343
methylation,CpG_R0846,original,age,0.002194049781038265
methylation,CpG_R0846,original,sexM,-0.004874946549499026
methylation,CpG_R0846,original,siteB,-0.0023269001130627183
methylation,CpG_R0846,original,siteC,-0.01060304278179757
methylation,CpG_R0847,original,(Intercept),0.20540439184046105
methylation,CpG_R0847,original,age,-0.0001138554761124484
methylation,CpG_R0847,original,sexM,0.005431378805791023
methylation,CpG_R0847,original,siteB,0.0071497117670860305
methylation,CpG_R0847,original,siteC,0.018742405061622378
methylation,CpG_R0848,original,(Intercept),0.42185405978306534
methylation,CpG_R0848,original,age,3.979001285695156e-05
methylation,CpG_R0848,original,sexM,-0.010845146604975948
methylation,CpG_R0848,original,siteB,-0.0013849219266478868
methylation,CpG_R0848,original,siteC,0.0028816199036254377
methylation,CpG_R0849,original,(Intercept),0.2825215721025862
methylation,CpG_R0849,original,age,6.564391292085666e-06
methylation,CpG_R0849,original,sexM,-0.008230951590797455
methylation,CpG_R0849,original,siteB,0.02120000569256352
methylation,CpG_R0849,original,siteC,0.012313960322319153
methylation,CpG_R0850,original,(Intercept),0.16596326275664916
methylation,CpG_R0850,original,age,-0.00020019167785530046
methylation,CpG_R0850,original,sexM,0.0014904332719713356
methylation,CpG_R0850,original,siteB,0.010993455118380175
methylation,CpG_R0850,original,siteC,0.0027854384431062035
methylation,CpG_R0851,original,(Intercept),0.10693957912434851
methylation,CpG_R0851,original,age,0.0002474194359731863
methylation,CpG_R0851,original,sexM,-0.0005340693738228338
methylation,CpG_R0851,original,siteB,0.009136066061907356
methylation,CpG_R0851,original,siteC,0.003363104667315321
methylation,CpG_R0852,original,(Intercept),0.28859458728145426
methylation,CpG_R0852,original,age,-0.0002720431884004253
methylation,CpG_R0852,original,sexM,0.008772696940525303
methylation,CpG_R0852,original,siteB,0.011161527011183838
methylation,CpG_R0852,original,siteC,0.004346735663530375
methylation,CpG_R0853,original,(Intercept),0.2707034683754519
methylation,CpG_R0853,original,age,-0.000407896120742362
methylation,CpG_R0853,original,sexM,-0.00806227545498931
methylation,CpG_R0853,original,siteB,-0.015311193873122258
methylation,CpG_R0853,original,siteC,-0.0035342199107547367
methylation,CpG_R0854,original,(Intercept),0.16740278401090783
methylation,CpG_R0854,original,age,-0.00043776213815815117
methylation,CpG_R0854,original,sexM,0.011089367108132865
methylation,CpG_R0854,original,siteB,-0.0038615467389054845
methylation,CpG_R0854,original,siteC,0.008211043108601395
methylation,CpG_R0855,original,(Intercept),0.2085656811268435
methylation,CpG_R0855,original,age,-7.763930628983885e-05
methylation,CpG_R0855,original,sexM,-0.010527734601591518
methylation,CpG_R0855,original,siteB,-0.001102242551776903
methylation,CpG_R0855,original,siteC,0.006564299753798091
methylation,CpG_R0856,original,(Intercept),0.5658449702054784
methylation,CpG_R0856,original,age,-7.651078228539526e-05
methylation,CpG_R0856,original,sexM,0.014494275831591104
methylation,CpG_R0856,original,siteB,-0.008482314310780241
methylation,CpG_R0856,original,siteC,-0.011211009636842297
methylation,CpG_R0857,original,(Intercept),0.2083502809348194
methylation,CpG_R0857,original,age,0.0006929245997990628
methylation,CpG_R0857,original,sexM,0.0021800026231096176
methylation,CpG_R0857,original,siteB,-0.015752196261062543
methylation,CpG_R0857,original,siteC,-0.017367875661085767
methylation,CpG_R0858,original,(Intercept),0.06905788540725633
methylation,CpG_R0858,original,age,0.0001386782096497863
methylation,CpG_R0858,original,sexM,0.000649935352870862
methylation,CpG_R0858,original,siteB,0.002154757567079833
methylation,CpG_R0858,original,siteC,-0.011170797049076229
methylation,CpG_R0859,original,(Intercept),0.11181661725848226
methylation,CpG_R0859,original,age,-0.0001955335679973841
methylation,CpG_R0859,original,sexM,0.0017413341506501711
methylation,CpG_R0859,original,siteB,-0.005418854382762
methylation,CpG_R0859,original,siteC,-0.0005543610257022215
methylation,CpG_R0860,original,(Intercept),0.3773589661733498
methylation,CpG_R0860,original,age,-0.00013289479919562512
methylation,CpG_R0860,original,sexM,-0.00161782993747255
methylation,CpG_R0860,original,siteB,0.021665429889713993
methylation,CpG_R0860,original,siteC,0.018549340566848708
methylation,CpG_R0861,original,(Intercept),0.5675661796322181
methylation,CpG_R0861,original,age,0.000173024404041996
methylation,CpG_R0861,original,sexM,-0.00015041896158021393
methylation,CpG_R0861,original,siteB,-0.008416384118735574
methylation,CpG_R0861,original,siteC,-0.024432639707518577
methylation,CpG_R0862,original,(Intercept),0.35192743976536767
methylation,CpG_R0862,original,age,8.676374583850696e-05
methylation,CpG_R0862,original,sexM,-0.001284194935742838
methylation,CpG_R0862,original,siteB,0.015923894917810495
methylation,CpG_R0862,original,siteC,0.012333384449219428
methylation,CpG_R0863,original,(Intercept),0.33736157126142924
methylation,CpG_R0863,original,age,-4.468627872308289e-05
methylation,CpG_R0863,original,sexM,0.0005537139308655874
methylation,CpG_R0863,original,siteB,0.0059675383565874415
methylation,CpG_R0863,original,siteC,-0.0029135865024629013
methylation,CpG_R0864,original,(Intercept),0.12239538341688389
methylation,CpG_R0864,original,age,-0.0006814475545322568
methylation,CpG_R0864,original,sexM,0.014172805183828614
methylation,CpG_R0864,original,siteB,-0.00655705462364977
methylation,CpG_R0864,original,siteC,0.001002859548479947
methylation,CpG_R0865,original,(Intercept),0.014622121708605478
methylation,CpG_R0865,original,age,0.0006961897846771527
methylation,CpG_R0865,original,sexM,-0.0007218578914590791
methylation,CpG_R0865,original,siteB,-0.019977715268864812
methylation,CpG_R0865,original,siteC,-0.032621197535668105
methylation,CpG_R0866,original,(Intercept),0.13943988514603975
methylation,CpG_R0866,original,age,-0.00023552081254876319
methylation,CpG_R0866,original,sexM,-0.00022429047794622018
methylation,CpG_R0866,original,siteB,-0.01593019050003978
methylation,CpG_R0866,original,siteC,-0.006548741759223961
methylation,CpG_R0867,original,(Intercept),0.32864302869569756
methylation,CpG_R0867,original,age,-0.00023585789146211226
methylation,CpG_R0867,original,sexM,-0.011302428789823281
methylation,CpG_R0867,original,siteB,0.013600501160286356
methylation,CpG_R0867,original,siteC,0.003864173625574481
methylation,CpG_R0868,original,(Intercept),0.4965315140244119
methylation,CpG_R0868,original,age,-1.0493621121272885e-05
methylation,CpG_R0868,original,sexM,-0.0023023615009090145
methylation,CpG_R0868,original,siteB,-0.025415620741781986
methylation,CpG_R0868,original,siteC,-0.03647927633152624
methylation,CpG_R0869,original,(Intercept),0.09106682118546199
methylation,CpG_R0869,original,age,-0.0001114628763066605
methylation,CpG_R0869,original,sexM,-0.0075947063906557635
methylation,CpG_R0869,original,siteB,0.02097756800466251
methylation,CpG_R0869,original,siteC,0.009602842699013583
methylation,CpG_R0870,original,(Intercept),0.3038952085207421
methylation,CpG_R0870,original,age,0.0001503191292372538
methylation,CpG_R0870,original,sexM,-0.004195936898416753
methylation,CpG_R0870,original,siteB,-0.005174446860585441
methylation,CpG_R0870,original,siteC,-0.018722818294863105
methylation,CpG_R0871,original,(Intercept),0.26817942756331803
methylation,CpG_R0871,original,age,0.0001798809063235712
methylation,CpG_R0871,original,sexM,0.0004462080148827788
methylation,CpG_R0871,original,siteB,-0.00283293519524515
methylation,CpG_R0871,original,siteC,-0.006798394806480308
methylation,CpG_R0872,original,(Intercept),0.08655609500833368
methylation,CpG_R0872,original,age,8.568004703078291e-06
methylation,CpG_R0872,original,sexM,-0.0017533022708963748
methylation,CpG_R0872,original,siteB,-0.011469189669704083
methylation,CpG_R0872,original,siteC,-0.001743174020443628
methylation,CpG_R0873,original,(Intercept),0.07454832518621575
methylation,CpG_R0873,original,age,-0.00012764850862702823
methylation,CpG_R0873,original,sexM,0.008195229342313084
methylation,CpG_R0873,original,siteB,-0.012791608641749051
methylation,CpG_R0873,original,siteC,-0.013924986224351912
methylation,CpG_R0874,original,(Intercept),0.059557992844183796
methylation,CpG_R0874,original,age,0.0005842391847189868
methylation,CpG_R0874,original,sexM,0.005145690329156769
methylation,CpG_R0874,original,siteB,0.010889039980251041
methylation,CpG_R0874,original,siteC,-0.0012726023925817697
methylation,CpG_R0875,original,(Intercept),0.24096389633530066
methylation,CpG_R0875,original,age,0.00035992754204034746
methylation,CpG_R0875,original,sexM,0.004831252959413268
methylation,CpG_R0875,original,siteB,0.016827315196613422
methylation,CpG_R0875,original,siteC,0.006216842339228357
methylation,CpG_R0876,original,(Intercept),0.1868739720685563
methylation,CpG_R0876,original,age,-0.00021773766922049656
methylation,CpG_R0876,original,sexM,-0.00457908071575686
methylation,CpG_R0876,original,siteB,0.019785666457457666
methylation,CpG_R0876,original,siteC,0.014103764575916753
methylation,CpG_R0877,original,(Intercept),0.03314276879815224
methylation,CpG_R0877,original,age,2.984750763349205e-05
methylation,CpG_R0877,original,sexM,0.008679392026556546
methylation,CpG_R0877,original,siteB,0.0014339920949602094
methylation,CpG_R0877,original,siteC,0.010340082060774568
methylation,CpG_R0878,original,(Intercept),0.07812460629960706
methylation,CpG_R0878,original,age,-4.519275170459615e-05
methylation,CpG_R0878,original,sexM,-0.0018122408109882207
methylation,CpG_R0878,original,siteB,0.0005548296182003856
methylation,CpG_R0878,original,siteC,0.0020050073372996744
methylation,CpG_R0879,original,(Intercept),0.15701609508723652
methylation,CpG_R0879,original,age,2.4012389951308643e-05
methylation,CpG_R0879,original,sexM,0.00047779101163185464
methylation,CpG_R0879,original,siteB,-0.022090659038916344
methylation,CpG_R0879,original,siteC,-0.02295809012124928
methylation,CpG_R0880,original,(Intercept),0.46947010874297235
methylation,CpG_R0880,original,age,0.00025533391978289915
methylation,CpG_R0880,original,sexM,-0.003185147606363507
methylation,CpG_R0880,original,siteB,-0.011955529060757199
methylation,CpG_R0880,original,siteC,-0.028121873893367157
methylation,CpG_R0881,original,(Intercept),0.31525762339725366
methylation,CpG_R0881,original,age,0.0001840365907946038
methylation,CpG_R0881,original,sexM,0.003658568050692851
methylation,CpG_R0881,original,siteB,0.018888353785925665
methylation,CpG_R0881,original,siteC,0.010540433672441469
methylation,CpG_R0882,original,(Intercept),0.3218928144444618
methylation,CpG_R0882,original,age,-0.00036331608833708014
methylation,CpG_R0882,original,sexM,0.0008816290846537951
methylation,CpG_R0882,original,siteB,0.00017915569551706944
methylation,CpG_R0882,original,siteC,0.0022763142313955843
methylation,CpG_R0883,original,(Intercept),0.08310851465980636
methylation,CpG_R0883,original,age,0.0018047960773276582
methylation,CpG_R0883,original,sexM,0.0017096828205286686
methylation,CpG_R0883,original,siteB,0.0024493526262869096
methylation,CpG_R0883,original,siteC,0.005382433515882662
methylation,CpG_R0884,original,(Intercept),0.1327407641122294
methylation,CpG_R0884,original,age,9.736015338330884e-05
methylation,CpG_R0884,original,sexM,-0.005070109653766117
methylation,CpG_R0884,original,siteB,0.005974245009159813
methylation,CpG_R0884,original,siteC,0.006041340534023037
methylation,CpG_R0885,original,(Intercept),0.412658138003258
methylation,CpG_R0885,original,age,0.00023332712730759133
methylation,CpG_R0885,original,sexM,-0.001775752785424084
methylation,CpG_R0885,original,siteB,0.004209824445207792
methylation,CpG_R0885,original,siteC,0.0018997459884769515
methylation,CpG_R0886,original,(Intercept),0.16807700085255173
methylation,CpG_R0886,original,age,-0.00042727913699794893
methylation,CpG_R0886,original,sexM,-0.0066188160944641
methylation,CpG_R0886,original,siteB,-0.015324485049582321
methylation,CpG_R0886,original,siteC,-0.0070898745895886656
methylation,CpG_R0887,original,(Intercept),0.4514159979408085
methylation,CpG_R0887,original,age,-0.0007658452045719333
methylation,CpG_R0887,original,sexM,0.0013303144821393467
methylation,CpG_R0887,original,siteB,0.009192674097051188
methylation,CpG_R0887,original,siteC,0.021361105844964624
methylation,CpG_R0888,original,(Intercept),0.12334535746050639
methylation,CpG_R0888,original,age,0.00022527488475039805
methylation,CpG_R0888,original,sexM,0.0055912266321424455
methylation,CpG_R0888,original,siteB,0.005082997777355053
methylation,CpG_R0888,original,siteC,0.0052963096697348725
methylation,CpG_R0889,original,(Intercept),0.3475813936476365
methylation,CpG_R0889,original,age,0.00027755445409362
methylation,CpG_R0889,original,sexM,-0.001398952224556159
methylation,CpG_R0889,original,siteB,0.01247976448058996
methylation,CpG_R0889,original,siteC,0.012019139447753463
methylation,CpG_R0890,original,(Intercept),0.22480222921613818
methylation,CpG_R0890,original,age,-0.0001073394427890827
methylation,CpG_R0890,original,sexM,0.005993090481329794
methylation,CpG_R0890,original,siteB,-0.027410453923476564
methylation,CpG_R0890,original,siteC,-0.028475229386568844
methylation,CpG_R0891,original,(Intercept),0.13331188454309165
methylation,CpG_R0891,original,age,-0.0003956171381263977
methylation,CpG_R0891,original,sexM,0.0004177608347872971
methylation,CpG_R0891,original,siteB,0.010881468678295378
methylation,CpG_R0891,original,siteC,0.005278766806620003
methylation,CpG_R0892,original,(Intercept),0.25083085829909835
methylation,CpG_R0892,original,age,0.00035765760711883664
methylation,CpG_R0892,original,sexM,0.009933767463089195
methylation,CpG_R0892,original,siteB,-0.006410558082871547
methylation,CpG_R0892,original,siteC,0.003588672431922949
methylation,CpG_R0893,original,(Intercept),0.2803307565046778
methylation,CpG_R0893,original,age,-0.00013619574552202558
methylation,CpG_R0893,original,sexM,0.004126344095167507
methylation,CpG_R0893,original,siteB,-0.006265499924878213
methylation,CpG_R0893,original,siteC,-0.004609471721650843
methylation,CpG_R0894,original,(Intercept),0.39111801300273447
methylation,CpG_R0894,original,age,0.00046405300214113614
methylation,CpG_R0894,original,sexM,0.003271209098968509
methylation,CpG_R0894,original,siteB,0.004458097983159626
methylation,CpG_R0894,original,siteC,-0.00418763046911162
methylation,CpG_R0895,original,(Intercept),0.09158131184939651
methylation,CpG_R0895,original,age,0.0004400739428908642
methylation,CpG_R0895,original,sexM,-0.0074023526915800155
methylation,CpG_R0895,original,siteB,-0.009887530642824605
methylation,CpG_R0895,original,siteC,-0.006445039266059559
methylation,CpG_R0896,original,(Intercept),0.18380840990954517
methylation,CpG_R0896,original,age,0.00044569397823865603
methylation,CpG_R0896,original,sexM,-0.00685539896676374
methylation,CpG_R0896,original,siteB,-0.009343975111872457
methylation,CpG_R0896,original,siteC,-0.01060363823308454
methylation,CpG_R0897,original,(Intercept),0.13642809825821617
methylation,CpG_R0897,original,age,-0.0005804938163112981
methylation,CpG_R0897,original,sexM,0.014568964614055178
methylation,CpG_R0897,original,siteB,0.004730568647642758
methylation,CpG_R0897,original,siteC,0.007431622867515395
methylation,CpG_R0898,original,(Intercept),0.32709314815215973
methylation,CpG_R0898,original,age,0.00025098486006280987
methylation,CpG_R0898,original,sexM,0.0014019512039934931
methylation,CpG_R0898,original,siteB,0.004475758306641698
methylation,CpG_R0898,original,siteC,0.0004681367907954841
methylation,CpG_R0899,original,(Intercept),0.018585852126862278
methylation,CpG_R0899,original,age,0.0003066584904666919
methylation,CpG_R0899,original,sexM,0.012079970485945585
methylation,CpG_R0899,original,siteB,0.009733086424580692
methylation,CpG_R0899,original,siteC,0.021230721091181952
methylation,CpG_R0900,original,(Intercept),0.5059676415561811
methylation,CpG_R0900,original,age,0.0004459924083352253
methylation,CpG_R0900,original,sexM,0.0007637941738648309
methylation,CpG_R0900,original,siteB,-0.004359502756770051
methylation,CpG_R0900,original,siteC,-0.021432113412637496
methylation,CpG_R0901,original,(Intercept),0.17337223470962687
methylation,CpG_R0901,original,age,0.0005782791721269415
methylation,CpG_R0901,original,sexM,0.00027109373650213996
methylation,CpG_R0901,original,siteB,-0.017700988774373243
methylation,CpG_R0901,original,siteC,-0.0005472530215183895
methylation,CpG_R0902,original,(Intercept),0.11729145445357966
methylation,CpG_R0902,original,age,0.00013271214649497248
methylation,CpG_R0902,original,sexM,4.5359272873674676e-05
methylation,CpG_R0902,original,siteB,-0.005189808895292918
methylation,CpG_R0902,original,siteC,-0.0110392195216237
methylation,CpG_R0903,original,(Intercept),0.31705333729081925
methylation,CpG_R0903,original,age,0.00032332608211145693
methylation,CpG_R0903,original,sexM,0.0021740475165205686
methylation,CpG_R0903,original,siteB,0.00882667482224887
methylation,CpG_R0903,original,siteC,0.007241075439991185
methylation,CpG_R0904,original,(Intercept),0.15633222054366724
methylation,CpG_R0904,original,age,0.0003069643765210437
methylation,CpG_R0904,original,sexM,-0.009466382774214032
methylation,CpG_R0904,original,siteB,-0.008062602899251344
methylation,CpG_R0904,original,siteC,0.00429257238258593
methylation,CpG_R0905,original,(Intercept),0.21593349046084562
methylation,CpG_R0905,original,age,0.00024334972113374608
methylation,CpG_R0905,original,sexM,-0.012677204947554517
methylation,CpG_R0905,original,siteB,0.009515099183230954
methylation,CpG_R0905,original,siteC,0.006181017904553584
methylation,CpG_R0906,original,(Intercept),0.07685228245257449
methylation,CpG_R0906,original,age,-0.0004936096369637351
methylation,CpG_R0906,original,sexM,0.011621606090791518
methylation,CpG_R0906,original,siteB,-0.009735834590036123
methylation,CpG_R0906,original,siteC,-0.0056678751434666936
methylation,CpG_R0907,original,(Intercept),0.1541708897663543
methylation,CpG_R0907,original,age,5.794119268938996e-05
methylation,CpG_R0907,original,sexM,-0.0007307891009420598
methylation,CpG_R0907,original,siteB,0.004335118228872542
methylation,CpG_R0907,original,siteC,-0.0016275805815596652
methylation,CpG_R0908,original,(Intercept),0.31601134447911805
methylation,CpG_R0908,original,age,0.0004521246774436481
methylation,CpG_R0908,original,sexM,0.011620404836834302
methylation,CpG_R0908,original,siteB,-0.028717800859222143
methylation,CpG_R0908,original,siteC,-0.02070924360505619
methylation,CpG_R0909,original,(Intercept),0.14362191064394647
methylation,CpG_R0909,original,age,7.139811508340172e-05
methylation,CpG_R0909,original,sexM,0.017382637064317124
methylation,CpG_R0909,original,siteB,-0.006019269385583533
methylation,CpG_R0909,original,siteC,-0.004806811166559204
methylation,CpG_R0910,original,(Intercept),0.1351066578208976
methylation,CpG_R0910,original,age,-8.621039064325023e-05
methylation,CpG_R0910,original,sexM,0.00895886645479713
methylation,CpG_R0910,original,siteB,-0.012768278316445185
methylation,CpG_R0910,original,siteC,-0.007287853737518261
methylation,CpG_R0911,original,(Intercept),0.14224954466165587
methylation,CpG_R0911,original,age,-0.00011569947428899854
methylation,CpG_R0911,original,sexM,-0.008465531398889586
methylation,CpG_R0911,original,siteB,0.019109224148844774
methylation,CpG_R0911,original,siteC,0.012717791646277751
methylation,CpG_R0912,original,(Intercept),0.4709888370500409
methylation,CpG_R0912,original,age,0.000296895679785274
methylation,CpG_R0912,original,sexM,-0.014506273730444542
methylation,CpG_R0912,original,siteB,-0.019797371819982933
methylation,CpG_R0912,original,siteC,-0.013182550630357065
methylation,CpG_R0913,original,(Intercept),0.32400258686547984
methylation,CpG_R0913,original,age,6.10791071574806e-05
methylation,CpG_R0913,original,sexM,-0.00314708370247019
methylation,CpG_R0913,original,siteB,0.00205722061242441
methylation,CpG_R0913,original,siteC,-0.0035013707970837017
methylation,CpG_R0914,original,(Intercept),0.3390714485520041
methylation,CpG_R0914,original,age,0.00028465573879202493
methylation,CpG_R0914,original,sexM,-0.0005657721669026097
methylation,CpG_R0914,original,siteB,-0.01623383806251992
methylation,CpG_R0914,original,siteC,-0.01960588541662421
methylation,CpG_R0915,original,(Intercept),0.19091820492154435
methylation,CpG_R0915,original,age,-0.0002448273764151703
methylation,CpG_R0915,original,sexM,0.0004324972109600382
methylation,CpG_R0915,original,siteB,-0.030449654502855465
methylation,CpG_R0915,original,siteC,-0.008424465593545056
methylation,CpG_R0916,original,(Intercept),0.07762425944398803
methylation,CpG_R0916,original,age,0.0005706248642455215
methylation,CpG_R0916,original,sexM,-0.0015793375353151372
methylation,CpG_R0916,original,siteB,0.004269841138656804
methylation,CpG_R0916,original,siteC,0.006013014832467625
methylation,CpG_R0917,original,(Intercept),0.37543121911939625
methylation,CpG_R0917,original,age,0.000593251857215834
methylation,CpG_R0917,original,sexM,0.0022068226284991618
methylation,CpG_R0917,original,siteB,-0.011760354698834723
methylation,CpG_R0917,original,siteC,-0.012680959084594755
methylation,CpG_R0918,original,(Intercept),0.3123950452660739
methylation,CpG_R0918,original,age,-0.0003792950003521484
methylation,CpG_R0918,original,sexM,0.004333978989269651
methylation,CpG_R0918,original,siteB,-0.007971233720538332
methylation,CpG_R0918,original,siteC,-0.009863290427699187
methylation,CpG_R0919,original,(Intercept),0.43282365949680485
methylation,CpG_R0919,original,age,-0.0003940072599463152
methylation,CpG_R0919,original,sexM,0.00013327082344944945
methylation,CpG_R0919,original,siteB,0.007074692955562537
methylation,CpG_R0919,original,siteC,-0.0033563463742768375
methylation,CpG_R0920,original,(Intercept),0.11449974553194203
methylation,CpG_R0920,original,age,2.484819206209042e-06
methylation,CpG_R0920,original,sexM,0.004272466243422055
methylation,CpG_R0920,original,siteB,-0.009680066546449814
methylation,CpG_R0920,original,siteC,-0.007394943524965942
methylation,CpG_R0921,original,(Intercept),0.12016221494641613
methylation,CpG_R0921,original,age,8.862310528314254e-05
methylation,CpG_R0921,original,sexM,-0.0013261122554908905
methylation,CpG_R0921,original,siteB,-0.017563905582056134
methylation,CpG_R0921,original,siteC,-0.010748539591720497
methylation,CpG_R0922,original,(Intercept),0.10225865513308913
methylation,CpG_R0922,original,age,8.09017577386075e-05
methylation,CpG_R0922,original,sexM,0.0025874848098074916
methylation,CpG_R0922,original,siteB,0.009629765573163652
methylation,CpG_R0922,original,siteC,-0.0038026185581648015
methylation,CpG_R0923,original,(Intercept),0.17224209441989344
methylation,CpG_R0923,original,age,-0.0003590144782454386
methylation,CpG_R0923,original,sexM,-0.00677230008139682
methylation,CpG_R0923,original,siteB,0.006587611278073616
methylation,CpG_R0923,original,siteC,0.018219628818622567
methylation,CpG_R0924,original,(Intercept),0.2540189519569998
methylation,CpG_R0924,original,age,-6.881396535262595e-05
methylation,CpG_R0924,original,sexM,-0.0014524133494185658
methylation,CpG_R0924,original,siteB,-0.010599900811051737
methylation,CpG_R0924,original,siteC,-0.01707206509242856
methylation,CpG_R0925,original,(Intercept),0.09611014374970307
methylation,CpG_R0925,original,age,-0.0006040564077285125
methylation,CpG_R0925,original,sexM,0.0002625117029385857
methylation,CpG_R0925,original,siteB,-0.001097457876580499
methylation,CpG_R0925,original,siteC,0.008245012411135375
methylation,CpG_R0926,original,(Intercept),0.3309587537446123
methylation,CpG_R0926,original,age,0.0006197270788462664
methylation,CpG_R0926,original,sexM,-0.016063056773972573
methylation,CpG_R0926,original,siteB,-0.017417260403125655
methylation,CpG_R0926,original,siteC,-0.01971989700313849
methylation,CpG_R0927,original,(Intercept),0.10246202295039576
methylation,CpG_R0927,original,age,-0.0005139803362689926
methylation,CpG_R0927,original,sexM,-0.005740011376526408
methylation,CpG_R0927,original,siteB,0.0024832196859491105
methylation,CpG_R0927,original,siteC,0.008580630272073654
methylation,CpG_R0928,original,(Intercept),0.25517101617006066
methylation,CpG_R0928,original,age,-0.0002901491882519731
methylation,CpG_R0928,original,sexM,-0.002093029039474494
methylation,CpG_R0928,original,siteB,0.013826302916205012
methylation,CpG_R0928,original,siteC,0.003241325106191143
methylation,CpG_R0929,original,(Intercept),0.07065229940955241
methylation,CpG_R0929,original,age,-9.058797458609437e-05
methylation,CpG_R0929,original,sexM,0.009949368434741555
methylation,CpG_R0929,original,siteB,0.002249930917613803
methylation,CpG_R0929,original,siteC,0.0005978725877614384
methylation,CpG_R0930,original,(Intercept),0.09056071295676503
methylation,CpG_R0930,original,age,-0.00041677994980522003
methylation,CpG_R0930,original,sexM,-0.0011412328612703869
methylation,CpG_R0930,original,siteB,-0.009799617618865355
methylation,CpG_R0930,original,siteC,0.0013023724548273108
methylation,CpG_R0931,original,(Intercept),0.10310409857137012
methylation,CpG_R0931,original,age,0.00012696048127823872
methylation,CpG_R0931,original,sexM,0.008247448903324295
methylation,CpG_R0931,original,siteB,0.0005844121246685256
methylation,CpG_R0931,original,siteC,0.0003938222066641788
methylation,CpG_R0932,original,(Intercept),0.5600125649301891
methylation,CpG_R0932,original,age,-0.00031518275697211504
methylation,CpG_R0932,original,sexM,0.001075804394313466
methylation,CpG_R0932,original,siteB,-0.004397507244269138
methylation,CpG_R0932,original,siteC,0.02324236489205366
methylation,CpG_R0933,original,(Intercept),0.20124005821998178
methylation,CpG_R0933,original,age,0.0005241639974524686
methylation,CpG_R0933,original,sexM,0.011558545977374683
methylation,CpG_R0933,original,siteB,-0.00608809238707544
methylation,CpG_R0933,original,siteC,-0.0074527959356736
methylation,CpG_R0934,original,(Intercept),0.35823398582167926
methylation,CpG_R0934,original,age,0.00021617295134211228
methylation,CpG_R0934,original,sexM,0.011487344798453121
methylation,CpG_R0934,original,siteB,-0.022782272268258363
methylation,CpG_R0934,original,siteC,-0.015438368791654696
methylation,CpG_R0935,original,(Intercept),0.4043427038201977
methylation,CpG_R0935,original,age,-0.0007161628856483643
methylation,CpG_R0935,original,sexM,-0.008986586795536239
methylation,CpG_R0935,original,siteB,0.016454791275672544
methylation,CpG_R0935,original,siteC,0.014960353408145083
methylation,CpG_R0936,original,(Intercept),0.22041969859630453
methylation,CpG_R0936,original,age,-0.0002113332288987997
methylation,CpG_R0936,original,sexM,0.000170835704185418
methylation,CpG_R0936,original,siteB,-0.001058194344811789
methylation,CpG_R0936,original,siteC,-0.007620251993343837
methylation,CpG_R0937,original,(Intercept),0.1966714690302016
methylation,CpG_R0937,original,age,-0.0002480632608491982
methylation,CpG_R0937,original,sexM,0.0031968922353294593
methylation,CpG_R0937,original,siteB,-0.010256816050905747
methylation,CpG_R0937,original,siteC,-0.023286509856924126
methylation,CpG_R0938,original,(Intercept),0.11377094899593074
methylation,CpG_R0938,original,age,-0.00011969144763580663
methylation,CpG_R0938,original,sexM,-0.0018770419521339156
methylation,CpG_R0938,original,siteB,-0.016301795668054953
methylation,CpG_R0938,original,siteC,-0.0072038330561859445
methylation,CpG_R0939,original,(Intercept),0.6305467322478118
methylation,CpG_R0939,original,age,-0.00020919667686873213
methylation,CpG_R0939,original,sexM,0.011000758582784065
methylation,CpG_R0939,original,siteB,0.0034130869126505854
methylation,CpG_R0939,original,siteC,0.018657041215536446
methylation,CpG_R0940,original,(Intercept),0.1214010329114684
methylation,CpG_R0940,original,age,0.000515191136085555
methylation,CpG_R0940,original,sexM,-0.013270988181372336
methylation,CpG_R0940,original,siteB,0.007612507022853953
methylation,CpG_R0940,original,siteC,0.017460266137638628
methylation,CpG_R0941,original,(Intercept),0.3255390028064021
methylation,CpG_R0941,original,age,0.0006101507542824967
methylation,CpG_R0941,original,sexM,0.005508458749873016
methylation,CpG_R0941,original,siteB,0.008722696303722447
methylation,CpG_R0941,original,siteC,0.010950006296706623
methylation,CpG_R0942,original,(Intercept),0.3198778648469546
methylation,CpG_R0942,original,age,0.0002426820241581759
methylation,CpG_R0942,original,sexM,-0.004388272506493635
methylation,CpG_R0942,original,siteB,0.004961116705524899
methylation,CpG_R0942,original,siteC,-0.01098387333722061
methylation,CpG_R0943,original,(Intercept),0.37864498546139524
methylation,CpG_R0943,original,age,0.00017765799659016479
methylation,CpG_R0943,original,sexM,-0.0031874124297232836
methylation,CpG_R0943,original,siteB,-0.03375339275073757
methylation,CpG_R0943,original,siteC,-0.03233812778503261
methylation,CpG_R0944,original,(Intercept),0.47801507842574004
methylation,CpG_R0944,original,age,-0.0004057475533317405
methylation,CpG_R0944,original,sexM,-0.004243767691853668
methylation,CpG_R0944,original,siteB,-0.0009217183350515992
methylation,CpG_R0944,original,siteC,-0.021906765485947652
methylation,CpG_R0945,original,(Intercept),0.17532999155234702
methylation,CpG_R0945,original,age,0.0006712962807419034
methylation,CpG_R0945,original,sexM,-0.00805363872202185
methylation,CpG_R0945,original,siteB,-0.01761430816236759
methylation,CpG_R0945,original,siteC,-0.010652032190533244
methylation,CpG_R0946,original,(Intercept),0.16642214287816104
methylation,CpG_R0946,original,age,-0.00010145546607892546
methylation,CpG_R0946,original,sexM,0.0007439095905906043
methylation,CpG_R0946,original,siteB,-0.00713082281022112
methylation,CpG_R0946,original,siteC,-0.009663909235737098
methylation,CpG_R0947,original,(Intercept),0.24475843829626964
methylation,CpG_R0947,original,age,0.00023932651956587266
methylation,CpG_R0947,original,sexM,0.00832546879765261
methylation,CpG_R0947,original,siteB,0.010130980279806436
methylation,CpG_R0947,original,siteC,0.0015610158404635456
methylation,CpG_R0948,original,(Intercept),0.4002279029230234
methylation,CpG_R0948,original,age,-0.0007592506185518926
methylation,CpG_R0948,original,sexM,-0.008465993417166423
methylation,CpG_R0948,original,siteB,-0.008245128410510344
methylation,CpG_R0948,original,siteC,-0.0033024538257034157
methylation,CpG_R0949,original,(Intercept),0.2124500491623461
methylation,CpG_R0949,original,age,0.0001576021752156239
methylation,CpG_R0949,original,sexM,-0.015573734298967832
methylation,CpG_R0949,original,siteB,0.007217341396147131
methylation,CpG_R0949,original,siteC,0.0067783761552505616
methylation,CpG_R0950,original,(Intercept),0.12996601605294977
methylation,CpG_R0950,original,age,-0.00023056048860596725
methylation,CpG_R0950,original,sexM,-0.0040931549146145585
methylation,CpG_R0950,original,siteB,0.012320889207790325
methylation,CpG_R0950,original,siteC,0.0032886403348510876
methylation,CpG_R0951,original,(Intercept),0.36571374697969655
methylation,CpG_R0951,original,age,0.00022451613734825112
methylation,CpG_R0951,original,sexM,-0.005650712001162575
methylation,CpG_R0951,original,siteB,-0.007867739937383038
methylation,CpG_R0951,original,siteC,0.0016935818953342917
methylation,CpG_R0952,original,(Intercept),0.287665937478247
methylation,CpG_R0952,original,age,-0.00024068679254496536
methylation,CpG_R0952,original,sexM,-0.009289028255705127
methylation,CpG_R0952,original,siteB,-0.03091756572161128
methylation,CpG_R0952,original,siteC,-0.014441077422254126
methylation,CpG_R0953,original,(Intercept),0.15422917589568838
methylation,CpG_R0953,original,age,-7.31876526574949e-05
methylation,CpG_R0953,original,sexM,-0.0040549036190093875
methylation,CpG_R0953,original,siteB,0.007312748561660895
methylation,CpG_R0953,original,siteC,0.0010467862725291634
methylation,CpG_R0954,original,(Intercept),0.33398547800169937
methylation,CpG_R0954,original,age,-0.0004897197974027799
methylation,CpG_R0954,original,sexM,-0.0085163180012302
methylation,CpG_R0954,original,siteB,-0.015832942189140203
methylation,CpG_R0954,original,siteC,-0.008134902572908564
methylation,CpG_R0955,original,(Intercept),0.2518609605232678
methylation,CpG_R0955,original,age,4.955147145062805e-05
methylation,CpG_R0955,original,sexM,0.002511406803072232
methylation,CpG_R0955,original,siteB,0.006988143591386178
methylation,CpG_R0955,original,siteC,-0.00033235137994968835
methylation,CpG_R0956,original,(Intercept),0.0899657720215064
methylation,CpG_R0956,original,age,0.0002860668804106089
methylation,CpG_R0956,original,sexM,-0.005858341657549125
methylation,CpG_R0956,original,siteB,-0.0035360310303933135
methylation,CpG_R0956,original,siteC,0.003428767241254602
methylation,CpG_R0957,original,(Intercept),0.1231972117519417
methylation,CpG_R0957,original,age,0.0003818640024840381
methylation,CpG_R0957,original,sexM,0.01486255093221563
methylation,CpG_R0957,original,siteB,0.00048346819829726004
methylation,CpG_R0957,original,siteC,-0.0064292769702069446
methylation,CpG_R0958,original,(Intercept),0.316286384657823
methylation,CpG_R0958,original,age,-0.0005847178909038904
methylation,CpG_R0958,original,sexM,0.003605493071201224
methylation,CpG_R0958,original,siteB,-0.004815132599575447
methylation,CpG_R0958,original,siteC,-0.006399668191451997
methylation,CpG_R0959,original,(Intercept),0.09488547467904954
methylation,CpG_R0959,original,age,-0.0002664303741428353
methylation,CpG_R0959,original,sexM,0.016056557215432057
methylation,CpG_R0959,original,siteB,0.0008051734829694871
methylation,CpG_R0959,original,siteC,-0.007532624016599197
methylation,CpG_R0960,original,(Intercept),0.18205797827319783
methylation,CpG_R0960,original,age,0.0004257974936034775
methylation,CpG_R0960,original,sexM,0.005413575174581537
methylation,CpG_R0960,original,siteB,0.004709261014768912
methylation,CpG_R0960,original,siteC,0.00949037974175718
methylation,CpG_R0961,original,(Intercept),0.18901880783571798
methylation,CpG_R0961,original,age,0.0002241397729398261
methylation,CpG_R0961,original,sexM,0.0063002596951896505
methylation,CpG_R0961,original,siteB,-0.0014696426009975982
methylation,CpG_R0961,original,siteC,-0.00011242343273007675
methylation,CpG_R0962,original,(Intercept),0.3444865642706104
methylation,CpG_R0962,original,age,2.0906792452549523e-05
methylation,CpG_R0962,original,sexM,0.0030525594824575434
methylation,CpG_R0962,original,siteB,-0.021917175816705912
methylation,CpG_R0962,original,siteC,-0.020328458051383634
methylation,CpG_R0963,original,(Intercept),0.09543060540081852
methylation,CpG_R0963,original,age,0.0017918855439675956
methylation,CpG_R0963,original,sexM,0.013154487063350803
methylation,CpG_R0963,original,siteB,-0.02341454812199542
methylation,CpG_R0963,original,siteC,-0.02005233688023648
methylation,CpG_R0964,original,(Intercept),0.0748190612461084
methylation,CpG_R0964,original,age,-0.0006972189819500679
methylation,CpG_R0964,original,sexM,0.010509450204377449
methylation,CpG_R0964,original,siteB,0.012404207475433755
methylation,CpG_R0964,original,siteC,0.018207620237058415
methylation,CpG_R0965,original,(Intercept),0.11539359267627466
methylation,CpG_R0965,original,age,-0.0003527068154703724
methylation,CpG_R0965,original,sexM,0.006507376986399341
methylation,CpG_R0965,original,siteB,-0.014052624776793646
methylation,CpG_R0965,original,siteC,-0.015934215192825518
methylation,CpG_R0966,original,(Intercept),0.17168761228603588
methylation,CpG_R0966,original,age,-0.0003446534857073519
methylation,CpG_R0966,original,sexM,-0.007558446652254043
methylation,CpG_R0966,original,siteB,0.017892143020452597
methylation,CpG_R0966,original,siteC,0.004884460779346115
methylation,CpG_R0967,original,(Intercept),0.23170176027764394
methylation,CpG_R0967,original,age,1.7638910702708462e-05
methylation,CpG_R0967,original,sexM,-0.022033936522827282
methylation,CpG_R0967,original,siteB,-0.003744491633329361
methylation,CpG_R0967,original,siteC,-0.010932295048077384
methylation,CpG_R0968,original,(Intercept),0.08928218222083795
methylation,CpG_R0968,original,age,-0.00017557737445025095
methylation,CpG_R0968,original,sexM,-0.017703308650352544
methylation,CpG_R0968,original,siteB,0.014210180798281487
methylation,CpG_R0968,original,siteC,0.006642945484872555
methylation,CpG_R0969,original,(Intercept),0.29037203360377395
methylation,CpG_R0969,original,age,0.00024172703233961236
methylation,CpG_R0969,original,sexM,-0.008073368096270198
methylation,CpG_R0969,original,siteB,-0.000589004271844893
methylation,CpG_R0969,original,siteC,-0.008139341631613195
methylation,CpG_R0970,original,(Intercept),0.22206914072628473
methylation,CpG_R0970,original,age,0.0003587569607976491
methylation,CpG_R0970,original,sexM,-0.011918109291562968
methylation,CpG_R0970,original,siteB,0.002539044780446212
methylation,CpG_R0970,original,siteC,-0.001058976271574096
methylation,CpG_R0971,original,(Intercept),0.07002880023349944
methylation,CpG_R0971,original,age,-0.0004732442937405071
methylation,CpG_R0971,original,sexM,-0.00024635254895487757
methylation,CpG_R0971,original,siteB,0.0015033696416853393
methylation,CpG_R0971,original,siteC,-0.0029434065711849565
methylation,CpG_R0972,original,(Intercept),0.12430253496518609
methylation,CpG_R0972,original,age,5.56770607253706e-05
methylation,CpG_R0972,original,sexM,0.0013869014168104254
methylation,CpG_R0972,original,siteB,0.01008925313455991
methylation,CpG_R0972,original,siteC,-0.00010852963631165711
methylation,CpG_R0973,original,(Intercept),0.3039838953643142
methylation,CpG_R0973,original,age,-0.0001748147920725875
methylation,CpG_R0973,original,sexM,-0.006780858970939711
methylation,CpG_R0973,original,siteB,0.012662381859285131
methylation,CpG_R0973,original,siteC,-0.007565477680593524
methylation,CpG_R0974,original,(Intercept),0.2251603204095951
methylation,CpG_R0974,original,age,-0.00031030220870999377
methylation,CpG_R0974,original,sexM,0.008375424308815918
methylation,CpG_R0974,original,siteB,0.010331685157346086
methylation,CpG_R0974,original,siteC,0.012765256052632377
methylation,CpG_R0975,original,(Intercept),0.09233684629521578
methylation,CpG_R0975,original,age,-0.0006018246372471788
methylation,CpG_R0975,original,sexM,-0.014764334423723042
methylation,CpG_R0975,original,siteB,0.013165229592920937
methylation,CpG_R0975,original,siteC,0.010477012552567735
methylation,CpG_R0976,original,(Intercept),0.38422512019092725
methylation,CpG_R0976,original,age,0.0007233304652759335
methylation,CpG_R0976,original,sexM,0.0012607320764518443
methylation,CpG_R0976,original,siteB,-0.00484259996227731
methylation,CpG_R0976,original,siteC,-0.008939505950332736
methylation,CpG_R0977,original,(Intercept),0.044519682373626863
methylation,CpG_R0977,original,age,0.00041526497640435726
methylation,CpG_R0977,original,sexM,0.0032976371442392685
methylation,CpG_R0977,original,siteB,0.0003560281359950281
methylation,CpG_R0977,original,siteC,0.0003993382279270362
methylation,CpG_R0978,original,(Intercept),0.30615488254266776
methylation,CpG_R0978,original,age,-0.00021806910633080136
methylation,CpG_R0978,original,sexM,-0.001517473881749255
methylation,CpG_R0978,original,siteB,0.004489769648573849
methylation,CpG_R0978,original,siteC,0.009690501956503821
methylation,CpG_R0979,original,(Intercept),0.14953261141616495
methylation,CpG_R0979,original,age,0.00034176397173666317
methylation,CpG_R0979,original,sexM,-0.004271948497349487
methylation,CpG_R0979,original,siteB,0.02056580245509935
methylation,CpG_R0979,original,siteC,0.021472858797047516
methylation,CpG_R0980,original,(Intercept),0.28880887223203555
methylation,CpG_R0980,original,age,0.00022895827160861694
methylation,CpG_R0980,original,sexM,-0.005226956718282452
methylation,CpG_R0980,original,siteB,-0.0201831730646548
methylation,CpG_R0980,original,siteC,-0.009722173328550696
methylation,CpG_R0981,original,(Intercept),0.12363588224041454
methylation,CpG_R0981,original,age,0.00020928563237866392
methylation,CpG_R0981,original,sexM,0.009467138035218224
methylation,CpG_R0981,original,siteB,0.003127010762682432
methylation,CpG_R0981,original,siteC,0.0022961139553760983
methylation,CpG_R0982,original,(Intercept),0.09079186291699033
methylation,CpG_R0982,original,age,-0.00021795209223506563
methylation,CpG_R0982,original,sexM,-0.0022084522104690242
methylation,CpG_R0982,original,siteB,-0.005672609525123075
methylation,CpG_R0982,original,siteC,0.0008787116389974275
methylation,CpG_R0983,original,(Intercept),0.26597377497338076
methylation,CpG_R0983,original,age,0.00036238714045202803
methylation,CpG_R0983,original,sexM,-0.0076276501744314065
methylation,CpG_R0983,original,siteB,-0.009033947647158673
methylation,CpG_R0983,original,siteC,-0.01078301813034907
methylation,CpG_R0984,original,(Intercept),0.09537291522800503
methylation,CpG_R0984,original,age,-0.0004899139788739014
methylation,CpG_R0984,original,sexM,0.012493969232720005
methylation,CpG_R0984,original,siteB,0.0010111640954211802
methylation,CpG_R0984,original,siteC,0.003313572623762845
methylation,CpG_R0985,original,(Intercept),0.1703657040241219
methylation,CpG_R0985,original,age,-6.282748272985393e-05
methylation,CpG_R0985,original,sexM,0.002720096529427285
methylation,CpG_R0985,original,siteB,0.006156707048403907
methylation,CpG_R0985,original,siteC,7.23121409927246e-05
methylation,CpG_R0986,original,(Intercept),0.09836699411324767
methylation,CpG_R0986,original,age,-0.00016579164689686516
methylation,CpG_R0986,original,sexM,-0.012601828345144185
methylation,CpG_R0986,original,siteB,0.009109179203396807
methylation,CpG_R0986,original,siteC,0.00967410028790724
methylation,CpG_R0987,original,(Intercept),0.07380001565504468
methylation,CpG_R0987,original,age,-0.00011143214165853355
methylation,CpG_R0987,original,sexM,-0.0006703240317184999
methylation,CpG_R0987,original,siteB,-0.0062185714375161
methylation,CpG_R0987,original,siteC,-1.3467203256309499e-05
methylation,CpG_R0988,original,(Intercept),0.2641406636456439
methylation,CpG_R0988,original,age,-0.0005423014466954223
methylation,CpG_R0988,original,sexM,0.0025894521182558317
methylation,CpG_R0988,original,siteB,-0.046064474196517144
methylation,CpG_R0988,original,siteC,-0.04231664039748382
methylation,CpG_R0989,original,(Intercept),0.33473526136473425
methylation,CpG_R0989,original,age,0.000513366795404276
methylation,CpG_R0989,original,sexM,-0.015667581679390603
methylation,CpG_R0989,original,siteB,0.004696844822971035
methylation,CpG_R0989,original,siteC,0.0009699410108567892
methylation,CpG_R0990,original,(Intercept),0.28865221022310283
methylation,CpG_R0990,original,age,-0.00024333260856260598
methylation,CpG_R0990,original,sexM,0.015023725638191559
methylation,CpG_R0990,original,siteB,-0.0072571711461512055
methylation,CpG_R0990,original,siteC,-0.008392604537664869
methylation,CpG_R0991,original,(Intercept),0.13478452930075432
methylation,CpG_R0991,original,age,0.0004083544272486451
methylation,CpG_R0991,original,sexM,0.01760775869236527
methylation,CpG_R0991,original,siteB,-0.019370366982215895
methylation,CpG_R0991,original,siteC,-0.011743918975765292
methylation,CpG_R0992,original,(Intercept),0.3011937450253372
methylation,CpG_R0992,original,age,-0.0006644947047899111
methylation,CpG_R0992,original,sexM,0.006431623117724137
methylation,CpG_R0992,original,siteB,0.0017880807886139671
methylation,CpG_R0992,original,siteC,0.0037285410567407876
methylation,CpG_R0993,original,(Intercept),0.09870818081835836
methylation,CpG_R0993,original,age,0.000196163310415146
methylation,CpG_R0993,original,sexM,-0.004576040157710722
methylation,CpG_R0993,original,siteB,0.015541712358682151
methylation,CpG_R0993,original,siteC,0.012996360894373594
methylation,CpG_R0994,original,(Intercept),0.09603690372124314
methylation,CpG_R0994,original,age,0.00010620777453089143
methylation,CpG_R0994,original,sexM,0.010026840368513961
methylation,CpG_R0994,original,siteB,0.007190735469529167
methylation,CpG_R0994,original,siteC,0.00966431540764005
methylation,CpG_R0995,original,(Intercept),0.20362173592259913
methylation,CpG_R0995,original,age,0.00012929774977802854
methylation,CpG_R0995,original,sexM,0.004070579553695304
methylation,CpG_R0995,original,siteB,0.003381908951415896
methylation,CpG_R0995,original,siteC,1.5812282207458743e-05
methylation,CpG_R0996,original,(Intercept),0.2576002474491544
methylation,CpG_R0996,original,age,-0.00018841016499201874
methylation,CpG_R0996,original,sexM,0.004517614535937154
methylation,CpG_R0996,original,siteB,-0.023976666617666207
methylation,CpG_R0996,original,siteC,-0.029709056545886577
methylation,CpG_R0997,original,(Intercept),0.16139090872242595
methylation,CpG_R0997,original,age,0.00024040824092479607
methylation,CpG_R0997,original,sexM,0.003282844327748048
methylation,CpG_R0997,original,siteB,-0.007361474744112845
methylation,CpG_R0997,original,siteC,0.0073932691167739525
methylation,CpG_R0998,original,(Intercept),0.04378355727842383
methylation,CpG_R0998,original,age,-0.00022288791196604297
methylation,CpG_R0998,original,sexM,-0.0056981703312925696
methylation,CpG_R0998,original,siteB,0.011407690173471052
methylation,CpG_R0998,original,siteC,0.00847452398331469
methylation,CpG_R0999,original,(Intercept),0.17752281788404903
methylation,CpG_R0999,original,age,-0.00024004388377496744
methylation,CpG_R0999,original,sexM,0.001064234326678333
methylation,CpG_R0999,original,siteB,0.012216745482781594
methylation,CpG_R0999,original,siteC,0.011060339444100176
methylation,CpG_R1000,original,(Intercept),0.20899854477127391
methylation,CpG_R1000,original,age,-0.0007223763475329874
methylation,CpG_R1000,original,sexM,0.004665402899637585
methylation,CpG_R1000,original,siteB,-0.013960456891693332
methylation,CpG_R1000,original,siteC,-0.019012078346760986
methylation,CpG_R1001,original,(Intercept),0.054660511052974196
methylation,CpG_R1001,original,age,0.0005030782977038474
methylation,CpG_R1001,original,sexM,-0.00830649320829693
methylation,CpG_R1001,original,siteB,0.0023788333754254792
methylation,CpG_R1001,original,siteC,0.015813738047588427
methylation,CpG_R1002,original,(Intercept),0.14946933680686686
methylation,CpG_R1002,original,age,0.0004925704851292865
methylation,CpG_R1002,original,sexM,0.00796955512422817
methylation,CpG_R1002,original,siteB,0.009666978618250567
methylation,CpG_R1002,original,siteC,-0.0007195484255038864
methylation,CpG_R1003,original,(Intercept),0.08857697602066208
methylation,CpG_R1003,original,age,0.00020835131137488194
methylation,CpG_R1003,original,sexM,0.012426191482600569
methylation,CpG_R1003,original,siteB,0.009138212408422448
methylation,CpG_R1003,original,siteC,0.009429206620152192
methylation,CpG_R1004,original,(Intercept),0.24724008564066624
methylation,CpG_R1004,original,age,-0.0008520675847029905
methylation,CpG_R1004,original,sexM,-0.00749691604134595
methylation,CpG_R1004,original,siteB,0.0003828696942736277
methylation,CpG_R1004,original,siteC,0.020020226363379273
methylation,CpG_R1005,original,(Intercept),0.0380759820637702
methylation,CpG_R1005,original,age,0.000502892637081666
methylation,CpG_R1005,original,sexM,-0.00011247948515075681
methylation,CpG_R1005,original,siteB,-0.0038801051783197847
methylation,CpG_R1005,original,siteC,-0.0060700113897507076
methylation,CpG_R1006,original,(Intercept),0.3047224525491594
methylation,CpG_R1006,original,age,0.0005383249997945849
methylation,CpG_R1006,original,sexM,0.003928226641305069
methylation,CpG_R1006,original,siteB,-0.041462114014107584
methylation,CpG_R1006,original,siteC,-0.038955010910623214
methylation,CpG_R1007,original,(Intercept),0.04972339296397256
methylation,CpG_R1007,original,age,0.00034296607483219556
methylation,CpG_R1007,original,sexM,0.015644878818206365
methylation,CpG_R1007,original,siteB,-0.0017801655846177158
methylation,CpG_R1007,original,siteC,0.005878981917664719
methylation,CpG_R1008,original,(Intercept),0.17592117005838512
methylation,CpG_R1008,original,age,-0.0003381555231427318
methylation,CpG_R1008,original,sexM,0.010290916129512153
methylation,CpG_R1008,original,siteB,0.006148942822377926
methylation,CpG_R1008,original,siteC,0.010308466544993629
methylation,CpG_R1009,original,(Intercept),0.26348245429855927
methylation,CpG_R1009,original,age,0.00025894376882253724
methylation,CpG_R1009,original,sexM,0.013152285763342661
methylation,CpG_R1009,original,siteB,-0.016430018641791017
methylation,CpG_R1009,original,siteC,-0.01875021428638669
methylation,CpG_R1010,original,(Intercept),0.18870206555883587
methylation,CpG_R1010,original,age,-0.0001280471155368639
methylation,CpG_R1010,original,sexM,0.001972888969919743
methylation,CpG_R1010,original,siteB,0.0054471316117185205
methylation,CpG_R1010,original,siteC,-0.004118622923517342
methylation,CpG_R1011,original,(Intercept),0.12097803186438852
methylation,CpG_R1011,original,age,-9.726627468144855e-05
methylation,CpG_R1011,original,sexM,-0.02089114636865254
methylation,CpG_R1011,original,siteB,0.008693837337760874
methylation,CpG_R1011,original,siteC,0.01150161568936014
methylation,CpG_R1012,original,(Intercept),0.19124095801533747
methylation,CpG_R1012,original,age,-0.00021786156553327946
methylation,CpG_R1012,original,sexM,0.009247159397423295
methylation,CpG_R1012,original,siteB,-0.006740972106579097
methylation,CpG_R1012,original,siteC,-0.007090413942651191
methylation,CpG_R1013,original,(Intercept),0.22554081416255198
methylation,CpG_R1013,original,age,1.996727997497548e-05
methylation,CpG_R1013,original,sexM,0.0035270128035344425
methylation,CpG_R1013,original,siteB,-0.015412497970493206
methylation,CpG_R1013,original,siteC,-0.021051902265419434
methylation,CpG_R1014,original,(Intercept),0.0745906683295702
methylation,CpG_R1014,original,age,0.0004651870060076416
methylation,CpG_R1014,original,sexM,-0.014657252905546371
methylation,CpG_R1014,original,siteB,-0.00664871965665422
methylation,CpG_R1014,original,siteC,-0.004383440037995854
methylation,CpG_R1015,original,(Intercept),0.035816504566349765
methylation,CpG_R1015,original,age,-0.00021601751111522072
methylation,CpG_R1015,original,sexM,0.005711904962489965
methylation,CpG_R1015,original,siteB,-0.0032351026439683844
methylation,CpG_R1015,original,siteC,0.0022991409801109267
methylation,CpG_R1016,original,(Intercept),0.33065136874277556
methylation,CpG_R1016,original,age,-0.0005644569316259491
methylation,CpG_R1016,original,sexM,0.008727569064672279
methylation,CpG_R1016,original,siteB,-0.005810164254787293
methylation,CpG_R1016,original,siteC,-0.006913003066127246
methylation,CpG_R1017,original,(Intercept),0.0709023929809533
methylation,CpG_R1017,original,age,-8.47227845601643e-05
methylation,CpG_R1017,original,sexM,-0.0038831020025002
methylation,CpG_R1017,original,siteB,-0.01961675359345908
methylation,CpG_R1017,original,siteC,-0.03141158279607391
methylation,CpG_R1018,original,(Intercept),0.1329250700927596
methylation,CpG_R1018,original,age,-6.949175277769664e-05
methylation,CpG_R1018,original,sexM,-0.0064990234230458315
methylation,CpG_R1018,original,siteB,0.001976169195454152
methylation,CpG_R1018,original,siteC,-0.0027714876892031446
methylation,CpG_R1019,original,(Intercept),0.19974261977154187
methylation,CpG_R1019,original,age,0.0002667016876999751
methylation,CpG_R1019,original,sexM,-0.0029978047874016163
methylation,CpG_R1019,original,siteB,0.008520041424035042
methylation,CpG_R1019,original,siteC,0.004188086596458466
methylation,CpG_R1020,original,(Intercept),0.0946618971512182
methylation,CpG_R1020,original,age,-0.00020190600374700847
methylation,CpG_R1020,original,sexM,-0.002597689469559459
methylation,CpG_R1020,original,siteB,0.0048963463689145606
methylation,CpG_R1020,original,siteC,0.0028394631654042103
methylation,CpG_R1021,original,(Intercept),0.18652039869320794
methylation,CpG_R1021,original,age,-0.0003509816257449349
methylation,CpG_R1021,original,sexM,0.004534027457262257
methylation,CpG_R1021,original,siteB,-0.02006577975500348
methylation,CpG_R1021,original,siteC,-0.0029018326229715737
methylation,CpG_R1022,original,(Intercept),0.44014329171238475
methylation,CpG_R1022,original,age,-2.430409779529556e-05
methylation,CpG_R1022,original,sexM,0.005358481287876136
methylation,CpG_R1022,original,siteB,-0.008027472826830953
methylation,CpG_R1022,original,siteC,-0.0157874575414221
methylation,CpG_R1023,original,(Intercept),0.16802637416435995
methylation,CpG_R1023,original,age,-0.00026707219372196076
methylation,CpG_R1023,original,sexM,-0.006205519594282754
methylation,CpG_R1023,original,siteB,-0.002671483066919861
methylation,CpG_R1023,original,siteC,-0.0024486136706947043
methylation,CpG_R1024,original,(Intercept),0.3486997694988085
methylation,CpG_R1024,original,age,0.00027339554033617295
methylation,CpG_R1024,original,sexM,-0.00066990825634107
methylation,CpG_R1024,original,siteB,-0.011961868727351275
methylation,CpG_R1024,original,siteC,-0.01596897815449309
methylation,CpG_R1025,original,(Intercept),0.10396807209025893
methylation,CpG_R1025,original,age,0.00019343391357852242
methylation,CpG_R1025,original,sexM,0.004178952234193038
methylation,CpG_R1025,original,siteB,-0.006909012091476938
methylation,CpG_R1025,original,siteC,-0.0008772045969166574
methylation,CpG_R1026,original,(Intercept),0.15508896722950366
methylation,CpG_R1026,original,age,-0.0001291578116859424
methylation,CpG_R1026,original,sexM,-0.0004721782087569011
methylation,CpG_R1026,original,siteB,0.00860287970547285
methylation,CpG_R1026,original,siteC,0.0009946919191844551
methylation,CpG_R1027,original,(Intercept),0.17192031128605245
methylation,CpG_R1027,original,age,-0.0004491229804637429
methylation,CpG_R1027,original,sexM,-0.015024659476371428
methylation,CpG_R1027,original,siteB,-0.0016888883444371278
methylation,CpG_R1027,original,siteC,0.0029958442790393607
methylation,CpG_R1028,original,(Intercept),0.10802748005146269
methylation,CpG_R1028,original,age,8.572880716553103e-05
methylation,CpG_R1028,original,sexM,0.00897096955498576
methylation,CpG_R1028,original,siteB,0.003465479363308362
methylation,CpG_R1028,original,siteC,0.002850012373673277
methylation,CpG_R1029,original,(Intercept),0.339291784515057
methylation,CpG_R1029,original,age,0.00030685030369984083
methylation,CpG_R1029,original,sexM,0.01152645028512083
methylation,CpG_R1029,original,siteB,-0.006509984220242666
methylation,CpG_R1029,original,siteC,-0.007648024876260077
methylation,CpG_R1030,original,(Intercept),0.07319024620363095
methylation,CpG_R1030,original,age,0.0003643633470385953
methylation,CpG_R1030,original,sexM,0.0016166128415867852
methylation,CpG_R1030,original,siteB,-0.01682495183470794
methylation,CpG_R1030,original,siteC,-0.013291092738605854
methylation,CpG_R1031,original,(Intercept),0.2890457121457149
methylation,CpG_R1031,original,age,4.496515373458675e-05
methylation,CpG_R1031,original,sexM,0.0006214729516282414
methylation,CpG_R1031,original,siteB,-0.04933160214649826
methylation,CpG_R1031,original,siteC,-0.03845390630405416
methylation,CpG_R1032,original,(Intercept),0.5744070742716626
methylation,CpG_R1032,original,age,0.0004890707684491999
methylation,CpG_R1032,original,sexM,-0.01267820327590838
methylation,CpG_R1032,original,siteB,-0.005557724878728829
methylation,CpG_R1032,original,siteC,-0.0052840757337865776
methylation,CpG_R1033,original,(Intercept),0.15377674391027613
methylation,CpG_R1033,original,age,1.3688013289291392e-05
methylation,CpG_R1033,original,sexM,-0.017402223120603376
methylation,CpG_R1033,original,siteB,-0.011757040645907694
methylation,CpG_R1033,original,siteC,0.007749594553330288
methylation,CpG_R1034,original,(Intercept),0.10919258125060338
methylation,CpG_R1034,original,age,-0.00023499740251847385
methylation,CpG_R1034,original,sexM,-0.009844583272595873
methylation,CpG_R1034,original,siteB,0.011851335306671802
methylation,CpG_R1034,original,siteC,0.016798988494227205
methylation,CpG_R1035,original,(Intercept),0.312944304421486
methylation,CpG_R1035,original,age,-0.000110896215556952
methylation,CpG_R1035,original,sexM,0.004936247205192167
methylation,CpG_R1035,original,siteB,-0.003950636811602269
methylation,CpG_R1035,original,siteC,-0.00048325840682928285
methylation,CpG_R1036,original,(Intercept),0.11386356306833499
methylation,CpG_R1036,original,age,0.00020820554387520715
methylation,CpG_R1036,original,sexM,-0.0015221227467024563
methylation,CpG_R1036,original,siteB,-0.00327659710243975
methylation,CpG_R1036,original,siteC,-0.023095506488646462
methylation,CpG_R1037,original,(Intercept),0.23013490682636595
methylation,CpG_R1037,original,age,0.0008036994260346676
methylation,CpG_R1037,original,sexM,-0.0017140002430974476
methylation,CpG_R1037,original,siteB,-4.394980398770918e-06
methylation,CpG_R1037,original,siteC,-0.01045782489812648
methylation,CpG_R1038,original,(Intercept),0.16762973913627766
methylation,CpG_R1038,original,age,-0.00016768213050670147
methylation,CpG_R1038,original,sexM,0.011353506928897203
methylation,CpG_R1038,original,siteB,-0.007603635479807587
methylation,CpG_R1038,original,siteC,-0.005219729596337036
methylation,CpG_R1039,original,(Intercept),0.3627977396431744
methylation,CpG_R1039,original,age,-0.0006204324041384002
methylation,CpG_R1039,original,sexM,-0.003594630374404385
methylation,CpG_R1039,original,siteB,0.002574172947240578
methylation,CpG_R1039,original,siteC,0.0007617720962837059
methylation,CpG_R1040,original,(Intercept),0.07120801132418184
methylation,CpG_R1040,original,age,-1.3830227951654124e-05
methylation,CpG_R1040,original,sexM,0.010621177908253043
methylation,CpG_R1040,original,siteB,0.008724376498931945
methylation,CpG_R1040,original,siteC,0.009625664920401376
methylation,CpG_R1041,original,(Intercept),0.15684152394632
methylation,CpG_R1041,original,age,-4.507331858846133e-06
methylation,CpG_R1041,original,sexM,-0.0019206046353790996
methylation,CpG_R1041,original,siteB,-0.02609628026000966
methylation,CpG_R1041,original,siteC,-0.016620530839294014
methylation,CpG_R1042,original,(Intercept),0.3936605251251471
methylation,CpG_R1042,original,age,-0.00022013955316288754
methylation,CpG_R1042,original,sexM,-0.003246264922610834
methylation,CpG_R1042,original,siteB,-0.018880429986309354
methylation,CpG_R1042,original,siteC,-0.02797032667550648
methylation,CpG_R1043,original,(Intercept),-0.00576653480217901
methylation,CpG_R1043,original,age,0.0009274350461881284
methylation,CpG_R1043,original,sexM,0.009078814474950837
methylation,CpG_R1043,original,siteB,0.006514500357962344
methylation,CpG_R1043,original,siteC,-0.0062694711259592105
methylation,CpG_R1044,original,(Intercept),0.41592549316710736
methylation,CpG_R1044,original,age,0.00011060148281850239
methylation,CpG_R1044,original,sexM,0.002607037017668306
methylation,CpG_R1044,original,siteB,-0.00978340494348394
methylation,CpG_R1044,original,siteC,-0.010368273373660957
methylation,CpG_R1045,original,(Intercept),0.049236474697292996
methylation,CpG_R1045,original,age,0.0005634825042000078
methylation,CpG_R1045,original,sexM,0.0024408095772695173
methylation,CpG_R1045,original,siteB,-0.0057825449952948384
methylation,CpG_R1045,original,siteC,-0.0020130508409503165
methylation,CpG_R1046,original,(Intercept),0.15121399963905666
methylation,CpG_R1046,original,age,-0.00021138687324248617
methylation,CpG_R1046,original,sexM,-0.001471327117208558
methylation,CpG_R1046,original,siteB,-0.006915912634021948
methylation,CpG_R1046,original,siteC,-0.015097182125759624
methylation,CpG_R1047,original,(Intercept),0.2025384067648359
methylation,CpG_R1047,original,age,-5.6993519289970556e-05
methylation,CpG_R1047,original,sexM,-0.010550021421424558
methylation,CpG_R1047,original,siteB,-0.002680689681521743
methylation,CpG_R1047,original,siteC,0.009278878133958331
methylation,CpG_R1048,original,(Intercept),0.241392714398004
methylation,CpG_R1048,original,age,0.000356151033805901
methylation,CpG_R1048,original,sexM,-0.006625500979622469
methylation,CpG_R1048,original,siteB,0.007258394144357363
methylation,CpG_R1048,original,siteC,0.005235993648385905
methylation,CpG_R1049,original,(Intercept),0.18187529122972868
methylation,CpG_R1049,original,age,0.00024244652945081148
methylation,CpG_R1049,original,sexM,0.003860570741025406
methylation,CpG_R1049,original,siteB,-0.023870206000663106
methylation,CpG_R1049,original,siteC,-0.029870501228967977
methylation,CpG_R1050,original,(Intercept),0.4009417783083093
methylation,CpG_R1050,original,age,1.4602590594813011e-05
methylation,CpG_R1050,original,sexM,-0.00033756385112055216
methylation,CpG_R1050,original,siteB,0.009400845695580229
methylation,CpG_R1050,original,siteC,0.010583582753860567
methylation,CpG_R1051,original,(Intercept),0.22560175632601995
methylation,CpG_R1051,original,age,-0.00021870999325813295
methylation,CpG_R1051,original,sexM,-0.0035139221501603386
methylation,CpG_R1051,original,siteB,0.014359469292941462
methylation,CpG_R1051,original,siteC,0.016140017204338615
methylation,CpG_R1052,original,(Intercept),0.18847059876055294
methylation,CpG_R1052,original,age,0.00029022061379147934
methylation,CpG_R1052,original,sexM,0.004753370768555519
methylation,CpG_R1052,original,siteB,-0.009531343017186413
methylation,CpG_R1052,original,siteC,-0.01296853199500002
methylation,CpG_R1053,original,(Intercept),0.17812720067430038
methylation,CpG_R1053,original,age,3.864984004850401e-06
methylation,CpG_R1053,original,sexM,0.0014752863158994812
methylation,CpG_R1053,original,siteB,0.010871441160922443
methylation,CpG_R1053,original,siteC,0.017779239407566597
methylation,CpG_R1054,original,(Intercept),0.2942435471111141
methylation,CpG_R1054,original,age,-0.00039818705354968686
methylation,CpG_R1054,original,sexM,-0.002356562104441483
methylation,CpG_R1054,original,siteB,-0.04196065067641505
methylation,CpG_R1054,original,siteC,-0.038285815334705466
methylation,CpG_R1055,original,(Intercept),0.19057864156676102
methylation,CpG_R1055,original,age,5.010644753127455e-06
methylation,CpG_R1055,original,sexM,0.004602076184043707
methylation,CpG_R1055,original,siteB,0.007112208575046664
methylation,CpG_R1055,original,siteC,0.025793892914293886
methylation,CpG_R1056,original,(Intercept),0.2828678619673604
methylation,CpG_R1056,original,age,0.0005293310489878958
methylation,CpG_R1056,original,sexM,0.003962869979116472
methylation,CpG_R1056,original,siteB,-0.028444259627285074
methylation,CpG_R1056,original,siteC,-0.020041928998500533
methylation,CpG_R1057,original,(Intercept),0.0351622356721694
methylation,CpG_R1057,original,age,0.00029484293517752295
methylation,CpG_R1057,original,sexM,0.009187050542757095
methylation,CpG_R1057,original,siteB,-0.017223507901937992
methylation,CpG_R1057,original,siteC,-0.007726655075912362
methylation,CpG_R1058,original,(Intercept),0.1316143997103579
methylation,CpG_R1058,original,age,-0.0004338019601587877
methylation,CpG_R1058,original,sexM,-0.008034447261598292
methylation,CpG_R1058,original,siteB,0.00858072711548477
methylation,CpG_R1058,original,siteC,0.00017836855337582507
methylation,CpG_R1059,original,(Intercept),0.1321467349960254
methylation,CpG_R1059,original,age,-0.000251657846963665
methylation,CpG_R1059,original,sexM,-0.008329688289355722
methylation,CpG_R1059,original,siteB,-0.0006472035164111459
methylation,CpG_R1059,original,siteC,0.017789596700669194
methylation,CpG_R1060,original,(Intercept),0.15982538531789556
methylation,CpG_R1060,original,age,-0.0003722285194327315
methylation,CpG_R1060,original,sexM,0.002816602890500263
methylation,CpG_R1060,original,siteB,-0.027892196211918893
methylation,CpG_R1060,original,siteC,-0.03609174333652186
methylation,CpG_R1061,original,(Intercept),0.2739200249813675
methylation,CpG_R1061,original,age,-0.0005655088415962113
methylation,CpG_R1061,original,sexM,0.012229071659974224
methylation,CpG_R1061,original,siteB,-0.0021539482404111395
methylation,CpG_R1061,original,siteC,0.010598257646032437
methylation,CpG_R1062,original,(Intercept),0.11040103742962705
methylation,CpG_R1062,original,age,-0.0005678479084988132
methylation,CpG_R1062,original,sexM,0.0006366626856902789
methylation,CpG_R1062,original,siteB,-0.016903714074423398
methylation,CpG_R1062,original,siteC,-0.013062107900100145
methylation,CpG_R1063,original,(Intercept),0.12500667436893476
methylation,CpG_R1063,original,age,-0.00017769444375711376
methylation,CpG_R1063,original,sexM,0.0010068923909004985
methylation,CpG_R1063,original,siteB,-0.006243924565856645
methylation,CpG_R1063,original,siteC,-0.006743668208235567
methylation,CpG_R1064,original,(Intercept),0.26928049592054837
methylation,CpG_R1064,original,age,0.00042970707262655325
methylation,CpG_R1064,original,sexM,-0.010309217719641677
methylation,CpG_R1064,original,siteB,0.0024082267346481746
methylation,CpG_R1064,original,siteC,-0.009457494719366423
methylation,CpG_R1065,original,(Intercept),0.06136020505625483
methylation,CpG_R1065,original,age,-0.0001694749507827137
methylation,CpG_R1065,original,sexM,-0.004928961715270883
methylation,CpG_R1065,original,siteB,-0.0010769554327181366
methylation,CpG_R1065,original,siteC,0.008382342485718232
methylation,CpG_R1066,original,(Intercept),0.31814475284981536
methylation,CpG_R1066,original,age,-0.0003867153747208933
methylation,CpG_R1066,original,sexM,0.01252858269541
methylation,CpG_R1066,original,siteB,0.0011527264085556836
methylation,CpG_R1066,original,siteC,-0.0010121081259694864
methylation,CpG_R1067,original,(Intercept),0.3310595514132413
methylation,CpG_R1067,original,age,0.0003976433326488934
methylation,CpG_R1067,original,sexM,0.0015688131327237646
methylation,CpG_R1067,original,siteB,-0.011313040920636432
methylation,CpG_R1067,original,siteC,-0.011713584041042849
methylation,CpG_R1068,original,(Intercept),0.1414004510104527
methylation,CpG_R1068,original,age,0.0004762811611954895
methylation,CpG_R1068,original,sexM,-0.0010876908880400572
methylation,CpG_R1068,original,siteB,0.030253192685396304
methylation,CpG_R1068,original,siteC,0.011025021201131488
methylation,CpG_R1069,original,(Intercept),0.2567740893999395
methylation,CpG_R1069,original,age,0.00010337664889763154
methylation,CpG_R1069,original,sexM,0.002405419729902276
methylation,CpG_R1069,original,siteB,0.0020278205230163716
methylation,CpG_R1069,original,siteC,-0.0067230381292818974
methylation,CpG_R1070,original,(Intercept),0.37287650766789954
methylation,CpG_R1070,original,age,0.000502091571909275
methylation,CpG_R1070,original,sexM,-0.00582666381149921
methylation,CpG_R1070,original,siteB,-0.013948377883530627
methylation,CpG_R1070,original,siteC,-0.016744999582344124
methylation,CpG_R1071,original,(Intercept),0.26562611134501374
methylation,CpG_R1071,original,age,-9.899186900425992e-05
methylation,CpG_R1071,original,sexM,0.010470712472697048
methylation,CpG_R1071,original,siteB,0.00448714054438579
methylation,CpG_R1071,original,siteC,0.015461225947109192
methylation,CpG_R1072,original,(Intercept),0.05195139329261791
methylation,CpG_R1072,original,age,-0.00039328105862103754
methylation,CpG_R1072,original,sexM,0.002072000067478916
methylation,CpG_R1072,original,siteB,-0.005510694142807232
methylation,CpG_R1072,original,siteC,-0.0034365087213921552
methylation,CpG_R1073,original,(Intercept),0.3823541786495086
methylation,CpG_R1073,original,age,0.0005248078463923489
methylation,CpG_R1073,original,sexM,8.71596733739657e-05
methylation,CpG_R1073,original,siteB,0.005761913298877866
methylation,CpG_R1073,original,siteC,0.005420760368795535
methylation,CpG_R1074,original,(Intercept),0.10869849815438
methylation,CpG_R1074,original,age,-0.00028471297828514984
methylation,CpG_R1074,original,sexM,0.0026387239964655597
methylation,CpG_R1074,original,siteB,-0.002380171880850717
methylation,CpG_R1074,original,siteC,-0.0029114489100430497
methylation,CpG_R1075,original,(Intercept),0.17572746468752387
methylation,CpG_R1075,original,age,1.4565321763190973e-05
methylation,CpG_R1075,original,sexM,0.0039044095652944347
methylation,CpG_R1075,original,siteB,-0.004008334857646415
methylation,CpG_R1075,original,siteC,0.005135324011116026
methylation,CpG_R1076,original,(Intercept),0.1903366598818872
methylation,CpG_R1076,original,age,0.00011262849742861865
methylation,CpG_R1076,original,sexM,-0.008578825101583969
methylation,CpG_R1076,original,siteB,-0.0008227945734494101
methylation,CpG_R1076,original,siteC,0.008957803963123017
methylation,CpG_R1077,original,(Intercept),0.23013187171051308
methylation,CpG_R1077,original,age,0.0005390148170397635
methylation,CpG_R1077,original,sexM,0.010592622257957566
methylation,CpG_R1077,original,siteB,-0.04609335059445818
methylation,CpG_R1077,original,siteC,-0.04079515219920654
methylation,CpG_R1078,original,(Intercept),0.3480348230186332
methylation,CpG_R1078,original,age,-7.310266042190608e-05
methylation,CpG_R1078,original,sexM,0.004649083899040403
methylation,CpG_R1078,original,siteB,-0.007602902128178867
methylation,CpG_R1078,original,siteC,-0.004769712350890652
methylation,CpG_R1079,original,(Intercept),0.11618352935272638
methylation,CpG_R1079,original,age,0.0004132642610472425
methylation,CpG_R1079,original,sexM,-0.00018954189262806675
methylation,CpG_R1079,original,siteB,0.004543732154797501
methylation,CpG_R1079,original,siteC,-0.008521081486918533
methylation,CpG_R1080,original,(Intercept),0.2529336317179412
methylation,CpG_R1080,original,age,-0.00018485298970945333
methylation,CpG_R1080,original,sexM,0.004033227526124277
methylation,CpG_R1080,original,siteB,0.0038569036437558035
methylation,CpG_R1080,original,siteC,0.004132022954359371
methylation,CpG_R1081,original,(Intercept),0.22339175589495755
methylation,CpG_R1081,original,age,0.0006161374777396946
methylation,CpG_R1081,original,sexM,-0.008322921625563282
methylation,CpG_R1081,original,siteB,-0.020051382698381203
methylation,CpG_R1081,original,siteC,-0.007250938771244012
methylation,CpG_R1082,original,(Intercept),0.18456039525654486
methylation,CpG_R1082,original,age,0.0005306261905205285
methylation,CpG_R1082,original,sexM,-0.004767882284419654
methylation,CpG_R1082,original,siteB,0.0005903854298732827
methylation,CpG_R1082,original,siteC,0.0032396209503620667
methylation,CpG_R1083,original,(Intercept),0.1534515409778826
methylation,CpG_R1083,original,age,-0.0003831980433531715
methylation,CpG_R1083,original,sexM,-0.004693754472525803
methylation,CpG_R1083,original,siteB,-0.0006966837455620192
methylation,CpG_R1083,original,siteC,0.0053108900049606425
methylation,CpG_R1084,original,(Intercept),0.17171554689597718
methylation,CpG_R1084,original,age,0.00010105909092382574
methylation,CpG_R1084,original,sexM,0.000604609513464737
methylation,CpG_R1084,original,siteB,-0.006686082074955044
methylation,CpG_R1084,original,siteC,-0.004878997605265112
methylation,CpG_R1085,original,(Intercept),0.2673386325333785
methylation,CpG_R1085,original,age,-0.00027186416684811895
methylation,CpG_R1085,original,sexM,-0.00402555902943046
methylation,CpG_R1085,original,siteB,-0.014803535786400942
methylation,CpG_R1085,original,siteC,-0.007398338732378282
methylation,CpG_R1086,original,(Intercept),0.38235964293449043
methylation,CpG_R1086,original,age,0.0002711622018013191
methylation,CpG_R1086,original,sexM,0.006278432131557389
methylation,CpG_R1086,original,siteB,-0.007144896983785057
methylation,CpG_R1086,original,siteC,-0.017570343969667175
methylation,CpG_R1087,original,(Intercept),0.1944550762554528
methylation,CpG_R1087,original,age,-0.00018066179311461842
methylation,CpG_R1087,original,sexM,0.0021917804301780264
methylation,CpG_R1087,original,siteB,0.01085700090122335
methylation,CpG_R1087,original,siteC,0.023489158103379537
methylation,CpG_R1088,original,(Intercept),0.23923974702564998
methylation,CpG_R1088,original,age,0.00039869948568379995
methylation,CpG_R1088,original,sexM,0.007384391049384954
methylation,CpG_R1088,original,siteB,0.015236314006539825
methylation,CpG_R1088,original,siteC,-0.013719940391563318
methylation,CpG_R1089,original,(Intercept),0.2747472028208803
methylation,CpG_R1089,original,age,-0.0005844170584278187
methylation,CpG_R1089,original,sexM,0.01035252155746241
methylation,CpG_R1089,original,siteB,-0.030611654838609937
methylation,CpG_R1089,original,siteC,-0.033300914245129154
methylation,CpG_R1090,original,(Intercept),0.25573738562605103
methylation,CpG_R1090,original,age,-0.0007977664762486144
methylation,CpG_R1090,original,sexM,-0.0022525581260596414
methylation,CpG_R1090,original,siteB,-0.005603730212055795
methylation,CpG_R1090,original,siteC,-0.011298330204843684
methylation,CpG_R1091,original,(Intercept),0.19155446418771882
methylation,CpG_R1091,original,age,-0.0006258452999555244
methylation,CpG_R1091,original,sexM,-0.013751584568061725
methylation,CpG_R1091,original,siteB,-0.03408700059279078
methylation,CpG_R1091,original,siteC,-0.011187283305941518
methylation,CpG_R1092,original,(Intercept),0.35843512496096663
methylation,CpG_R1092,original,age,0.0005885818313669137
methylation,CpG_R1092,original,sexM,-0.0076271293592802625
methylation,CpG_R1092,original,siteB,0.01640261765389321
methylation,CpG_R1092,original,siteC,-0.00040872242638206294
methylation,CpG_R1093,original,(Intercept),0.12459686535145723
methylation,CpG_R1093,original,age,-0.0005093268980785554
methylation,CpG_R1093,original,sexM,-0.005838224955856744
methylation,CpG_R1093,original,siteB,-0.008764736517955682
methylation,CpG_R1093,original,siteC,-0.011287324267527273
methylation,CpG_R1094,original,(Intercept),0.3303134201509923
methylation,CpG_R1094,original,age,-0.0007373036102477189
methylation,CpG_R1094,original,sexM,-0.0016364293442717628
methylation,CpG_R1094,original,siteB,-0.0027678754669692115
methylation,CpG_R1094,original,siteC,-0.005448127069422399
methylation,CpG_R1095,original,(Intercept),0.026110552820495004
methylation,CpG_R1095,original,age,1.0312822469653543e-06
methylation,CpG_R1095,original,sexM,0.0016431461274412252
methylation,CpG_R1095,original,siteB,0.00488523873375356
methylation,CpG_R1095,original,siteC,0.006250244950894723
methylation,CpG_R1096,original,(Intercept),0.18164572617613012
methylation,CpG_R1096,original,age,-0.00032832373792421717
methylation,CpG_R1096,original,sexM,-0.005065592609783777
methylation,CpG_R1096,original,siteB,-0.0006309001510901
methylation,CpG_R1096,original,siteC,-0.0034337851729786947
methylation,CpG_R1097,original,(Intercept),0.36893454906188256
methylation,CpG_R1097,original,age,-8.766448042558588e-05
methylation,CpG_R1097,original,sexM,-0.0011367874279713881
methylation,CpG_R1097,original,siteB,-0.004356033664986452
methylation,CpG_R1097,original,siteC,0.0034370728366271077
methylation,CpG_R1098,original,(Intercept),0.46521012194124534
methylation,CpG_R1098,original,age,-4.358134448764451e-06
methylation,CpG_R1098,original,sexM,-0.005942810611703228
methylation,CpG_R1098,original,siteB,0.00981304195724086
methylation,CpG_R1098,original,siteC,0.012462660803848091
methylation,CpG_R1099,original,(Intercept),0.19682387478798033
methylation,CpG_R1099,original,age,-6.446329361030096e-05
methylation,CpG_R1099,original,sexM,-0.00961365688858679
methylation,CpG_R1099,original,siteB,-0.02867973306646712
methylation,CpG_R1099,original,siteC,-0.021248230088030524
methylation,CpG_R1100,original,(Intercept),0.30330149569998544
methylation,CpG_R1100,original,age,-0.00035886663567130585
methylation,CpG_R1100,original,sexM,-0.002601360601928488
methylation,CpG_R1100,original,siteB,-0.013397200842520543
methylation,CpG_R1100,original,siteC,-0.016128809802261335
methylation,CpG_R1101,original,(Intercept),0.20368957823553888
methylation,CpG_R1101,original,age,-0.00023075665475918902
methylation,CpG_R1101,original,sexM,-0.00622596022229342
methylation,CpG_R1101,original,siteB,-0.004687161006597827
methylation,CpG_R1101,original,siteC,0.010062282573314376
methylation,CpG_R1102,original,(Intercept),0.09110632679417376
methylation,CpG_R1102,original,age,0.0001736237798438501
methylation,CpG_R1102,original,sexM,-0.00919639321577183
methylation,CpG_R1102,original,siteB,-0.031112057075598835
methylation,CpG_R1102,original,siteC,-0.026165877752828682
methylation,CpG_R1103,original,(Intercept),0.07751257886248424
methylation,CpG_R1103,original,age,9.908168708207207e-05
methylation,CpG_R1103,original,sexM,-0.006786287983966268
methylation,CpG_R1103,original,siteB,0.009691101537037082
methylation,CpG_R1103,original,siteC,-0.0023187412974170715
methylation,CpG_R1104,original,(Intercept),0.07035635689619389
methylation,CpG_R1104,original,age,0.0004051081259509767
methylation,CpG_R1104,original,sexM,0.0004319432881242935
methylation,CpG_R1104,original,siteB,0.008614026567360444
methylation,CpG_R1104,original,siteC,0.0018418587677792241
methylation,CpG_R1105,original,(Intercept),0.5751655042052617
methylation,CpG_R1105,original,age,-0.00017310574447999797
methylation,CpG_R1105,original,sexM,-0.0024790314493487505
methylation,CpG_R1105,original,siteB,0.0014205519368935037
methylation,CpG_R1105,original,siteC,-0.009672368924986496
methylation,CpG_R1106,original,(Intercept),0.26427190928124983
methylation,CpG_R1106,original,age,3.412526471773666e-06
methylation,CpG_R1106,original,sexM,-0.007909615133050362
methylation,CpG_R1106,original,siteB,0.0071262723149784395
methylation,CpG_R1106,original,siteC,-0.0008834037206003156
methylation,CpG_R1107,original,(Intercept),0.44947584488880915
methylation,CpG_R1107,original,age,-0.00027094869483886697
methylation,CpG_R1107,original,sexM,-0.00890725651701559
methylation,CpG_R1107,original,siteB,-0.005360679626247531
methylation,CpG_R1107,original,siteC,-0.0024112075469223974
methylation,CpG_R1108,original,(Intercept),0.47835035794828934
methylation,CpG_R1108,original,age,-0.0001383256933583898
methylation,CpG_R1108,original,sexM,-0.007163296397407753
methylation,CpG_R1108,original,siteB,0.00317843605363551
methylation,CpG_R1108,original,siteC,-0.0007044395454663138
methylation,CpG_R1109,original,(Intercept),0.030231264543608753
methylation,CpG_R1109,original,age,0.0004204952339127013
methylation,CpG_R1109,original,sexM,-0.005459948218191393
methylation,CpG_R1109,original,siteB,-0.00314038208547042
methylation,CpG_R1109,original,siteC,-0.006285530669031381
methylation,CpG_R1110,original,(Intercept),0.16313618693180973
methylation,CpG_R1110,original,age,0.00026379826272835403
methylation,CpG_R1110,original,sexM,-0.004101155301041757
methylation,CpG_R1110,original,siteB,0.002107680102752253
methylation,CpG_R1110,original,siteC,0.01497392550258333
methylation,CpG_R1111,original,(Intercept),0.2074861925967746
methylation,CpG_R1111,original,age,-0.0006990786455487832
methylation,CpG_R1111,original,sexM,0.00570840074839946
methylation,CpG_R1111,original,siteB,-0.027014934460984217
methylation,CpG_R1111,original,siteC,-0.032343415587515086
methylation,CpG_R1112,original,(Intercept),0.2761327058660788
methylation,CpG_R1112,original,age,0.0004669251748071064
methylation,CpG_R1112,original,sexM,0.010500936653532413
methylation,CpG_R1112,original,siteB,0.01614076557771542
methylation,CpG_R1112,original,siteC,0.0033010996467438217
methylation,CpG_R1113,original,(Intercept),0.34295817427795705
methylation,CpG_R1113,original,age,-0.0002508276800720753
methylation,CpG_R1113,original,sexM,0.01691854896872855
methylation,CpG_R1113,original,siteB,-0.011013310347161333
methylation,CpG_R1113,original,siteC,-0.013300956195451347
methylation,CpG_R1114,original,(Intercept),0.17133524566784225
methylation,CpG_R1114,original,age,-0.0003821864709887276
methylation,CpG_R1114,original,sexM,0.009057584782435749
methylation,CpG_R1114,original,siteB,0.019452934209046698
methylation,CpG_R1114,original,siteC,0.008678269178014427
methylation,CpG_R1115,original,(Intercept),0.0720167582931502
methylation,CpG_R1115,original,age,-0.0003194782766476361
methylation,CpG_R1115,original,sexM,0.0005186044352955165
methylation,CpG_R1115,original,siteB,-0.009035819917349516
methylation,CpG_R1115,original,siteC,-0.021826951532310172
methylation,CpG_R1116,original,(Intercept),0.16760872993834525
methylation,CpG_R1116,original,age,0.0009419876048923142
methylation,CpG_R1116,original,sexM,0.002573626931961353
methylation,CpG_R1116,original,siteB,0.002916785995353531
methylation,CpG_R1116,original,siteC,-0.014387138632852195
methylation,CpG_R1117,original,(Intercept),0.1400340839214192
methylation,CpG_R1117,original,age,-0.0004421478796491915
methylation,CpG_R1117,original,sexM,-0.00962166271824539
methylation,CpG_R1117,original,siteB,0.020159816369929293
methylation,CpG_R1117,original,siteC,0.008754358375556074
methylation,CpG_R1118,original,(Intercept),0.16790201769727628
methylation,CpG_R1118,original,age,0.000157713184180719
methylation,CpG_R1118,original,sexM,-0.012993479295487125
methylation,CpG_R1118,original,siteB,-0.01858342983600788
methylation,CpG_R1118,original,siteC,-0.014783501196999694
methylation,CpG_R1119,original,(Intercept),0.13703114242224818
methylation,CpG_R1119,original,age,0.00030164863857730736
methylation,CpG_R1119,original,sexM,-0.004102667694428463
methylation,CpG_R1119,original,siteB,-0.008192157537737003
methylation,CpG_R1119,original,siteC,-0.016182053168340052
methylation,CpG_R1120,original,(Intercept),0.1250381158772421
methylation,CpG_R1120,original,age,0.0022210093259013046
methylation,CpG_R1120,original,sexM,-0.0016327150259130962
methylation,CpG_R1120,original,siteB,0.001926726134833262
methylation,CpG_R1120,original,siteC,-0.006384639810782892
methylation,CpG_R1121,original,(Intercept),0.08165416738982656
methylation,CpG_R1121,original,age,-0.0005790582309223571
methylation,CpG_R1121,original,sexM,-0.004382605950310897
methylation,CpG_R1121,original,siteB,0.00572699125594737
methylation,CpG_R1121,original,siteC,0.01478130778551807
methylation,CpG_R1122,original,(Intercept),0.1409630452840289
methylation,CpG_R1122,original,age,6.565413695386512e-05
methylation,CpG_R1122,original,sexM,-0.0030545171102185982
methylation,CpG_R1122,original,siteB,0.005022853643565664
methylation,CpG_R1122,original,siteC,0.0012108803133190607
methylation,CpG_R1123,original,(Intercept),0.1554820869536047
methylation,CpG_R1123,original,age,0.0003590174093085147
methylation,CpG_R1123,original,sexM,-0.006164483362831635
methylation,CpG_R1123,original,siteB,0.004276662851466247
methylation,CpG_R1123,original,siteC,-0.007965448347716725
methylation,CpG_R1124,original,(Intercept),0.10707941671208088
methylation,CpG_R1124,original,age,0.00025163587882747005
methylation,CpG_R1124,original,sexM,0.01918568021735555
methylation,CpG_R1124,original,siteB,0.00864815997355801
methylation,CpG_R1124,original,siteC,-0.002195711754865292
methylation,CpG_R1125,original,(Intercept),0.301573972228951
methylation,CpG_R1125,original,age,2.8145300832394175e-05
methylation,CpG_R1125,original,sexM,-0.017757264050769366
methylation,CpG_R1125,original,siteB,0.012414940164447236
methylation,CpG_R1125,original,siteC,0.008545897430224334
methylation,CpG_R1126,original,(Intercept),0.24200940497325923
methylation,CpG_R1126,original,age,-0.00015328502060573326
methylation,CpG_R1126,original,sexM,0.0005946328487104555
methylation,CpG_R1126,original,siteB,0.0040141344159088715
methylation,CpG_R1126,original,siteC,0.011347141310579309
methylation,CpG_R1127,original,(Intercept),0.2968674264151519
methylation,CpG_R1127,original,age,-0.0002874381803412568
methylation,CpG_R1127,original,sexM,-0.004129458361813616
methylation,CpG_R1127,original,siteB,-0.0018320068813895848
methylation,CpG_R1127,original,siteC,0.006581292683044005
methylation,CpG_R1128,original,(Intercept),0.03628487191833019
methylation,CpG_R1128,original,age,0.0007396478568693973
methylation,CpG_R1128,original,sexM,0.005151783850644442
methylation,CpG_R1128,original,siteB,0.008572898219583546
methylation,CpG_R1128,original,siteC,0.009306740988695392
methylation,CpG_R1129,original,(Intercept),0.12229918083778754
methylation,CpG_R1129,original,age,-0.0005544704828756496
methylation,CpG_R1129,original,sexM,-0.009389997504530343
methylation,CpG_R1129,original,siteB,-0.0004801646128541048
methylation,CpG_R1129,original,siteC,0.003249161097956364
methylation,CpG_R1130,original,(Intercept),0.25398277972646954
methylation,CpG_R1130,original,age,-0.00011134685736845615
methylation,CpG_R1130,original,sexM,0.00173781457317208
methylation,CpG_R1130,original,siteB,-0.023600360399698025
methylation,CpG_R1130,original,siteC,-0.02428840887051318
methylation,CpG_R1131,original,(Intercept),0.2863757792759674
methylation,CpG_R1131,original,age,-0.00012160635319416764
methylation,CpG_R1131,original,sexM,-0.0005528303840656334
methylation,CpG_R1131,original,siteB,-0.014581560287699928
methylation,CpG_R1131,original,siteC,-0.015742522593952077
methylation,CpG_R1132,original,(Intercept),0.23093067411038118
methylation,CpG_R1132,original,age,-0.00018593690256556863
methylation,CpG_R1132,original,sexM,-0.004409806842304946
methylation,CpG_R1132,original,siteB,-0.01155624370629614
methylation,CpG_R1132,original,siteC,-0.002926870696277678
methylation,CpG_R1133,original,(Intercept),0.09469206432822302
methylation,CpG_R1133,original,age,5.5711157192004356e-05
methylation,CpG_R1133,original,sexM,-0.0141421578803332
methylation,CpG_R1133,original,siteB,-0.02963503522675517
methylation,CpG_R1133,original,siteC,-0.031297144294908055
methylation,CpG_R1134,original,(Intercept),0.24637514231569801
methylation,CpG_R1134,original,age,-0.00025787698299682915
methylation,CpG_R1134,original,sexM,0.0017032367559769697
methylation,CpG_R1134,original,siteB,-0.02830146122518808
methylation,CpG_R1134,original,siteC,-0.028664447382394088
methylation,CpG_R1135,original,(Intercept),0.09910718650241634
methylation,CpG_R1135,original,age,-3.954087033043378e-05
methylation,CpG_R1135,original,sexM,-0.007511497877256296
methylation,CpG_R1135,original,siteB,-0.010257460191117895
methylation,CpG_R1135,original,siteC,0.005345963004324282
methylation,CpG_R1136,original,(Intercept),0.07564266060962178
methylation,CpG_R1136,original,age,0.0004965515323144701
methylation,CpG_R1136,original,sexM,0.00862783738235647
methylation,CpG_R1136,original,siteB,-0.006542017985155858
methylation,CpG_R1136,original,siteC,-0.005098904357127336
methylation,CpG_R1137,original,(Intercept),0.28786738223608677
methylation,CpG_R1137,original,age,-0.0005731874453948899
methylation,CpG_R1137,original,sexM,0.021623191710778727
methylation,CpG_R1137,original,siteB,-0.00825734068496625
methylation,CpG_R1137,original,siteC,-0.008434887575219497
methylation,CpG_R1138,original,(Intercept),0.23164199928368148
methylation,CpG_R1138,original,age,0.0002556276784735285
methylation,CpG_R1138,original,sexM,-0.006025156301188975
methylation,CpG_R1138,original,siteB,-0.009523406787239877
methylation,CpG_R1138,original,siteC,-0.02617906783502931
methylation,CpG_R1139,original,(Intercept),0.19909292426544592
methylation,CpG_R1139,original,age,-0.00024018310068957556
methylation,CpG_R1139,original,sexM,0.0036016196679040597
methylation,CpG_R1139,original,siteB,-0.0123098137637419
methylation,CpG_R1139,original,siteC,-0.014576080781580302
methylation,CpG_R1140,original,(Intercept),0.06334319437699346
methylation,CpG_R1140,original,age,2.2929524702045766e-05
methylation,CpG_R1140,original,sexM,-0.005009707737561207
methylation,CpG_R1140,original,siteB,-0.0027422057185787865
methylation,CpG_R1140,original,siteC,-0.01347631448975478
methylation,CpG_R1141,original,(Intercept),0.17268256723571612
methylation,CpG_R1141,original,age,0.0007894808344080766
methylation,CpG_R1141,original,sexM,-0.007845153311437852
methylation,CpG_R1141,original,siteB,-0.017700526085140837
methylation,CpG_R1141,original,siteC,-0.019068030656288884
methylation,CpG_R1142,original,(Intercept),0.09808871011709838
methylation,CpG_R1142,original,age,-0.0002659671078200677
methylation,CpG_R1142,original,sexM,0.00022724575460066033
methylation,CpG_R1142,original,siteB,0.009458518776879568
methylation,CpG_R1142,original,siteC,0.016599565710778093
methylation,CpG_R1143,original,(Intercept),0.41751519149643657
methylation,CpG_R1143,original,age,0.0004272151811446876
methylation,CpG_R1143,original,sexM,0.013846589410927984
methylation,CpG_R1143,original,siteB,0.007735857355192448
methylation,CpG_R1143,original,siteC,0.008926628908928898
methylation,CpG_R1144,original,(Intercept),0.10474206591271107
methylation,CpG_R1144,original,age,0.0006129648308045278
methylation,CpG_R1144,original,sexM,0.007601288383261381
methylation,CpG_R1144,original,siteB,-0.004593689695906841
methylation,CpG_R1144,original,siteC,-0.012240178461047349
methylation,CpG_R1145,original,(Intercept),0.2354605657745211
methylation,CpG_R1145,original,age,-0.0001424848326706399
methylation,CpG_R1145,original,sexM,2.0639384011542942e-05
methylation,CpG_R1145,original,siteB,-0.005773558447506123
methylation,CpG_R1145,original,siteC,-0.002090604708942431
methylation,CpG_R1146,original,(Intercept),0.3113768408988154
methylation,CpG_R1146,original,age,-0.0008417996597030101
methylation,CpG_R1146,original,sexM,0.0026738410949923154
methylation,CpG_R1146,original,siteB,0.007139130560196803
methylation,CpG_R1146,original,siteC,0.009398548396281231
methylation,CpG_R1147,original,(Intercept),0.20979354450283116
methylation,CpG_R1147,original,age,-0.00018182475171231102
methylation,CpG_R1147,original,sexM,0.0007358622439042493
methylation,CpG_R1147,original,siteB,-0.004124131688163924
methylation,CpG_R1147,original,siteC,-0.020240527821056224
methylation,CpG_R1148,original,(Intercept),0.14385973283952652
methylation,CpG_R1148,original,age,-0.0002690584253194304
methylation,CpG_R1148,original,sexM,0.00044491809699359093
methylation,CpG_R1148,original,siteB,-0.02290252492160137
methylation,CpG_R1148,original,siteC,-0.01666503670295499
methylation,CpG_R1149,original,(Intercept),0.16208457030300397
methylation,CpG_R1149,original,age,-0.00010530755871019484
methylation,CpG_R1149,original,sexM,-0.005938176826100707
methylation,CpG_R1149,original,siteB,0.0033879847149338362
methylation,CpG_R1149,original,siteC,0.008994059673194985
methylation,CpG_R1150,original,(Intercept),0.028041128066892313
methylation,CpG_R1150,original,age,0.00010183926528256466
methylation,CpG_R1150,original,sexM,-0.0038695070159566695
methylation,CpG_R1150,original,siteB,0.00702830610868888
methylation,CpG_R1150,original,siteC,0.003805619198883194
methylation,CpG_R1151,original,(Intercept),0.15159564056850977
methylation,CpG_R1151,original,age,0.00028750662013173723
methylation,CpG_R1151,original,sexM,-0.0055779991688665416
methylation,CpG_R1151,original,siteB,0.003135176248277606
methylation,CpG_R1151,original,siteC,-0.001565974804118409
methylation,CpG_R1152,original,(Intercept),0.15160360281600654
methylation,CpG_R1152,original,age,-3.5550023476318544e-06
methylation,CpG_R1152,original,sexM,-0.007266580628570349
methylation,CpG_R1152,original,siteB,0.0021243772913769575
methylation,CpG_R1152,original,siteC,0.008913169430765864
methylation,CpG_R1153,original,(Intercept),0.28818397036854654
methylation,CpG_R1153,original,age,-0.0005282990206520067
methylation,CpG_R1153,original,sexM,0.002932176758509897
methylation,CpG_R1153,original,siteB,-0.029590299680742848
methylation,CpG_R1153,original,siteC,-0.01943800445233336
methylation,CpG_R1154,original,(Intercept),0.2233086318532393
methylation,CpG_R1154,original,age,0.00023048195583732738
methylation,CpG_R1154,original,sexM,-0.009844483116972124
methylation,CpG_R1154,original,siteB,-0.003422085221325467
methylation,CpG_R1154,original,siteC,0.0004650030831844825
methylation,CpG_R1155,original,(Intercept),0.266495174658792
methylation,CpG_R1155,original,age,0.00013485628922583681
methylation,CpG_R1155,original,sexM,0.017479517688590265
methylation,CpG_R1155,original,siteB,-0.0026461280155450346
methylation,CpG_R1155,original,siteC,-0.006870055187840494
methylation,CpG_R1156,original,(Intercept),0.17528376292227674
methylation,CpG_R1156,original,age,0.00016109695473314929
methylation,CpG_R1156,original,sexM,0.0028884561843803493
methylation,CpG_R1156,original,siteB,-0.050453502534590224
methylation,CpG_R1156,original,siteC,-0.04695733995191466
methylation,CpG_R1157,original,(Intercept),0.23223317913549701
methylation,CpG_R1157,original,age,-8.747208997539938e-05
methylation,CpG_R1157,original,sexM,0.010558454529720257
methylation,CpG_R1157,original,siteB,0.00554893038273864
methylation,CpG_R1157,original,siteC,0.010186431706347816
methylation,CpG_R1158,original,(Intercept),0.3153876121946882
methylation,CpG_R1158,original,age,7.8979238727701e-05
methylation,CpG_R1158,original,sexM,-0.004106346190761638
methylation,CpG_R1158,original,siteB,-0.019800127049179595
methylation,CpG_R1158,original,siteC,-0.0059730304623783256
methylation,CpG_R1159,original,(Intercept),0.31305045744670584
methylation,CpG_R1159,original,age,0.0002688192227448966
methylation,CpG_R1159,original,sexM,-0.009410001735987926
methylation,CpG_R1159,original,siteB,0.004839348364086179
methylation,CpG_R1159,original,siteC,0.0007016038024391152
methylation,CpG_R1160,original,(Intercept),0.055600340717313936
methylation,CpG_R1160,original,age,0.0024961067600796777
methylation,CpG_R1160,original,sexM,5.188241721328622e-05
methylation,CpG_R1160,original,siteB,-0.009467052546044354
methylation,CpG_R1160,original,siteC,0.003494621710963031
methylation,CpG_R1161,original,(Intercept),0.3072824263292477
methylation,CpG_R1161,original,age,0.00015348954061794614
methylation,CpG_R1161,original,sexM,-0.010472026082493677
methylation,CpG_R1161,original,siteB,-0.0033483848352004048
methylation,CpG_R1161,original,siteC,-0.014098291311968103
methylation,CpG_R1162,original,(Intercept),0.2741718506702383
methylation,CpG_R1162,original,age,-0.00019892669059711195
methylation,CpG_R1162,original,sexM,0.00737590958474854
methylation,CpG_R1162,original,siteB,-0.0024586422987352917
methylation,CpG_R1162,original,siteC,0.001909675377651295
methylation,CpG_R1163,original,(Intercept),0.2053298286808384
methylation,CpG_R1163,original,age,-0.0001524581373718863
methylation,CpG_R1163,original,sexM,0.009037104017094962
methylation,CpG_R1163,original,siteB,-0.004199235375526672
methylation,CpG_R1163,original,siteC,-0.01357035628365751
methylation,CpG_R1164,original,(Intercept),0.23487895399489855
methylation,CpG_R1164,original,age,-0.0006669979927633258
methylation,CpG_R1164,original,sexM,0.0015254576758126546
methylation,CpG_R1164,original,siteB,-0.04129841146428142
methylation,CpG_R1164,original,siteC,-0.02537861874690135
methylation,CpG_R1165,original,(Intercept),0.019985495220506078
methylation,CpG_R1165,original,age,0.00013764643206498533
methylation,CpG_R1165,original,sexM,-0.003290732356626818
methylation,CpG_R1165,original,siteB,0.0063174415647899275
methylation,CpG_R1165,original,siteC,0.006657057976545246
methylation,CpG_R1166,original,(Intercept),0.3591315011979547
methylation,CpG_R1166,original,age,-0.00040726664636558057
methylation,CpG_R1166,original,sexM,0.0008377661944405597
methylation,CpG_R1166,original,siteB,-0.01200061943733305
methylation,CpG_R1166,original,siteC,-0.008957838595417891
methylation,CpG_R1167,original,(Intercept),0.2888320624666842
methylation,CpG_R1167,original,age,0.0006798296753063689
methylation,CpG_R1167,original,sexM,-0.0016734366138850246
methylation,CpG_R1167,original,siteB,0.004727776462119087
methylation,CpG_R1167,original,siteC,0.0061609168991856615
methylation,CpG_R1168,original,(Intercept),0.16069834763259291
methylation,CpG_R1168,original,age,0.00022065727310455178
methylation,CpG_R1168,original,sexM,0.010867355258820514
methylation,CpG_R1168,original,siteB,-0.02540361356914837
methylation,CpG_R1168,original,siteC,-0.016139477065532832
methylation,CpG_R1169,original,(Intercept),0.0784284300213631
methylation,CpG_R1169,original,age,-7.371723885882133e-05
methylation,CpG_R1169,original,sexM,0.0028799890778992182
methylation,CpG_R1169,original,siteB,0.014781915179345718
methylation,CpG_R1169,original,siteC,0.011748471822957273
methylation,CpG_R1170,original,(Intercept),0.14846584451668327
methylation,CpG_R1170,original,age,0.0004184168821632375
methylation,CpG_R1170,original,sexM,-0.004369203229075989
methylation,CpG_R1170,original,siteB,0.004130616522299327
methylation,CpG_R1170,original,siteC,0.002346848051760219
methylation,CpG_R1171,original,(Intercept),0.14204338495503344
methylation,CpG_R1171,original,age,-0.0002993166106466436
methylation,CpG_R1171,original,sexM,-0.01908812682306791
methylation,CpG_R1171,original,siteB,0.00466523141030159
methylation,CpG_R1171,original,siteC,0.0067295277308429425
methylation,CpG_R1172,original,(Intercept),0.30903268475212226
methylation,CpG_R1172,original,age,0.0002045361374043605
methylation,CpG_R1172,original,sexM,-0.008460247748865486
methylation,CpG_R1172,original,siteB,-0.0006987941524499747
methylation,CpG_R1172,original,siteC,-0.0040886523188623045
methylation,CpG_R1173,original,(Intercept),0.24064496145023406
methylation,CpG_R1173,original,age,-0.0005530727677838932
methylation,CpG_R1173,original,sexM,-0.007438898328627909
methylation,CpG_R1173,original,siteB,0.0086544006311803
methylation,CpG_R1173,original,siteC,-0.0018421279280131859
methylation,CpG_R1174,original,(Intercept),0.10835328267368767
methylation,CpG_R1174,original,age,-0.0001880916519276315
methylation,CpG_R1174,original,sexM,-0.005808721908363992
methylation,CpG_R1174,original,siteB,-0.0007950395879070905
methylation,CpG_R1174,original,siteC,0.004630796517423545
methylation,CpG_R1175,original,(Intercept),0.3856388247136227
methylation,CpG_R1175,original,age,0.00023586304553075368
methylation,CpG_R1175,original,sexM,-0.006993456701526761
methylation,CpG_R1175,original,siteB,0.010959860739132223
methylation,CpG_R1175,original,siteC,0.0071407888709963665
methylation,CpG_R1176,original,(Intercept),0.21300475634066066
methylation,CpG_R1176,original,age,0.0005286047540513938
methylation,CpG_R1176,original,sexM,0.01338811384084451
methylation,CpG_R1176,original,siteB,-0.026667479559359733
methylation,CpG_R1176,original,siteC,-0.024024843908987056
methylation,CpG_R1177,original,(Intercept),0.1341239316256007
methylation,CpG_R1177,original,age,-5.8166744690774424e-05
methylation,CpG_R1177,original,sexM,-0.00959085162927499
methylation,CpG_R1177,original,siteB,-0.004680047147230401
methylation,CpG_R1177,original,siteC,-0.0007014231727563222
methylation,CpG_R1178,original,(Intercept),0.22878566631322284
methylation,CpG_R1178,original,age,0.00032463307849452816
methylation,CpG_R1178,original,sexM,0.009558771182707666
methylation,CpG_R1178,original,siteB,-0.004533244584127794
methylation,CpG_R1178,original,siteC,-0.011649284637689127
methylation,CpG_R1179,original,(Intercept),0.3612890715383894
methylation,CpG_R1179,original,age,0.0006609315434779727
methylation,CpG_R1179,original,sexM,5.760674254874296e-05
methylation,CpG_R1179,original,siteB,0.0041923530939953525
methylation,CpG_R1179,original,siteC,-0.001960079368940382
methylation,CpG_R1180,original,(Intercept),0.0982454893325194
methylation,CpG_R1180,original,age,-0.0005673805497552765
methylation,CpG_R1180,original,sexM,-0.007678657183698512
methylation,CpG_R1180,original,siteB,0.005582368666488731
methylation,CpG_R1180,original,siteC,0.0100587775358035
methylation,CpG_R1181,original,(Intercept),0.2022650434260075
methylation,CpG_R1181,original,age,-3.101029867363366e-05
methylation,CpG_R1181,original,sexM,0.008449791585715776
methylation,CpG_R1181,original,siteB,0.0021664724099067986
methylation,CpG_R1181,original,siteC,-0.00344630926614714
methylation,CpG_R1182,original,(Intercept),0.047844919065398527
methylation,CpG_R1182,original,age,-0.0002053727634640086
methylation,CpG_R1182,original,sexM,0.0013344195676082407
methylation,CpG_R1182,original,siteB,0.011416180419308367
methylation,CpG_R1182,original,siteC,0.011288600807701752
methylation,CpG_R1183,original,(Intercept),0.22179185909311463
methylation,CpG_R1183,original,age,-0.0003385309168388957
methylation,CpG_R1183,original,sexM,-0.007619139307740145
methylation,CpG_R1183,original,siteB,-0.01795623216804879
methylation,CpG_R1183,original,siteC,-0.011585299256481172
methylation,CpG_R1184,original,(Intercept),0.43752181267499246
methylation,CpG_R1184,original,age,-0.00013576310715874594
methylation,CpG_R1184,original,sexM,0.00980105727955301
methylation,CpG_R1184,original,siteB,-0.0012978083172593862
methylation,CpG_R1184,original,siteC,0.0008660696708908606
methylation,CpG_R1185,original,(Intercept),0.38054067825356436
methylation,CpG_R1185,original,age,0.00021156931420141073
methylation,CpG_R1185,original,sexM,-0.0008606393009513686
methylation,CpG_R1185,original,siteB,0.013717016549853935
methylation,CpG_R1185,original,siteC,0.027538274171163935
methylation,CpG_R1186,original,(Intercept),0.3417548855538993
methylation,CpG_R1186,original,age,-0.0004936680556924168
methylation,CpG_R1186,original,sexM,-0.005517436793792496
methylation,CpG_R1186,original,siteB,-0.009367641400905005
methylation,CpG_R1186,original,siteC,0.0016087270599897242
methylation,CpG_R1187,original,(Intercept),0.5321756784812376
methylation,CpG_R1187,original,age,-0.00023935611302880382
methylation,CpG_R1187,original,sexM,0.016231826918299427
methylation,CpG_R1187,original,siteB,-0.010799608977676296
methylation,CpG_R1187,original,siteC,0.0032325208055561166
methylation,CpG_R1188,original,(Intercept),0.2611406415091864
methylation,CpG_R1188,original,age,-4.613760185350565e-05
methylation,CpG_R1188,original,sexM,0.012371734623101625
methylation,CpG_R1188,original,siteB,0.0023473255745000356
methylation,CpG_R1188,original,siteC,0.013781325586476325
methylation,CpG_R1189,original,(Intercept),0.16130495829337532
methylation,CpG_R1189,original,age,0.0005810239530984736
methylation,CpG_R1189,original,sexM,-0.007306882236051373
methylation,CpG_R1189,original,siteB,-0.0006030691406558851
methylation,CpG_R1189,original,siteC,-0.011410903429649817
methylation,CpG_R1190,original,(Intercept),0.07665075299065804
methylation,CpG_R1190,original,age,0.0001731768438301588
methylation,CpG_R1190,original,sexM,-0.010784053248471133
methylation,CpG_R1190,original,siteB,0.016907675670905755
methylation,CpG_R1190,original,siteC,0.009442671033210094
methylation,CpG_R1191,original,(Intercept),0.35142140417130074
methylation,CpG_R1191,original,age,0.0002358237535453885
methylation,CpG_R1191,original,sexM,-0.0008542972530444001
methylation,CpG_R1191,original,siteB,-0.0005038511737314145
methylation,CpG_R1191,original,siteC,-0.0006883484097448574
methylation,CpG_R1192,original,(Intercept),0.2961174359518294
methylation,CpG_R1192,original,age,0.0003198904342420334
methylation,CpG_R1192,original,sexM,-0.003641328353357016
methylation,CpG_R1192,original,siteB,-0.001537707538282667
methylation,CpG_R1192,original,siteC,-0.002715118156908964
methylation,CpG_R1193,original,(Intercept),0.19250274559050026
methylation,CpG_R1193,original,age,9.341658497521627e-05
methylation,CpG_R1193,original,sexM,0.003375534376387174
methylation,CpG_R1193,original,siteB,0.010797834471496967
methylation,CpG_R1193,original,siteC,0.0024010284024263352
methylation,CpG_R1194,original,(Intercept),0.19127127231127924
methylation,CpG_R1194,original,age,1.3065105289604646e-05
methylation,CpG_R1194,original,sexM,-0.008920371664884116
methylation,CpG_R1194,original,siteB,-0.009810363665455098
methylation,CpG_R1194,original,siteC,-0.013532490418077817
methylation,CpG_R1195,original,(Intercept),0.13233170168098624
methylation,CpG_R1195,original,age,4.766892371960266e-05
methylation,CpG_R1195,original,sexM,0.0007356114549293931
methylation,CpG_R1195,original,siteB,-0.00658007880383925
methylation,CpG_R1195,original,siteC,0.0005843163423976827
methylation,CpG_R1196,original,(Intercept),0.05118392423688463
methylation,CpG_R1196,original,age,0.00045424383896178503
methylation,CpG_R1196,original,sexM,-0.000579809697945262
methylation,CpG_R1196,original,siteB,-0.021992011985732023
methylation,CpG_R1196,original,siteC,-0.014382827918944362
methylation,CpG_R1197,original,(Intercept),0.10296745854022962
methylation,CpG_R1197,original,age,0.00025332429760164274
methylation,CpG_R1197,original,sexM,-0.0026370773564003726
methylation,CpG_R1197,original,siteB,0.007365546561879148
methylation,CpG_R1197,original,siteC,0.01643219558402624
methylation,CpG_R1198,original,(Intercept),0.06908847219023989
methylation,CpG_R1198,original,age,-0.0003266151387636873
methylation,CpG_R1198,original,sexM,-0.0007010162098182566
methylation,CpG_R1198,original,siteB,-0.002313984000329456
methylation,CpG_R1198,original,siteC,-0.003931859243521438
methylation,CpG_R1199,original,(Intercept),0.3787340503314809
methylation,CpG_R1199,original,age,-0.00030973328520513677
methylation,CpG_R1199,original,sexM,-0.013734936782345624
methylation,CpG_R1199,original,siteB,-0.0222871106287128
methylation,CpG_R1199,original,siteC,-0.029871582580231645
methylation,CpG_R1200,original,(Intercept),0.5156937283292445
methylation,CpG_R1200,original,age,-1.1892626384743832e-05
methylation,CpG_R1200,original,sexM,-0.001839485483625439
methylation,CpG_R1200,original,siteB,0.007183456908057247
methylation,CpG_R1200,original,siteC,0.0011241227308610735
methylation,CpG_R1201,original,(Intercept),0.09157958393223697
methylation,CpG_R1201,original,age,0.00043839727163896407
methylation,CpG_R1201,original,sexM,-0.006168926099400119
methylation,CpG_R1201,original,siteB,0.009381528060016244
methylation,CpG_R1201,original,siteC,0.0035313288148720993
methylation,CpG_R1202,original,(Intercept),0.02243434891179267
methylation,CpG_R1202,original,age,-0.00013346177478743012
methylation,CpG_R1202,original,sexM,-0.000751729074158533
methylation,CpG_R1202,original,siteB,0.01472499814690311
methylation,CpG_R1202,original,siteC,0.007459341409333104
methylation,CpG_R1203,original,(Intercept),0.14924529092081648
methylation,CpG_R1203,original,age,5.211383257001198e-05
methylation,CpG_R1203,original,sexM,0.004417733700175297
methylation,CpG_R1203,original,siteB,-0.004149489668683263
methylation,CpG_R1203,original,siteC,-0.013434459359656327
methylation,CpG_R1204,original,(Intercept),0.3709755921042254
methylation,CpG_R1204,original,age,0.0003050680897453926
methylation,CpG_R1204,original,sexM,-0.009957537608742524
methylation,CpG_R1204,original,siteB,0.0009371493397754045
methylation,CpG_R1204,original,siteC,0.020854777561619558
methylation,CpG_R1205,original,(Intercept),0.2825826060610338
methylation,CpG_R1205,original,age,-0.0002929315947276151
methylation,CpG_R1205,original,sexM,0.0055014325915603976
methylation,CpG_R1205,original,siteB,-0.004865763228522444
methylation,CpG_R1205,original,siteC,-0.013218328533202404
methylation,CpG_R1206,original,(Intercept),0.15170032604552516
methylation,CpG_R1206,original,age,-0.0006268616616257936
methylation,CpG_R1206,original,sexM,-0.0022395513795972826
methylation,CpG_R1206,original,siteB,-0.02318089784539817
methylation,CpG_R1206,original,siteC,-0.016438304064198654
methylation,CpG_R1207,original,(Intercept),0.1661361173255194
methylation,CpG_R1207,original,age,0.0005617163772143939
methylation,CpG_R1207,original,sexM,0.005880790530223279
methylation,CpG_R1207,original,siteB,-0.013164539881971724
methylation,CpG_R1207,original,siteC,-0.008527778086231293
methylation,CpG_R1208,original,(Intercept),0.5943913904621597
methylation,CpG_R1208,original,age,2.410703275875117e-05
methylation,CpG_R1208,original,sexM,0.0057239107012230644
methylation,CpG_R1208,original,siteB,-0.005458202854244833
methylation,CpG_R1208,original,siteC,-0.0071253502972453975
methylation,CpG_R1209,original,(Intercept),0.3068394669669781
methylation,CpG_R1209,original,age,-0.0002712815664933805
methylation,CpG_R1209,original,sexM,-0.009921674126727566
methylation,CpG_R1209,original,siteB,0.0069066652952322755
methylation,CpG_R1209,original,siteC,0.008009865823767259
methylation,CpG_R1210,original,(Intercept),0.10257058322169564
methylation,CpG_R1210,original,age,0.00015585871656515374
methylation,CpG_R1210,original,sexM,-0.004971680375195699
methylation,CpG_R1210,original,siteB,-0.021118523430086536
methylation,CpG_R1210,original,siteC,-0.03502178474163144
methylation,CpG_R1211,original,(Intercept),0.19025611408145554
methylation,CpG_R1211,original,age,0.0005798069346035848
methylation,CpG_R1211,original,sexM,0.006000190149652123
methylation,CpG_R1211,original,siteB,0.010870188549832746
methylation,CpG_R1211,original,siteC,0.01621942548925196
methylation,CpG_R1212,original,(Intercept),0.5494960563422379
methylation,CpG_R1212,original,age,-0.0005799021542571322
methylation,CpG_R1212,original,sexM,-0.0049105410271812425
methylation,CpG_R1212,original,siteB,-0.0033338952857798437
methylation,CpG_R1212,original,siteC,-0.0041257167215320275
methylation,CpG_R1213,original,(Intercept),0.23881186174531596
methylation,CpG_R1213,original,age,-4.688919218819251e-05
methylation,CpG_R1213,original,sexM,0.009178199736142667
methylation,CpG_R1213,original,siteB,0.005279607507140304
methylation,CpG_R1213,original,siteC,0.0036922444350049157
methylation,CpG_R1214,original,(Intercept),0.12591901920694656
methylation,CpG_R1214,original,age,-0.00037372007622643355
methylation,CpG_R1214,original,sexM,0.0015643521934229111
methylation,CpG_R1214,original,siteB,-0.02074744175401054
methylation,CpG_R1214,original,siteC,-0.031886272287695056
methylation,CpG_R1215,original,(Intercept),0.2917644005440349
methylation,CpG_R1215,original,age,-0.00040301706236176856
methylation,CpG_R1215,original,sexM,-0.005799649099650766
methylation,CpG_R1215,original,siteB,-0.03173650616217404
methylation,CpG_R1215,original,siteC,-0.04266918507684637
methylation,CpG_R1216,original,(Intercept),0.061479248505016695
methylation,CpG_R1216,original,age,-0.00018170371603173604
methylation,CpG_R1216,original,sexM,-0.01956948266059686
methylation,CpG_R1216,original,siteB,0.005925246915236238
methylation,CpG_R1216,original,siteC,0.0010610160544138965
methylation,CpG_R1217,original,(Intercept),0.03713286625749815
methylation,CpG_R1217,original,age,0.00017801678183117407
methylation,CpG_R1217,original,sexM,-0.0015611030507551938
methylation,CpG_R1217,original,siteB,0.006035090839787813
methylation,CpG_R1217,original,siteC,-0.00040284598408997
methylation,CpG_R1218,original,(Intercept),0.04979917210199049
methylation,CpG_R1218,original,age,-0.00040480792479964927
methylation,CpG_R1218,original,sexM,0.0162133222085597
methylation,CpG_R1218,original,siteB,-0.0013168981223608844
methylation,CpG_R1218,original,siteC,-0.002979345217999498
methylation,CpG_R1219,original,(Intercept),0.2801481857620457
methylation,CpG_R1219,original,age,-0.00024616668775519993
methylation,CpG_R1219,original,sexM,0.0022283304522771586
methylation,CpG_R1219,original,siteB,-0.014253466310560311
methylation,CpG_R1219,original,siteC,-0.02043537056061561
methylation,CpG_R1220,original,(Intercept),0.3432822235584011
methylation,CpG_R1220,original,age,0.0003020291969667709
methylation,CpG_R1220,original,sexM,-0.0038087868754657916
methylation,CpG_R1220,original,siteB,-0.014351754951586655
methylation,CpG_R1220,original,siteC,-0.017614212995920153
methylation,CpG_R1221,original,(Intercept),0.11094519966402051
methylation,CpG_R1221,original,age,-0.0005297250660235716
methylation,CpG_R1221,original,sexM,-0.016867249890863276
methylation,CpG_R1221,original,siteB,-0.0166288865781789
methylation,CpG_R1221,original,siteC,-0.01366193782220639
methylation,CpG_R1222,original,(Intercept),0.06899104309300706
methylation,CpG_R1222,original,age,-0.0004242666009851714
methylation,CpG_R1222,original,sexM,0.003551773466838536
methylation,CpG_R1222,original,siteB,0.013642649045476607
methylation,CpG_R1222,original,siteC,0.020495258886955775
methylation,CpG_R1223,original,(Intercept),0.07487223697115002
methylation,CpG_R1223,original,age,-0.00029492206784419373
methylation,CpG_R1223,original,sexM,-0.0014508671464156587
methylation,CpG_R1223,original,siteB,0.005380228216384144
methylation,CpG_R1223,original,siteC,0.008249485948462917
methylation,CpG_R1224,original,(Intercept),0.39850358433893407
methylation,CpG_R1224,original,age,0.0003544266912097103
methylation,CpG_R1224,original,sexM,0.02214316838750533
methylation,CpG_R1224,original,siteB,-0.005015367015259875
methylation,CpG_R1224,original,siteC,-0.004785674744874839
methylation,CpG_R1225,original,(Intercept),0.3002991650822476
methylation,CpG_R1225,original,age,0.00017304334977468882
methylation,CpG_R1225,original,sexM,0.0018222089920142705
methylation,CpG_R1225,original,siteB,0.006673746500228007
methylation,CpG_R1225,original,siteC,-0.002144641290527747
methylation,CpG_R1226,original,(Intercept),0.2037390431123056
methylation,CpG_R1226,original,age,-0.00012593385977031096
methylation,CpG_R1226,original,sexM,-0.008857272681926424
methylation,CpG_R1226,original,siteB,0.01715158903892422
methylation,CpG_R1226,original,siteC,0.013937501155081196
methylation,CpG_R1227,original,(Intercept),0.298524760368953
methylation,CpG_R1227,original,age,0.000233149302464482
methylation,CpG_R1227,original,sexM,-0.011139299682126375
methylation,CpG_R1227,original,siteB,0.0016609640149941776
methylation,CpG_R1227,original,siteC,-0.005322098413810223
methylation,CpG_R1228,original,(Intercept),0.22160269943141506
methylation,CpG_R1228,original,age,0.0004286969528595321
methylation,CpG_R1228,original,sexM,0.00022968201512744266
methylation,CpG_R1228,original,siteB,-0.002596707682649189
methylation,CpG_R1228,original,siteC,-0.0001111817744643359
methylation,CpG_R1229,original,(Intercept),0.38607446725818406
methylation,CpG_R1229,original,age,2.2222880106746323e-05
methylation,CpG_R1229,original,sexM,0.005111224203749318
methylation,CpG_R1229,original,siteB,0.009695561153497746
methylation,CpG_R1229,original,siteC,0.020271616878074203
methylation,CpG_R1230,original,(Intercept),0.1939092503284697
methylation,CpG_R1230,original,age,-0.0001438609746797587
methylation,CpG_R1230,original,sexM,0.004002444897772711
methylation,CpG_R1230,original,siteB,0.005221968153143823
methylation,CpG_R1230,original,siteC,0.0004890992437562505
methylation,CpG_R1231,original,(Intercept),0.08188449324857887
methylation,CpG_R1231,original,age,0.00033099714128030384
methylation,CpG_R1231,original,sexM,0.002232210158812057
methylation,CpG_R1231,original,siteB,0.01265750977362091
methylation,CpG_R1231,original,siteC,0.002462797631008515
methylation,CpG_R1232,original,(Intercept),0.14257423056708793
methylation,CpG_R1232,original,age,-0.00012260864784766277
methylation,CpG_R1232,original,sexM,0.007757387792597608
methylation,CpG_R1232,original,siteB,0.011105518363012927
methylation,CpG_R1232,original,siteC,0.015336417280660325
methylation,CpG_R1233,original,(Intercept),0.12004387654619288
methylation,CpG_R1233,original,age,-0.0002084758617112438
methylation,CpG_R1233,original,sexM,-0.01572062183887124
methylation,CpG_R1233,original,siteB,0.017908560506597095
methylation,CpG_R1233,original,siteC,0.01912906629773492
methylation,CpG_R1234,original,(Intercept),0.208903137203873
methylation,CpG_R1234,original,age,0.0003523299752211243
methylation,CpG_R1234,original,sexM,-0.016164693829506676
methylation,CpG_R1234,original,siteB,0.0004024719307133015
methylation,CpG_R1234,original,siteC,-0.0053317338286319425
methylation,CpG_R1235,original,(Intercept),0.2802961348750361
methylation,CpG_R1235,original,age,-0.00035767712263674406
methylation,CpG_R1235,original,sexM,0.0011121941035869584
methylation,CpG_R1235,original,siteB,0.008628551781048018
methylation,CpG_R1235,original,siteC,-0.006421387152632507
methylation,CpG_R1236,original,(Intercept),0.20750871339440585
methylation,CpG_R1236,original,age,-0.0006357522523670408
methylation,CpG_R1236,original,sexM,-0.012100317628864632
methylation,CpG_R1236,original,siteB,0.0010524705564338567
methylation,CpG_R1236,original,siteC,-0.005616400716344878
methylation,CpG_R1237,original,(Intercept),0.34949864077090687
methylation,CpG_R1237,original,age,0.0003362641930202857
methylation,CpG_R1237,original,sexM,0.01730159336268747
methylation,CpG_R1237,original,siteB,-0.01100420209302464
methylation,CpG_R1237,original,siteC,-0.017292843915703918
methylation,CpG_R1238,original,(Intercept),0.11225648615383362
methylation,CpG_R1238,original,age,-0.0004271852633221346
methylation,CpG_R1238,original,sexM,0.006098056427635634
methylation,CpG_R1238,original,siteB,-0.006681858773692921
methylation,CpG_R1238,original,siteC,0.004302506747884274
methylation,CpG_R1239,original,(Intercept),0.149767532978839
methylation,CpG_R1239,original,age,-0.000519965271016554
methylation,CpG_R1239,original,sexM,-0.00882419547445561
methylation,CpG_R1239,original,siteB,-0.03741590147575602
methylation,CpG_R1239,original,siteC,-0.02921931638304555
methylation,CpG_R1240,original,(Intercept),0.5404666376065608
methylation,CpG_R1240,original,age,8.50776110945707e-05
methylation,CpG_R1240,original,sexM,-0.00735747142281182
methylation,CpG_R1240,original,siteB,-0.0003093366526091773
methylation,CpG_R1240,original,siteC,-0.0002493220090076797
methylation,CpG_R1241,original,(Intercept),0.03682470893919085
methylation,CpG_R1241,original,age,6.843772180206673e-05
methylation,CpG_R1241,original,sexM,-0.0062340928177096605
methylation,CpG_R1241,original,siteB,-0.01770815671284328
methylation,CpG_R1241,original,siteC,-0.0036436679125685
methylation,CpG_R1242,original,(Intercept),0.13118151211980908
methylation,CpG_R1242,original,age,-0.000640950739434262
methylation,CpG_R1242,original,sexM,-0.004836648194468146
methylation,CpG_R1242,original,siteB,0.004018612565417034
methylation,CpG_R1242,original,siteC,-0.001294693351334833
methylation,CpG_R1243,original,(Intercept),0.3297415447724739
methylation,CpG_R1243,original,age,-0.0005775894059484731
methylation,CpG_R1243,original,sexM,0.019406665272449698
methylation,CpG_R1243,original,siteB,0.0021144834636744434
methylation,CpG_R1243,original,siteC,0.017427668649927622
methylation,CpG_R1244,original,(Intercept),0.43037975184300553
methylation,CpG_R1244,original,age,-0.00072915133946843
methylation,CpG_R1244,original,sexM,0.003486974101603911
methylation,CpG_R1244,original,siteB,-0.012710011871773634
methylation,CpG_R1244,original,siteC,-0.015725920186378067
methylation,CpG_R1245,original,(Intercept),0.1477815554432227
methylation,CpG_R1245,original,age,-2.2050067542066464e-05
methylation,CpG_R1245,original,sexM,0.014993758533573166
methylation,CpG_R1245,original,siteB,0.010070174125902167
methylation,CpG_R1245,original,siteC,7.678566881888479e-05
methylation,CpG_R1246,original,(Intercept),0.18648855174880266
methylation,CpG_R1246,original,age,0.0008228755158494812
methylation,CpG_R1246,original,sexM,-0.0043259527354175915
methylation,CpG_R1246,original,siteB,-0.02652805077087962
methylation,CpG_R1246,original,siteC,-0.010059150011000143
methylation,CpG_R1247,original,(Intercept),0.7309542646282549
methylation,CpG_R1247,original,age,-0.0008337053871547875
methylation,CpG_R1247,original,sexM,0.0019413970580797121
methylation,CpG_R1247,original,siteB,-0.05078799401248977
methylation,CpG_R1247,original,siteC,-0.053089045188737985
methylation,CpG_R1248,original,(Intercept),0.28456415986939276
methylation,CpG_R1248,original,age,0.00010201509320108807
methylation,CpG_R1248,original,sexM,-0.011148421131191468
methylation,CpG_R1248,original,siteB,0.009131608102952951
methylation,CpG_R1248,original,siteC,0.022773119545782792
methylation,CpG_R1249,original,(Intercept),0.3491608413433608
methylation,CpG_R1249,original,age,7.386683278697172e-05
methylation,CpG_R1249,original,sexM,0.0007792225499313524
methylation,CpG_R1249,original,siteB,0.0004759236647524701
methylation,CpG_R1249,original,siteC,0.0029440002726517337
methylation,CpG_R1250,original,(Intercept),0.1671307751779075
methylation,CpG_R1250,original,age,0.0003897305839171358
methylation,CpG_R1250,original,sexM,0.006191487195573641
methylation,CpG_R1250,original,siteB,-0.002761875035347959
methylation,CpG_R1250,original,siteC,0.0060397426313471515
methylation,CpG_R1251,original,(Intercept),0.2709688493928965
methylation,CpG_R1251,original,age,0.00024244093177384606
methylation,CpG_R1251,original,sexM,-0.012977157562033999
methylation,CpG_R1251,original,siteB,-0.007124239874456278
methylation,CpG_R1251,original,siteC,-0.0024677195327075466
methylation,CpG_R1252,original,(Intercept),0.21161254748559957
methylation,CpG_R1252,original,age,1.0571635790378625e-05
methylation,CpG_R1252,original,sexM,-0.007173803056409494
methylation,CpG_R1252,original,siteB,-0.0023566796052578
methylation,CpG_R1252,original,siteC,-0.00902194743547901
methylation,CpG_R1253,original,(Intercept),0.16973396640495578
methylation,CpG_R1253,original,age,-0.00031759453493226264
methylation,CpG_R1253,original,sexM,0.006960037182523987
methylation,CpG_R1253,original,siteB,-0.018401849449312394
methylation,CpG_R1253,original,siteC,-0.026019989880340363
methylation,CpG_R1254,original,(Intercept),0.2501030149704181
methylation,CpG_R1254,original,age,-0.0008194326744121528
methylation,CpG_R1254,original,sexM,0.01220814351295603
methylation,CpG_R1254,original,siteB,-0.02369913176585106
methylation,CpG_R1254,original,siteC,-0.03158424044693959
methylation,CpG_R1255,original,(Intercept),0.09084340912554839
methylation,CpG_R1255,original,age,0.0003255137730252056
methylation,CpG_R1255,original,sexM,-0.0025133370844064957
methylation,CpG_R1255,original,siteB,-0.011447415240059213
methylation,CpG_R1255,original,siteC,0.00529917810098286
methylation,CpG_R1256,original,(Intercept),0.12489016727374469
methylation,CpG_R1256,original,age,-9.663824915916383e-05
methylation,CpG_R1256,original,sexM,-0.0013071980944461777
methylation,CpG_R1256,original,siteB,-0.003176330697268724
methylation,CpG_R1256,original,siteC,0.005783165827455227
methylation,CpG_R1257,original,(Intercept),0.011271947708568918
methylation,CpG_R1257,original,age,0.0001640733108031648
methylation,CpG_R1257,original,sexM,-0.005531631249542737
methylation,CpG_R1257,original,siteB,0.009935951361450689
methylation,CpG_R1257,original,siteC,0.0026505671353944313
methylation,CpG_R1258,original,(Intercept),0.35217883239881714
methylation,CpG_R1258,original,age,-0.0005935970407107533
methylation,CpG_R1258,original,sexM,-8.911538846703318e-07
methylation,CpG_R1258,original,siteB,-0.013395838740733464
methylation,CpG_R1258,original,siteC,-0.006222795775695701
methylation,CpG_R1259,original,(Intercept),0.1140334131908064
methylation,CpG_R1259,original,age,0.000803551476524277
methylation,CpG_R1259,original,sexM,-0.004252544783929189
methylation,CpG_R1259,original,siteB,0.0013408823202645194
methylation,CpG_R1259,original,siteC,-0.011587505842884979
methylation,CpG_R1260,original,(Intercept),0.17099099261240294
methylation,CpG_R1260,original,age,-0.0002477299979137943
methylation,CpG_R1260,original,sexM,-0.016284979375949332
methylation,CpG_R1260,original,siteB,0.0007546276303223324
methylation,CpG_R1260,original,siteC,0.015445049767267467
methylation,CpG_R1261,original,(Intercept),0.29526204493684777
methylation,CpG_R1261,original,age,-0.00022276974708106118
methylation,CpG_R1261,original,sexM,0.002760234813780397
methylation,CpG_R1261,original,siteB,0.01715910799359589
methylation,CpG_R1261,original,siteC,0.024587243223505213
methylation,CpG_R1262,original,(Intercept),0.17549270250075044
methylation,CpG_R1262,original,age,0.00027920443816327445
methylation,CpG_R1262,original,sexM,0.0008356942018355315
methylation,CpG_R1262,original,siteB,-0.02107993578098284
methylation,CpG_R1262,original,siteC,-0.014009796653363321
methylation,CpG_R1263,original,(Intercept),-0.02866173425651932
methylation,CpG_R1263,original,age,0.0008407363236951767
methylation,CpG_R1263,original,sexM,-0.001027689136948035
methylation,CpG_R1263,original,siteB,0.0071002155342604545
methylation,CpG_R1263,original,siteC,0.011164809668149294
methylation,CpG_R1264,original,(Intercept),0.20257895012292862
methylation,CpG_R1264,original,age,-0.0008018136055365483
methylation,CpG_R1264,original,sexM,-0.008250842221774803
methylation,CpG_R1264,original,siteB,0.008113090273506892
methylation,CpG_R1264,original,siteC,0.013127128900616802
methylation,CpG_R1265,original,(Intercept),0.460266574229115
methylation,CpG_R1265,original,age,-0.0003202931355090257
methylation,CpG_R1265,original,sexM,-0.017532358101628745
methylation,CpG_R1265,original,siteB,-0.004534936968360898
methylation,CpG_R1265,original,siteC,0.0137404948136523
methylation,CpG_R1266,original,(Intercept),0.2462109735872725
methylation,CpG_R1266,original,age,-0.00022689441173924326
methylation,CpG_R1266,original,sexM,0.018570253863107997
methylation,CpG_R1266,original,siteB,-0.003334730782459372
methylation,CpG_R1266,original,siteC,0.008696652885031976
methylation,CpG_R1267,original,(Intercept),0.3534797855006166
methylation,CpG_R1267,original,age,-0.00024042062543953285
methylation,CpG_R1267,original,sexM,-0.005996485509373846
methylation,CpG_R1267,original,siteB,-0.005612967649502752
methylation,CpG_R1267,original,siteC,0.0033833713888781055
methylation,CpG_R1268,original,(Intercept),0.07882720618380813
methylation,CpG_R1268,original,age,0.0001769418186213698
methylation,CpG_R1268,original,sexM,-0.013387115093113812
methylation,CpG_R1268,original,siteB,-0.00018660552596510803
methylation,CpG_R1268,original,siteC,-0.00959258307803863
methylation,CpG_R1269,original,(Intercept),0.15290228213459842
methylation,CpG_R1269,original,age,0.0005345333133897243
methylation,CpG_R1269,original,sexM,-0.0015780935094758105
methylation,CpG_R1269,original,siteB,0.0022878381468506553
methylation,CpG_R1269,original,siteC,0.008661815723566437
methylation,CpG_R1270,original,(Intercept),0.2814468864060823
methylation,CpG_R1270,original,age,0.000190271996755247
methylation,CpG_R1270,original,sexM,-0.014604721299040129
methylation,CpG_R1270,original,siteB,-0.03577102403792859
methylation,CpG_R1270,original,siteC,-0.027848065374307736
methylation,CpG_R1271,original,(Intercept),0.11335996085146212
methylation,CpG_R1271,original,age,-0.0005368514396131131
methylation,CpG_R1271,original,sexM,-0.009454677461160736
methylation,CpG_R1271,original,siteB,-0.018244805480658065
methylation,CpG_R1271,original,siteC,-0.028151126250551134
methylation,CpG_R1272,original,(Intercept),0.2319264184893536
methylation,CpG_R1272,original,age,-9.70151987354981e-05
methylation,CpG_R1272,original,sexM,-0.010158712999361663
methylation,CpG_R1272,original,siteB,-0.00732352775202573
methylation,CpG_R1272,original,siteC,-0.0031738572973597132
methylation,CpG_R1273,original,(Intercept),0.11235716495639553
methylation,CpG_R1273,original,age,-0.00023427413787771847
methylation,CpG_R1273,original,sexM,0.0032716406772939324
methylation,CpG_R1273,original,siteB,-3.598279119117801e-05
methylation,CpG_R1273,original,siteC,-0.005564724899413067
methylation,CpG_R1274,original,(Intercept),0.1318495621184606
methylation,CpG_R1274,original,age,8.962061095379863e-05
methylation,CpG_R1274,original,sexM,-0.001923064547546624
methylation,CpG_R1274,original,siteB,-0.002374906166938022
methylation,CpG_R1274,original,siteC,-0.01006837360317306
methylation,CpG_R1275,original,(Intercept),0.14564933550252768
methylation,CpG_R1275,original,age,0.0003014317234156141
methylation,CpG_R1275,original,sexM,-0.008695764509199616
methylation,CpG_R1275,original,siteB,-0.019866416637290427
methylation,CpG_R1275,original,siteC,-0.019043178618494465
methylation,CpG_R1276,original,(Intercept),0.27005005762349193
methylation,CpG_R1276,original,age,0.0001100117744163696
methylation,CpG_R1276,original,sexM,0.013514098643142135
methylation,CpG_R1276,original,siteB,-0.0061835166444819
methylation,CpG_R1276,original,siteC,-0.010254975521460282
methylation,CpG_R1277,original,(Intercept),0.044909958750961675
methylation,CpG_R1277,original,age,-2.9315560036374594e-06
methylation,CpG_R1277,original,sexM,0.0031032325091212686
methylation,CpG_R1277,original,siteB,-0.00911917767193097
methylation,CpG_R1277,original,siteC,-0.019123608413442215
methylation,CpG_R1278,original,(Intercept),0.3833587611128509
methylation,CpG_R1278,original,age,-0.0007232232459801249
methylation,CpG_R1278,original,sexM,0.019464461986839415
methylation,CpG_R1278,original,siteB,-0.021163754286691303
methylation,CpG_R1278,original,siteC,-0.030259239019411598
methylation,CpG_R1279,original,(Intercept),0.12472614197320041
methylation,CpG_R1279,original,age,0.0004449168789184162
methylation,CpG_R1279,original,sexM,-0.003894565956066921
methylation,CpG_R1279,original,siteB,-0.015327603272906987
methylation,CpG_R1279,original,siteC,-0.012674223394684575
methylation,CpG_R1280,original,(Intercept),0.21400052766211278
methylation,CpG_R1280,original,age,7.873947330217429e-05
methylation,CpG_R1280,original,sexM,-0.0026497123025012196
methylation,CpG_R1280,original,siteB,-0.0030984005540787875
methylation,CpG_R1280,original,siteC,0.0038784298136897858
methylation,CpG_R1281,original,(Intercept),0.12859944356450603
methylation,CpG_R1281,original,age,0.00026284904914799606
methylation,CpG_R1281,original,sexM,0.00029934385748303367
methylation,CpG_R1281,original,siteB,0.0033759590378743052
methylation,CpG_R1281,original,siteC,0.0005770499271205409
methylation,CpG_R1282,original,(Intercept),0.18816767221505523
methylation,CpG_R1282,original,age,-2.5188659092067683e-05
methylation,CpG_R1282,original,sexM,-0.002133951126303917
methylation,CpG_R1282,original,siteB,-0.013013856874811996
methylation,CpG_R1282,original,siteC,-0.007518701943740025
methylation,CpG_R1283,original,(Intercept),0.18296317235109397
methylation,CpG_R1283,original,age,-0.0007155004027583814
methylation,CpG_R1283,original,sexM,-0.011766152788179333
methylation,CpG_R1283,original,siteB,0.012368127868882707
methylation,CpG_R1283,original,siteC,0.021459443065740297
methylation,CpG_R1284,original,(Intercept),0.11881742302315774
methylation,CpG_R1284,original,age,-8.65320525357631e-05
methylation,CpG_R1284,original,sexM,0.003438207891341728
methylation,CpG_R1284,original,siteB,0.023732427683393263
methylation,CpG_R1284,original,siteC,0.014821639326659784
methylation,CpG_R1285,original,(Intercept),0.05654878413098247
methylation,CpG_R1285,original,age,1.6211188326540273e-05
methylation,CpG_R1285,original,sexM,-0.004822720457707007
methylation,CpG_R1285,original,siteB,0.008913867310594514
methylation,CpG_R1285,original,siteC,0.002901061137175139
methylation,CpG_R1286,original,(Intercept),0.15794938643857268
methylation,CpG_R1286,original,age,-0.0004774161154527719
methylation,CpG_R1286,original,sexM,0.00403275408557917
methylation,CpG_R1286,original,siteB,-0.022042600748417712
methylation,CpG_R1286,original,siteC,-0.033785758821180664
methylation,CpG_R1287,original,(Intercept),0.20059181984731794
methylation,CpG_R1287,original,age,0.0006453489089712269
methylation,CpG_R1287,original,sexM,-0.011086496025331035
methylation,CpG_R1287,original,siteB,0.011205234187139188
methylation,CpG_R1287,original,siteC,0.019015685075959923
methylation,CpG_R1288,original,(Intercept),0.2880092324889754
methylation,CpG_R1288,original,age,0.0001508059492998452
methylation,CpG_R1288,original,sexM,-0.0053117123136981045
methylation,CpG_R1288,original,siteB,0.003689033861480502
methylation,CpG_R1288,original,siteC,0.0027937293521445848
methylation,CpG_R1289,original,(Intercept),0.09905922779692487
methylation,CpG_R1289,original,age,-0.00010995490791630435
methylation,CpG_R1289,original,sexM,-0.0036034837304407203
methylation,CpG_R1289,original,siteB,0.02659959752131006
methylation,CpG_R1289,original,siteC,0.021662979971278473
methylation,CpG_R1290,original,(Intercept),0.31136753609927537
methylation,CpG_R1290,original,age,6.910891105325682e-05
methylation,CpG_R1290,original,sexM,0.014844771092453335
methylation,CpG_R1290,original,siteB,-0.022176629531856253
methylation,CpG_R1290,original,siteC,-0.01522916979841634
methylation,CpG_R1291,original,(Intercept),0.1722633862809416
methylation,CpG_R1291,original,age,2.329332472083304e-06
methylation,CpG_R1291,original,sexM,-0.0006316740242145575
methylation,CpG_R1291,original,siteB,0.011196127446123619
methylation,CpG_R1291,original,siteC,-0.011421312698196802
methylation,CpG_R1292,original,(Intercept),0.3019699509402109
methylation,CpG_R1292,original,age,-3.253599210457488e-05
methylation,CpG_R1292,original,sexM,0.007452317106102499
methylation,CpG_R1292,original,siteB,0.014240107146611307
methylation,CpG_R1292,original,siteC,0.0009060472216105255
methylation,CpG_R1293,original,(Intercept),0.33866215728989557
methylation,CpG_R1293,original,age,3.999195496301127e-06
methylation,CpG_R1293,original,sexM,0.008649280627300552
methylation,CpG_R1293,original,siteB,0.008803557259325748
methylation,CpG_R1293,original,siteC,0.005506114473843767
methylation,CpG_R1294,original,(Intercept),0.2032077358333127
methylation,CpG_R1294,original,age,-0.0001143002385137517
methylation,CpG_R1294,original,sexM,-0.002101099366464369
methylation,CpG_R1294,original,siteB,-0.004825102587503678
methylation,CpG_R1294,original,siteC,-0.019921966825029107
methylation,CpG_R1295,original,(Intercept),0.4574954861024511
methylation,CpG_R1295,original,age,-0.0005954878568735747
methylation,CpG_R1295,original,sexM,0.004558659484880982
methylation,CpG_R1295,original,siteB,-0.056776601021205735
methylation,CpG_R1295,original,siteC,-0.0453860971581854
methylation,CpG_R1296,original,(Intercept),0.09767617026326278
methylation,CpG_R1296,original,age,0.0007012051196803307
methylation,CpG_R1296,original,sexM,-0.007717892787289717
methylation,CpG_R1296,original,siteB,-0.0018597293472135004
methylation,CpG_R1296,original,siteC,-0.003417892928013581
methylation,CpG_R1297,original,(Intercept),0.09631467209970386
methylation,CpG_R1297,original,age,0.0002272536310825358
methylation,CpG_R1297,original,sexM,0.0017842195933257846
methylation,CpG_R1297,original,siteB,-0.002977894660691192
methylation,CpG_R1297,original,siteC,-0.019570451266150177
methylation,CpG_R1298,original,(Intercept),0.3121254299042703
methylation,CpG_R1298,original,age,0.0002959984777728129
methylation,CpG_R1298,original,sexM,-0.0007428963445549962
methylation,CpG_R1298,original,siteB,0.015230376989097369
methylation,CpG_R1298,original,siteC,0.01707785646204458
methylation,CpG_R1299,original,(Intercept),0.11835202792598394
methylation,CpG_R1299,original,age,0.00035889247318998343
methylation,CpG_R1299,original,sexM,-0.00415951358559035
methylation,CpG_R1299,original,siteB,0.004234142875692111
methylation,CpG_R1299,original,siteC,-0.01133435379863368
methylation,CpG_R1300,original,(Intercept),0.4559062856307441
methylation,CpG_R1300,original,age,0.00043274055205747166
methylation,CpG_R1300,original,sexM,-0.007155384962926743
methylation,CpG_R1300,original,siteB,0.0043283114246094705
methylation,CpG_R1300,original,siteC,0.016427570542644404
methylation,CpG_R1301,original,(Intercept),0.10387597171513847
methylation,CpG_R1301,original,age,0.0008027398382106409
methylation,CpG_R1301,original,sexM,-0.008809177029343187
methylation,CpG_R1301,original,siteB,0.004203212557462598
methylation,CpG_R1301,original,siteC,0.007244086594623325
methylation,CpG_R1302,original,(Intercept),0.11249067549357523
methylation,CpG_R1302,original,age,0.00011947662918423118
methylation,CpG_R1302,original,sexM,-0.005256259829040895
methylation,CpG_R1302,original,siteB,0.021945018008962744
methylation,CpG_R1302,original,siteC,0.009067752684576656
methylation,CpG_R1303,original,(Intercept),0.22521918381503972
methylation,CpG_R1303,original,age,-0.0008718721285369496
methylation,CpG_R1303,original,sexM,0.005639008004739135
methylation,CpG_R1303,original,siteB,0.0013692959004646444
methylation,CpG_R1303,original,siteC,0.001835169613632671
methylation,CpG_R1304,original,(Intercept),0.060618195169915
methylation,CpG_R1304,original,age,0.0010703535918364312
methylation,CpG_R1304,original,sexM,-0.009308227431547068
methylation,CpG_R1304,original,siteB,0.009075987019190124
methylation,CpG_R1304,original,siteC,0.012069410392177083
methylation,CpG_R1305,original,(Intercept),0.411374976246461
methylation,CpG_R1305,original,age,-0.0008859798278876255
methylation,CpG_R1305,original,sexM,0.007534022612173571
methylation,CpG_R1305,original,siteB,0.004284156888533649
methylation,CpG_R1305,original,siteC,0.0025261841662746237
methylation,CpG_R1306,original,(Intercept),0.034034105977246855
methylation,CpG_R1306,original,age,0.0002622966722671695
methylation,CpG_R1306,original,sexM,-0.002167439143128041
methylation,CpG_R1306,original,siteB,0.005958281369593616
methylation,CpG_R1306,original,siteC,0.0027964993129047594
methylation,CpG_R1307,original,(Intercept),0.1885353085638424
methylation,CpG_R1307,original,age,2.399408562183868e-05
methylation,CpG_R1307,original,sexM,-0.0009040133782071693
methylation,CpG_R1307,original,siteB,-0.01266919412394637
methylation,CpG_R1307,original,siteC,-0.028032773651109694
methylation,CpG_R1308,original,(Intercept),0.09352178820285438
methylation,CpG_R1308,original,age,0.00011887354440749279
methylation,CpG_R1308,original,sexM,-0.009887403985573457
methylation,CpG_R1308,original,siteB,0.0008512070858621124
methylation,CpG_R1308,original,siteC,-0.014385808539836774
methylation,CpG_R1309,original,(Intercept),0.30849134067917167
methylation,CpG_R1309,original,age,-0.0005787202926636056
methylation,CpG_R1309,original,sexM,0.0022830763965870334
methylation,CpG_R1309,original,siteB,-0.026696327951018495
methylation,CpG_R1309,original,siteC,-0.009150511980715264
methylation,CpG_R1310,original,(Intercept),0.23786876512790747
methylation,CpG_R1310,original,age,8.67012636403609e-05
methylation,CpG_R1310,original,sexM,-0.016212756860096388
methylation,CpG_R1310,original,siteB,0.016819058975430113
methylation,CpG_R1310,original,siteC,0.009267330086163868
methylation,CpG_R1311,original,(Intercept),0.033743957899478615
methylation,CpG_R1311,original,age,0.0005487330124157966
methylation,CpG_R1311,original,sexM,-0.002475892130645529
methylation,CpG_R1311,original,siteB,0.0049165172156836676
methylation,CpG_R1311,original,siteC,0.01115051752657336
methylation,CpG_R1312,original,(Intercept),0.502713716960127
methylation,CpG_R1312,original,age,-0.0008846661729432623
methylation,CpG_R1312,original,sexM,0.01676524839635115
methylation,CpG_R1312,original,siteB,0.007446253026902104
methylation,CpG_R1312,original,siteC,0.007654422057551883
methylation,CpG_R1313,original,(Intercept),0.17277270219173443
methylation,CpG_R1313,original,age,-0.0009414020391424243
methylation,CpG_R1313,original,sexM,-0.00121618347465664
methylation,CpG_R1313,original,siteB,0.016762002938445986
methylation,CpG_R1313,original,siteC,0.009010064212578375
methylation,CpG_R1314,original,(Intercept),0.2174689913184604
methylation,CpG_R1314,original,age,-0.0010681655469664245
methylation,CpG_R1314,original,sexM,0.0019400801182799198
methylation,CpG_R1314,original,siteB,0.0012647305763939577
methylation,CpG_R1314,original,siteC,-0.00023697817505029123
methylation,CpG_R1315,original,(Intercept),0.09802299178771771
methylation,CpG_R1315,original,age,-0.0004071310514378083
methylation,CpG_R1315,original,sexM,0.003915840185353279
methylation,CpG_R1315,original,siteB,0.01298996542284079
methylation,CpG_R1315,original,siteC,-0.00018035747280717364
methylation,CpG_R1316,original,(Intercept),0.2573396230187085
methylation,CpG_R1316,original,age,0.0021305837384271863
methylation,CpG_R1316,original,sexM,-0.005443380153578526
methylation,CpG_R1316,original,siteB,-0.00745377190986332
methylation,CpG_R1316,original,siteC,0.0009451755819212962
methylation,CpG_R1317,original,(Intercept),-0.07090582441181588
methylation,CpG_R1317,original,age,0.0028114798614058303
methylation,CpG_R1317,original,sexM,0.0046636805486923545
methylation,CpG_R1317,original,siteB,0.0020315907181127604
methylation,CpG_R1317,original,siteC,0.0013450429719176046
methylation,CpG_R1318,original,(Intercept),0.26205262945537144
methylation,CpG_R1318,original,age,-0.0009482877399147854
methylation,CpG_R1318,original,sexM,0.0023080480094422626
methylation,CpG_R1318,original,siteB,-0.00553682596632193
methylation,CpG_R1318,original,siteC,-0.0055280493805168794
methylation,CpG_R1319,original,(Intercept),0.45966065361556685
methylation,CpG_R1319,original,age,-0.0007181593660750124
methylation,CpG_R1319,original,sexM,0.013348134162402027
methylation,CpG_R1319,original,siteB,-0.009592549319122168
methylation,CpG_R1319,original,siteC,-0.013085877365366918
methylation,CpG_R1320,original,(Intercept),0.18935003811454665
methylation,CpG_R1320,original,age,0.0009345827907636585
methylation,CpG_R1320,original,sexM,0.0023080722623749256
methylation,CpG_R1320,original,siteB,0.0034318787399757584
methylation,CpG_R1320,original,siteC,0.005509772963091369
methylation,CpG_R1321,original,(Intercept),0.15823298411398196
methylation,CpG_R1321,original,age,-0.00011458348283993981
methylation,CpG_R1321,original,sexM,-0.0006592707696739428
methylation,CpG_R1321,original,siteB,0.009409911937274956
methylation,CpG_R1321,original,siteC,0.006839122478315142
methylation,CpG_R1322,original,(Intercept),0.17390840794023507
methylation,CpG_R1322,original,age,0.00021027168320361507
methylation,CpG_R1322,original,sexM,-0.00539095932565234
methylation,CpG_R1322,original,siteB,0.00877256618141605
methylation,CpG_R1322,original,siteC,0.005452321583556779
methylation,CpG_R1323,original,(Intercept),0.08405441365059127
methylation,CpG_R1323,original,age,-0.0004562304151437009
methylation,CpG_R1323,original,sexM,0.004723847403011839
methylation,CpG_R1323,original,siteB,-0.007532418168119668
methylation,CpG_R1323,original,siteC,-6.63950768387103e-05
methylation,CpG_R1324,original,(Intercept),0.1415182817520002
methylation,CpG_R1324,original,age,6.486121497068412e-05
methylation,CpG_R1324,original,sexM,0.007405546998807703
methylation,CpG_R1324,original,siteB,-0.020567229605714325
methylation,CpG_R1324,original,siteC,-0.015079670198380864
methylation,CpG_R1325,original,(Intercept),0.13216913587442752
methylation,CpG_R1325,original,age,0.0005717921151547111
methylation,CpG_R1325,original,sexM,-0.004570820922756688
methylation,CpG_R1325,original,siteB,-0.0014085762105452652
methylation,CpG_R1325,original,siteC,-0.012275993584825376
methylation,CpG_R1326,original,(Intercept),0.1235744142732438
methylation,CpG_R1326,original,age,8.121803053380314e-05
methylation,CpG_R1326,original,sexM,0.012248135534524604
methylation,CpG_R1326,original,siteB,-0.00839713235584339
methylation,CpG_R1326,original,siteC,6.665464047532936e-05
methylation,CpG_R1327,original,(Intercept),0.3413321353056658
methylation,CpG_R1327,original,age,-1.3047058339685173e-05
methylation,CpG_R1327,original,sexM,-0.002167116382525618
methylation,CpG_R1327,original,siteB,0.004502561650475907
methylation,CpG_R1327,original,siteC,-0.0014942192825752514
methylation,CpG_R1328,original,(Intercept),0.07404265697205087
methylation,CpG_R1328,original,age,0.00013834482700905986
methylation,CpG_R1328,original,sexM,0.03373890560088486
methylation,CpG_R1328,original,siteB,0.0024059094166424336
methylation,CpG_R1328,original,siteC,0.006716133795265538
methylation,CpG_R1329,original,(Intercept),0.20333814873340997
methylation,CpG_R1329,original,age,-0.0007540803147570945
methylation,CpG_R1329,original,sexM,-0.008735653669807171
methylation,CpG_R1329,original,siteB,-0.0033046196557734433
methylation,CpG_R1329,original,siteC,0.012211031896547554
methylation,CpG_R1330,original,(Intercept),0.1488107088459275
methylation,CpG_R1330,original,age,-0.0002853623365887035
methylation,CpG_R1330,original,sexM,0.019380742397123323
methylation,CpG_R1330,original,siteB,-0.0138491301280599
methylation,CpG_R1330,original,siteC,0.000719621319721339
methylation,CpG_R1331,original,(Intercept),0.3597038412383785
methylation,CpG_R1331,original,age,0.0003465110238957651
methylation,CpG_R1331,original,sexM,-0.010064534413429312
methylation,CpG_R1331,original,siteB,-0.030994409979931282
methylation,CpG_R1331,original,siteC,-0.019234692056548194
methylation,CpG_R1332,original,(Intercept),0.10886020532438534
methylation,CpG_R1332,original,age,0.000725186123946902
methylation,CpG_R1332,original,sexM,0.0053945035617219365
methylation,CpG_R1332,original,siteB,-0.013444107727081675
methylation,CpG_R1332,original,siteC,-0.0021037264644999942
methylation,CpG_R1333,original,(Intercept),0.21469502331280288
methylation,CpG_R1333,original,age,7.22324888397309e-05
methylation,CpG_R1333,original,sexM,0.006403214954746974
methylation,CpG_R1333,original,siteB,-0.02536421082849683
methylation,CpG_R1333,original,siteC,-0.01381814879597225
methylation,CpG_R1334,original,(Intercept),0.364410828895613
methylation,CpG_R1334,original,age,-0.00017708785940010342
methylation,CpG_R1334,original,sexM,-0.001630178984463723
methylation,CpG_R1334,original,siteB,-0.01071529949540906
methylation,CpG_R1334,original,siteC,-0.013307439533512044
methylation,CpG_R1335,original,(Intercept),0.061597686513977165
methylation,CpG_R1335,original,age,-0.0001172409927315877
methylation,CpG_R1335,original,sexM,0.0007280109458541226
methylation,CpG_R1335,original,siteB,0.011281436609797007
methylation,CpG_R1335,original,siteC,0.0103042648405274
methylation,CpG_R1336,original,(Intercept),0.18405685316607187
methylation,CpG_R1336,original,age,0.00010451948060286021
methylation,CpG_R1336,original,sexM,-0.0025258670242838508
methylation,CpG_R1336,original,siteB,-0.0025349728213606287
methylation,CpG_R1336,original,siteC,0.00508106812954683
methylation,CpG_R1337,original,(Intercept),0.31839656644882913
methylation,CpG_R1337,original,age,-0.00013519170313635692
methylation,CpG_R1337,original,sexM,-0.005989364423317731
methylation,CpG_R1337,original,siteB,-0.02645240452140869
methylation,CpG_R1337,original,siteC,-0.026991517450847023
methylation,CpG_R1338,original,(Intercept),0.26155066801158355
methylation,CpG_R1338,original,age,-0.0006849864229639424
methylation,CpG_R1338,original,sexM,-0.004274862676535903
methylation,CpG_R1338,original,siteB,0.008808242149220779
methylation,CpG_R1338,original,siteC,0.0062974382568523985
methylation,CpG_R1339,original,(Intercept),0.06399105652117756
methylation,CpG_R1339,original,age,-0.0003160907279605386
methylation,CpG_R1339,original,sexM,-0.004949967466142417
methylation,CpG_R1339,original,siteB,0.0064075488658437586
methylation,CpG_R1339,original,siteC,0.014401773829381917
methylation,CpG_R1340,original,(Intercept),0.4144044626894532
methylation,CpG_R1340,original,age,-0.00020404369700502385
methylation,CpG_R1340,original,sexM,-0.006141224156673743
methylation,CpG_R1340,original,siteB,0.0005212526160072062
methylation,CpG_R1340,original,siteC,-0.010125068009267022
methylation,CpG_R1341,original,(Intercept),0.055614243533757456
methylation,CpG_R1341,original,age,0.00026549767666216105
methylation,CpG_R1341,original,sexM,-0.005040074418607416
methylation,CpG_R1341,original,siteB,-0.0042387642167270685
methylation,CpG_R1341,original,siteC,0.010367551685334599
methylation,CpG_R1342,original,(Intercept),0.15201943032249496
methylation,CpG_R1342,original,age,-7.20179792257924e-05
methylation,CpG_R1342,original,sexM,0.014141019192490379
methylation,CpG_R1342,original,siteB,0.023125948065737482
methylation,CpG_R1342,original,siteC,0.025647426674678803
methylation,CpG_R1343,original,(Intercept),0.1646617868079685
methylation,CpG_R1343,original,age,-0.00027172092577981493
methylation,CpG_R1343,original,sexM,0.009193335765979046
methylation,CpG_R1343,original,siteB,-0.03229733056355987
methylation,CpG_R1343,original,siteC,-0.024039090133131814
methylation,CpG_R1344,original,(Intercept),0.2647034671234047
methylation,CpG_R1344,original,age,-0.00040182900831933825
methylation,CpG_R1344,original,sexM,0.004169698983963153
methylation,CpG_R1344,original,siteB,-0.01586308492939002
methylation,CpG_R1344,original,siteC,-0.018861532919244434
methylation,CpG_R1345,original,(Intercept),0.17518145804977098
methylation,CpG_R1345,original,age,0.00010156920618534743
methylation,CpG_R1345,original,sexM,0.004452487012848942
methylation,CpG_R1345,original,siteB,-0.0012611359486325454
methylation,CpG_R1345,original,siteC,-0.005341441244633904
methylation,CpG_R1346,original,(Intercept),0.0275942074274625
methylation,CpG_R1346,original,age,0.00045097649873500107
methylation,CpG_R1346,original,sexM,-0.00335277988682574
methylation,CpG_R1346,original,siteB,-0.006435168406243936
methylation,CpG_R1346,original,siteC,-0.00195487738730151
methylation,CpG_R1347,original,(Intercept),0.31185612340682806
methylation,CpG_R1347,original,age,7.580442028602367e-05
methylation,CpG_R1347,original,sexM,0.004700525193213351
methylation,CpG_R1347,original,siteB,-0.001402140446861257
methylation,CpG_R1347,original,siteC,0.0033751666357685617
methylation,CpG_R1348,original,(Intercept),0.29653960481072983
methylation,CpG_R1348,original,age,-1.2921712228131319e-05
methylation,CpG_R1348,original,sexM,0.009974770697713919
methylation,CpG_R1348,original,siteB,-0.008015298038832594
methylation,CpG_R1348,original,siteC,-0.010627669601238775
methylation,CpG_R1349,original,(Intercept),0.26740909065319735
methylation,CpG_R1349,original,age,-0.00048682187814131516
methylation,CpG_R1349,original,sexM,-0.017502751565756276
methylation,CpG_R1349,original,siteB,0.008470536908710743
methylation,CpG_R1349,original,siteC,0.0255382804529401
methylation,CpG_R1350,original,(Intercept),0.10761356375235433
methylation,CpG_R1350,original,age,4.678465702086486e-05
methylation,CpG_R1350,original,sexM,0.008436837022411887
methylation,CpG_R1350,original,siteB,-0.004479383410472225
methylation,CpG_R1350,original,siteC,-0.015121102423356564
methylation,CpG_R1351,original,(Intercept),0.038371098398296555
methylation,CpG_R1351,original,age,0.00020004984412433003
methylation,CpG_R1351,original,sexM,-0.0012455097287418023
methylation,CpG_R1351,original,siteB,0.000881310425359921
methylation,CpG_R1351,original,siteC,-0.0083918540414358
methylation,CpG_R1352,original,(Intercept),0.08170011356698018
methylation,CpG_R1352,original,age,0.0005520218733661772
methylation,CpG_R1352,original,sexM,0.006575666980652509
methylation,CpG_R1352,original,siteB,-0.016258570639210258
methylation,CpG_R1352,original,siteC,-0.018696196154929456
methylation,CpG_R1353,original,(Intercept),0.15739648307352846
methylation,CpG_R1353,original,age,0.00034508740081425917
methylation,CpG_R1353,original,sexM,0.001888549215582708
methylation,CpG_R1353,original,siteB,0.024960900038322142
methylation,CpG_R1353,original,siteC,0.027907857926342518
methylation,CpG_R1354,original,(Intercept),0.4535826303615598
methylation,CpG_R1354,original,age,-0.00019421853889750872
methylation,CpG_R1354,original,sexM,0.00445234089496607
methylation,CpG_R1354,original,siteB,-0.020818443113585283
methylation,CpG_R1354,original,siteC,-0.01643430368485534
methylation,CpG_R1355,original,(Intercept),0.38208091177023645
methylation,CpG_R1355,original,age,-9.001261234692907e-05
methylation,CpG_R1355,original,sexM,-0.0009266047436873379
methylation,CpG_R1355,original,siteB,-0.015630190860504104
methylation,CpG_R1355,original,siteC,-0.00895000485295026
methylation,CpG_R1356,original,(Intercept),0.3206570064469114
methylation,CpG_R1356,original,age,-0.00012021950430651081
methylation,CpG_R1356,original,sexM,0.009400283576860737
methylation,CpG_R1356,original,siteB,0.003371488111137058
methylation,CpG_R1356,original,siteC,-0.0015157228627748665
methylation,CpG_R1357,original,(Intercept),0.12869830362246035
methylation,CpG_R1357,original,age,-0.0005395220689743237
methylation,CpG_R1357,original,sexM,-0.007762087469875782
methylation,CpG_R1357,original,siteB,-0.0030926658862570292
methylation,CpG_R1357,original,siteC,0.005511117051083882
methylation,CpG_R1358,original,(Intercept),0.6139537749748119
methylation,CpG_R1358,original,age,-0.0006250933304077357
methylation,CpG_R1358,original,sexM,-0.004321387899446
methylation,CpG_R1358,original,siteB,-0.00834938510637832
methylation,CpG_R1358,original,siteC,5.801922239460578e-05
methylation,CpG_R1359,original,(Intercept),0.3175865673792506
methylation,CpG_R1359,original,age,-0.00021777004349056133
methylation,CpG_R1359,original,sexM,0.005420255260150632
methylation,CpG_R1359,original,siteB,-0.0052746141179347734
methylation,CpG_R1359,original,siteC,-0.0009790095184220233
methylation,CpG_R1360,original,(Intercept),0.20089090405171534
methylation,CpG_R1360,original,age,-0.00028343514569497975
methylation,CpG_R1360,original,sexM,0.0038243167743854615
methylation,CpG_R1360,original,siteB,-0.002075081965057864
methylation,CpG_R1360,original,siteC,-0.011321207757673826
methylation,CpG_R1361,original,(Intercept),0.28031711731786835
methylation,CpG_R1361,original,age,9.717244767959431e-05
methylation,CpG_R1361,original,sexM,-0.0012049901167206182
methylation,CpG_R1361,original,siteB,-0.005595266113658527
methylation,CpG_R1361,original,siteC,-0.01819638892041119
methylation,CpG_R1362,original,(Intercept),0.13948771571425803
methylation,CpG_R1362,original,age,3.654818963753372e-05
methylation,CpG_R1362,original,sexM,-0.006529124829027174
methylation,CpG_R1362,original,siteB,0.00963074476451972
methylation,CpG_R1362,original,siteC,0.0026883651414662383
methylation,CpG_R1363,original,(Intercept),0.18928597454038115
methylation,CpG_R1363,original,age,-0.0002133950761850005
methylation,CpG_R1363,original,sexM,-0.008319455892210384
methylation,CpG_R1363,original,siteB,-0.016897697332133005
methylation,CpG_R1363,original,siteC,-0.019730680143114254
methylation,CpG_R1364,original,(Intercept),0.15753625915557268
methylation,CpG_R1364,original,age,0.0003112024101031844
methylation,CpG_R1364,original,sexM,-0.013985128336465591
methylation,CpG_R1364,original,siteB,-0.0031805815715622637
methylation,CpG_R1364,original,siteC,-0.006455266705558639
methylation,CpG_R1365,original,(Intercept),0.2259797348259124
methylation,CpG_R1365,original,age,-0.0007646001196610563
methylation,CpG_R1365,original,sexM,0.009317740818552965
methylation,CpG_R1365,original,siteB,-0.0069074696384575605
methylation,CpG_R1365,original,siteC,-0.0024667132444716917
methylation,CpG_R1366,original,(Intercept),0.31392251821990663
methylation,CpG_R1366,original,age,-8.561394112175733e-05
methylation,CpG_R1366,original,sexM,0.00039009454536337334
methylation,CpG_R1366,original,siteB,0.008941928155061545
methylation,CpG_R1366,original,siteC,-0.01199559999406582
methylation,CpG_R1367,original,(Intercept),0.08641243238087101
methylation,CpG_R1367,original,age,8.061120585974756e-05
methylation,CpG_R1367,original,sexM,0.011660330619621658
methylation,CpG_R1367,original,siteB,0.0026402926631242897
methylation,CpG_R1367,original,siteC,0.011843591270185154
methylation,CpG_R1368,original,(Intercept),0.2929640380558957
methylation,CpG_R1368,original,age,-0.00041208779010886223
methylation,CpG_R1368,original,sexM,-0.004426687116269351
methylation,CpG_R1368,original,siteB,-0.012422643829068047
methylation,CpG_R1368,original,siteC,-0.010851443011955845
methylation,CpG_R1369,original,(Intercept),0.04752340727509611
methylation,CpG_R1369,original,age,0.000566309548781624
methylation,CpG_R1369,original,sexM,0.005712961327900349
methylation,CpG_R1369,original,siteB,-0.0009365163049628833
methylation,CpG_R1369,original,siteC,-0.00962373373981709
methylation,CpG_R1370,original,(Intercept),0.647201985907289
methylation,CpG_R1370,original,age,-0.00022899061779631152
methylation,CpG_R1370,original,sexM,-0.008578849819834835
methylation,CpG_R1370,original,siteB,0.0016534700622194175
methylation,CpG_R1370,original,siteC,0.011925364498108213
methylation,CpG_R1371,original,(Intercept),0.2400162503167118
methylation,CpG_R1371,original,age,0.0003857116509695786
methylation,CpG_R1371,original,sexM,0.011727681661121665
methylation,CpG_R1371,original,siteB,-0.0016429028628126053
methylation,CpG_R1371,original,siteC,-0.006096903523487512
methylation,CpG_R1372,original,(Intercept),0.12402695319118509
methylation,CpG_R1372,original,age,0.0004622232673327052
methylation,CpG_R1372,original,sexM,-0.008287635163986232
methylation,CpG_R1372,original,siteB,-0.027571155771343624
methylation,CpG_R1372,original,siteC,-0.029691650137217338
methylation,CpG_R1373,original,(Intercept),0.13612561765891937
methylation,CpG_R1373,original,age,-0.0002712560164323349
methylation,CpG_R1373,original,sexM,0.0040051568869312725
methylation,CpG_R1373,original,siteB,0.0022249264352281017
methylation,CpG_R1373,original,siteC,-0.0011716379039313453
methylation,CpG_R1374,original,(Intercept),0.16944049413561474
methylation,CpG_R1374,original,age,-0.0004867088392998292
methylation,CpG_R1374,original,sexM,0.005631156623508087
methylation,CpG_R1374,original,siteB,-0.014859400703098574
methylation,CpG_R1374,original,siteC,-3.850126780349348e-05
methylation,CpG_R1375,original,(Intercept),0.29186335362670673
methylation,CpG_R1375,original,age,-0.0008344907096105615
methylation,CpG_R1375,original,sexM,-0.002220291203243087
methylation,CpG_R1375,original,siteB,-0.010220380051471077
methylation,CpG_R1375,original,siteC,-0.018486682147550233
methylation,CpG_R1376,original,(Intercept),0.07294180896370775
methylation,CpG_R1376,original,age,0.0004919964931991426
methylation,CpG_R1376,original,sexM,0.003121816846723326
methylation,CpG_R1376,original,siteB,-0.00887925682302502
methylation,CpG_R1376,original,siteC,-0.012365014650144971
methylation,CpG_R1377,original,(Intercept),0.10846655117807665
methylation,CpG_R1377,original,age,0.00011575045719959299
methylation,CpG_R1377,original,sexM,0.005512566167687398
methylation,CpG_R1377,original,siteB,0.016064227407278708
methylation,CpG_R1377,original,siteC,0.009219963532121735
methylation,CpG_R1378,original,(Intercept),0.20756971484370104
methylation,CpG_R1378,original,age,0.00024633924206631685
methylation,CpG_R1378,original,sexM,-0.017096626277429014
methylation,CpG_R1378,original,siteB,0.013915638691260645
methylation,CpG_R1378,original,siteC,0.021609096204220496
methylation,CpG_R1379,original,(Intercept),0.29405192467045554
methylation,CpG_R1379,original,age,0.0003236160825684726
methylation,CpG_R1379,original,sexM,-0.007766167428384006
methylation,CpG_R1379,original,siteB,-0.01959074597495133
methylation,CpG_R1379,original,siteC,-0.006823121590022333
methylation,CpG_R1380,original,(Intercept),0.1529737823983799
methylation,CpG_R1380,original,age,0.00011588715780444755
methylation,CpG_R1380,original,sexM,0.016753769952907942
methylation,CpG_R1380,original,siteB,-0.010251578726937091
methylation,CpG_R1380,original,siteC,-0.015193004580129206
methylation,CpG_R1381,original,(Intercept),0.19355119853744013
methylation,CpG_R1381,original,age,-0.00017074254962149812
methylation,CpG_R1381,original,sexM,-0.007149566485867877
methylation,CpG_R1381,original,siteB,-0.02899199533786169
methylation,CpG_R1381,original,siteC,-0.025982630259581092
methylation,CpG_R1382,original,(Intercept),0.23789954098581076
methylation,CpG_R1382,original,age,-0.00039956263472296853
methylation,CpG_R1382,original,sexM,-0.00289447390273087
methylation,CpG_R1382,original,siteB,-0.012371010102729518
methylation,CpG_R1382,original,siteC,-0.006360307196493895
methylation,CpG_R1383,original,(Intercept),0.16000011847897158
methylation,CpG_R1383,original,age,-0.0001512307796701859
methylation,CpG_R1383,original,sexM,0.0048904971748817755
methylation,CpG_R1383,original,siteB,0.0040057168289357615
methylation,CpG_R1383,original,siteC,0.014100179211661118
methylation,CpG_R1384,original,(Intercept),0.09783493795946478
methylation,CpG_R1384,original,age,0.0007331959027054772
methylation,CpG_R1384,original,sexM,-0.0004883059600423901
methylation,CpG_R1384,original,siteB,-0.011039990520968171
methylation,CpG_R1384,original,siteC,-0.006008543323978413
methylation,CpG_R1385,original,(Intercept),0.2324907937534081
methylation,CpG_R1385,original,age,-0.0002267834962104369
methylation,CpG_R1385,original,sexM,0.006347328072333444
methylation,CpG_R1385,original,siteB,-0.026407908539944153
methylation,CpG_R1385,original,siteC,-0.038425860407436195
methylation,CpG_R1386,original,(Intercept),0.13563621796479094
methylation,CpG_R1386,original,age,-0.0001657683564441359
methylation,CpG_R1386,original,sexM,-0.0017323622515455618
methylation,CpG_R1386,original,siteB,0.003865765431856493
methylation,CpG_R1386,original,siteC,0.0017036467455860205
methylation,CpG_R1387,original,(Intercept),0.19289127376098336
methylation,CpG_R1387,original,age,7.248286335735742e-06
methylation,CpG_R1387,original,sexM,-0.0008972865909518471
methylation,CpG_R1387,original,siteB,-0.05135857369450096
methylation,CpG_R1387,original,siteC,-0.04642259454305467
methylation,CpG_R1388,original,(Intercept),0.1525755514747476
methylation,CpG_R1388,original,age,0.0004225987364044808
methylation,CpG_R1388,original,sexM,-0.00514395403446326
methylation,CpG_R1388,original,siteB,-0.0015437090268360554
methylation,CpG_R1388,original,siteC,0.0026183103814531273
methylation,CpG_R1389,original,(Intercept),0.2517988332507409
methylation,CpG_R1389,original,age,-0.00046882781945360686
methylation,CpG_R1389,original,sexM,0.013443588308231795
methylation,CpG_R1389,original,siteB,-0.004558068466426075
methylation,CpG_R1389,original,siteC,-0.015392904648364923
methylation,CpG_R1390,original,(Intercept),0.3876605269120733
methylation,CpG_R1390,original,age,5.94630881171435e-05
methylation,CpG_R1390,original,sexM,-0.014819460007391457
methylation,CpG_R1390,original,siteB,-0.008310175893179084
methylation,CpG_R1390,original,siteC,0.0018934205518272317
methylation,CpG_R1391,original,(Intercept),0.2956380248840466
methylation,CpG_R1391,original,age,-0.00046480536873196157
methylation,CpG_R1391,original,sexM,0.007760327804354501
methylation,CpG_R1391,original,siteB,-0.00607311237273084
methylation,CpG_R1391,original,siteC,0.004288855266403957
methylation,CpG_R1392,original,(Intercept),0.4699385336859457
methylation,CpG_R1392,original,age,0.0004942330019943974
methylation,CpG_R1392,original,sexM,-0.009766302212959597
methylation,CpG_R1392,original,siteB,-0.005516457662654292
methylation,CpG_R1392,original,siteC,0.0041425253572951685
methylation,CpG_R1393,original,(Intercept),0.41046943958240084
methylation,CpG_R1393,original,age,0.0005000161420113288
methylation,CpG_R1393,original,sexM,-0.0024842365614536482
methylation,CpG_R1393,original,siteB,-0.0039301674364803025
methylation,CpG_R1393,original,siteC,-0.01777825905164564
methylation,CpG_R1394,original,(Intercept),0.14620239840831528
methylation,CpG_R1394,original,age,-0.00019360575921136542
methylation,CpG_R1394,original,sexM,-0.0006237716710308548
methylation,CpG_R1394,original,siteB,0.004724285881066257
methylation,CpG_R1394,original,siteC,0.005194507881607061
methylation,CpG_R1395,original,(Intercept),0.10675328288607881
methylation,CpG_R1395,original,age,-4.7837624448714054e-05
methylation,CpG_R1395,original,sexM,0.011102624960204022
methylation,CpG_R1395,original,siteB,-0.0054857370393959935
methylation,CpG_R1395,original,siteC,-0.015225735239857787
methylation,CpG_R1396,original,(Intercept),0.20241533933317907
methylation,CpG_R1396,original,age,-0.00017493438783698447
methylation,CpG_R1396,original,sexM,0.000150257303051192
methylation,CpG_R1396,original,siteB,0.0020826112310650454
methylation,CpG_R1396,original,siteC,0.000907301312120862
methylation,CpG_R1397,original,(Intercept),0.18548333054627586
methylation,CpG_R1397,original,age,0.00024006717750825108
methylation,CpG_R1397,original,sexM,0.0107322128018964
methylation,CpG_R1397,original,siteB,-0.008798053766705087
methylation,CpG_R1397,original,siteC,-0.0012266406705435996
methylation,CpG_R1398,original,(Intercept),0.27688124650519025
methylation,CpG_R1398,original,age,-0.0005531439917955868
methylation,CpG_R1398,original,sexM,0.003139997451074555
methylation,CpG_R1398,original,siteB,-0.004438108607098024
methylation,CpG_R1398,original,siteC,-0.004115563291884902
methylation,CpG_R1399,original,(Intercept),0.049897579244861164
methylation,CpG_R1399,original,age,-0.0003174792883014496
methylation,CpG_R1399,original,sexM,-0.001985680541926831
methylation,CpG_R1399,original,siteB,0.006873277042849437
methylation,CpG_R1399,original,siteC,0.009655222333734708
methylation,CpG_R1400,original,(Intercept),0.24490432430614384
methylation,CpG_R1400,original,age,-0.0001579292855794978
methylation,CpG_R1400,original,sexM,-0.003783530665474647
methylation,CpG_R1400,original,siteB,0.003969309986261177
methylation,CpG_R1400,original,siteC,0.015579041569079383
methylation,CpG_R1401,original,(Intercept),0.3509434971433406
methylation,CpG_R1401,original,age,-0.0003614912683996619
methylation,CpG_R1401,original,sexM,0.003792913304092155
methylation,CpG_R1401,original,siteB,0.026881922525547913
methylation,CpG_R1401,original,siteC,0.027975947658968176
methylation,CpG_R1402,original,(Intercept),0.07954679754479774
methylation,CpG_R1402,original,age,0.00015266914140310353
methylation,CpG_R1402,original,sexM,-0.003491569641075521
methylation,CpG_R1402,original,siteB,-0.01658908280767199
methylation,CpG_R1402,original,siteC,-0.004211088408606077
methylation,CpG_R1403,original,(Intercept),0.2339277698081393
methylation,CpG_R1403,original,age,-1.57513068949629e-05
methylation,CpG_R1403,original,sexM,0.006660308689530267
methylation,CpG_R1403,original,siteB,0.006516902146680417
methylation,CpG_R1403,original,siteC,0.00171080119694615
methylation,CpG_R1404,original,(Intercept),0.17451053482549292
methylation,CpG_R1404,original,age,0.00027439125418766584
methylation,CpG_R1404,original,sexM,-0.009313936683370607
methylation,CpG_R1404,original,siteB,-0.03644105521773897
methylation,CpG_R1404,original,siteC,-0.02192713046920101
methylation,CpG_R1405,original,(Intercept),0.2366591504260706
methylation,CpG_R1405,original,age,5.234580041408281e-05
methylation,CpG_R1405,original,sexM,-0.0019004026565951169
methylation,CpG_R1405,original,siteB,0.02291519454947652
methylation,CpG_R1405,original,siteC,0.02857847148025372
methylation,CpG_R1406,original,(Intercept),0.12353115386670777
methylation,CpG_R1406,original,age,0.0005766674792363872
methylation,CpG_R1406,original,sexM,0.0011390259058570848
methylation,CpG_R1406,original,siteB,-0.012789348642636702
methylation,CpG_R1406,original,siteC,-0.006904706318136626
methylation,CpG_R1407,original,(Intercept),0.2539630443315443
methylation,CpG_R1407,original,age,0.00026091902403774974
methylation,CpG_R1407,original,sexM,-0.015905808373737215
methylation,CpG_R1407,original,siteB,0.005615936215307959
methylation,CpG_R1407,original,siteC,0.014789171339139227
methylation,CpG_R1408,original,(Intercept),0.2314167867913566
methylation,CpG_R1408,original,age,0.00019367653991039866
methylation,CpG_R1408,original,sexM,0.021483840680413285
methylation,CpG_R1408,original,siteB,-0.020000859017101164
methylation,CpG_R1408,original,siteC,-0.01404135380638479
methylation,CpG_R1409,original,(Intercept),0.06585339237713207
methylation,CpG_R1409,original,age,8.468288843521034e-05
methylation,CpG_R1409,original,sexM,-0.005634076820904466
methylation,CpG_R1409,original,siteB,-0.019271003724687607
methylation,CpG_R1409,original,siteC,-0.01333430296552926
methylation,CpG_R1410,original,(Intercept),0.4188818135033797
methylation,CpG_R1410,original,age,0.0004502180177768754
methylation,CpG_R1410,original,sexM,0.001995397992568589
methylation,CpG_R1410,original,siteB,0.01381565964451405
methylation,CpG_R1410,original,siteC,0.0016900270702576083
methylation,CpG_R1411,original,(Intercept),0.26991887263485437
methylation,CpG_R1411,original,age,0.00037634483076429126
methylation,CpG_R1411,original,sexM,0.004995455898171475
methylation,CpG_R1411,original,siteB,-0.012536457261677751
methylation,CpG_R1411,original,siteC,-0.02106977749972556
methylation,CpG_R1412,original,(Intercept),0.07617976686531241
methylation,CpG_R1412,original,age,0.00011718626649332091
methylation,CpG_R1412,original,sexM,-0.006405361283038474
methylation,CpG_R1412,original,siteB,0.02535910990296321
methylation,CpG_R1412,original,siteC,0.013383483173733618
methylation,CpG_R1413,original,(Intercept),0.30944837837652656
methylation,CpG_R1413,original,age,-6.294069759825178e-05
methylation,CpG_R1413,original,sexM,-0.01150099415324674
methylation,CpG_R1413,original,siteB,-0.006617396624233483
methylation,CpG_R1413,original,siteC,-0.0044173880635607005
methylation,CpG_R1414,original,(Intercept),0.0831358258427081
methylation,CpG_R1414,original,age,0.0003349431889823724
methylation,CpG_R1414,original,sexM,-0.02380044493584452
methylation,CpG_R1414,original,siteB,0.016750669389632544
methylation,CpG_R1414,original,siteC,0.022846829476965508
methylation,CpG_R1415,original,(Intercept),0.22515975454661985
methylation,CpG_R1415,original,age,-0.00024903508908732946
methylation,CpG_R1415,original,sexM,-0.004707518416829305
methylation,CpG_R1415,original,siteB,-0.00010232409081269668
methylation,CpG_R1415,original,siteC,0.0025938185781705534
methylation,CpG_R1416,original,(Intercept),0.13999040978463329
methylation,CpG_R1416,original,age,0.000161694891171882
methylation,CpG_R1416,original,sexM,-0.0003000482394331246
methylation,CpG_R1416,original,siteB,0.0019111245168172085
methylation,CpG_R1416,original,siteC,0.009335597845923355
methylation,CpG_R1417,original,(Intercept),0.30015258981278714
methylation,CpG_R1417,original,age,5.3586301436088165e-05
methylation,CpG_R1417,original,sexM,-0.0121754935245858
methylation,CpG_R1417,original,siteB,-0.007492947724180325
methylation,CpG_R1417,original,siteC,-0.011902069432573582
methylation,CpG_R1418,original,(Intercept),0.07105571318425241
methylation,CpG_R1418,original,age,-0.00026174443837383886
methylation,CpG_R1418,original,sexM,0.001812143808539146
methylation,CpG_R1418,original,siteB,0.010423165506525998
methylation,CpG_R1418,original,siteC,0.012159418737408322
methylation,CpG_R1419,original,(Intercept),0.36542279370402464
methylation,CpG_R1419,original,age,-0.00014353507571407794
methylation,CpG_R1419,original,sexM,0.00602957870806642
methylation,CpG_R1419,original,siteB,0.022381858188493867
methylation,CpG_R1419,original,siteC,0.009680648977777713
methylation,CpG_R1420,original,(Intercept),0.2725424929784462
methylation,CpG_R1420,original,age,-0.00030204770116857996
methylation,CpG_R1420,original,sexM,-0.016286113182972402
methylation,CpG_R1420,original,siteB,-0.034642076381827
methylation,CpG_R1420,original,siteC,-0.023380531738821198
methylation,CpG_R1421,original,(Intercept),0.3929114394382136
methylation,CpG_R1421,original,age,0.0001559503860581241
methylation,CpG_R1421,original,sexM,-0.008752237501150284
methylation,CpG_R1421,original,siteB,-0.0063355841383232955
methylation,CpG_R1421,original,siteC,-0.009314393147629918
methylation,CpG_R1422,original,(Intercept),0.25341207324004067
methylation,CpG_R1422,original,age,-0.00013782823204253853
methylation,CpG_R1422,original,sexM,0.004837687173651859
methylation,CpG_R1422,original,siteB,0.0032140972518043182
methylation,CpG_R1422,original,siteC,0.013927198260226547
methylation,CpG_R1423,original,(Intercept),0.2120885460079882
methylation,CpG_R1423,original,age,-0.00028514976994771654
methylation,CpG_R1423,original,sexM,0.0009125553500385877
methylation,CpG_R1423,original,siteB,0.00162627905854296
methylation,CpG_R1423,original,siteC,0.0070957809966282395
methylation,CpG_R1424,original,(Intercept),0.12930604563209014
methylation,CpG_R1424,original,age,0.00048023308790286846
methylation,CpG_R1424,original,sexM,0.006585026226463282
methylation,CpG_R1424,original,siteB,0.004333172418605767
methylation,CpG_R1424,original,siteC,0.018264162819494605
methylation,CpG_R1425,original,(Intercept),0.06265019331002614
methylation,CpG_R1425,original,age,-0.00021736380640901125
methylation,CpG_R1425,original,sexM,0.005365555019217147
methylation,CpG_R1425,original,siteB,0.012397522813386495
methylation,CpG_R1425,original,siteC,0.018429198426843763
methylation,CpG_R1426,original,(Intercept),-0.003375191653587234
methylation,CpG_R1426,original,age,0.0005196803075345925
methylation,CpG_R1426,original,sexM,0.00435020314791745
methylation,CpG_R1426,original,siteB,-0.0018367480691898568
methylation,CpG_R1426,original,siteC,0.0062967595631595475
methylation,CpG_R1427,original,(Intercept),0.32798999188741357
methylation,CpG_R1427,original,age,-0.000264775816889149
methylation,CpG_R1427,original,sexM,0.0032155472647029935
methylation,CpG_R1427,original,siteB,0.005778030838288585
methylation,CpG_R1427,original,siteC,0.005195831345988422
methylation,CpG_R1428,original,(Intercept),0.08420407404438927
methylation,CpG_R1428,original,age,0.0008220007598103717
methylation,CpG_R1428,original,sexM,0.004223730119196419
methylation,CpG_R1428,original,siteB,-0.031173236512375222
methylation,CpG_R1428,original,siteC,-0.01780126002802094
methylation,CpG_R1429,original,(Intercept),0.581148711748574
methylation,CpG_R1429,original,age,-0.0003122949456079007
methylation,CpG_R1429,original,sexM,-0.0011621419055944274
methylation,CpG_R1429,original,siteB,-0.017519845557448985
methylation,CpG_R1429,original,siteC,-0.02318401891734466
methylation,CpG_R1430,original,(Intercept),0.17877414379848056
methylation,CpG_R1430,original,age,-7.413267420122735e-05
methylation,CpG_R1430,original,sexM,-0.004024713724329634
methylation,CpG_R1430,original,siteB,-0.010615876368588207
methylation,CpG_R1430,original,siteC,-0.0008225889728393848
methylation,CpG_R1431,original,(Intercept),0.11540602644415075
methylation,CpG_R1431,original,age,-0.0002528987128378088
methylation,CpG_R1431,original,sexM,0.0015197091297966423
methylation,CpG_R1431,original,siteB,-0.02065144582732957
methylation,CpG_R1431,original,siteC,-0.02275692754861479
methylation,CpG_R1432,original,(Intercept),0.3533525301355785
methylation,CpG_R1432,original,age,-0.0006171365318991566
methylation,CpG_R1432,original,sexM,0.004721573257221709
methylation,CpG_R1432,original,siteB,-0.008431029640939102
methylation,CpG_R1432,original,siteC,-0.007656003080257418
methylation,CpG_R1433,original,(Intercept),0.10069346209002794
methylation,CpG_R1433,original,age,4.0781409468835826e-05
methylation,CpG_R1433,original,sexM,0.008554501739354252
methylation,CpG_R1433,original,siteB,-0.028597427237622243
methylation,CpG_R1433,original,siteC,-0.02713457714700758
methylation,CpG_R1434,original,(Intercept),0.07510138913877253
methylation,CpG_R1434,original,age,-0.00034803396316891944
methylation,CpG_R1434,original,sexM,-0.005028672998320394
methylation,CpG_R1434,original,siteB,0.001085365917784043
methylation,CpG_R1434,original,siteC,-0.013097645904381275
methylation,CpG_R1435,original,(Intercept),0.058144008999992496
methylation,CpG_R1435,original,age,-0.00032879299441347496
methylation,CpG_R1435,original,sexM,-0.0032903836780994082
methylation,CpG_R1435,original,siteB,0.009078326616033298
methylation,CpG_R1435,original,siteC,0.0101224712899957
methylation,CpG_R1436,original,(Intercept),0.15145083739978563
methylation,CpG_R1436,original,age,-0.0005925276523320057
methylation,CpG_R1436,original,sexM,-0.009000366487635419
methylation,CpG_R1436,original,siteB,0.02133915406013952
methylation,CpG_R1436,original,siteC,0.010596146945159098
methylation,CpG_R1437,original,(Intercept),0.21437655904774022
methylation,CpG_R1437,original,age,-4.025223594928744e-05
methylation,CpG_R1437,original,sexM,0.0027269113909963254
methylation,CpG_R1437,original,siteB,-0.006086241938558488
methylation,CpG_R1437,original,siteC,-0.0063456527578161755
methylation,CpG_R1438,original,(Intercept),0.3072494542267895
methylation,CpG_R1438,original,age,-0.000701057443341692
methylation,CpG_R1438,original,sexM,0.01493136017054895
methylation,CpG_R1438,original,siteB,-0.04780608909672879
methylation,CpG_R1438,original,siteC,-0.0439526035943949
methylation,CpG_R1439,original,(Intercept),0.24773549049833915
methylation,CpG_R1439,original,age,8.425187975219717e-05
methylation,CpG_R1439,original,sexM,-0.006494673705625278
methylation,CpG_R1439,original,siteB,0.009962604266295326
methylation,CpG_R1439,original,siteC,0.007774674253539963
methylation,CpG_R1440,original,(Intercept),0.32281576333297973
methylation,CpG_R1440,original,age,0.0001523303109175398
methylation,CpG_R1440,original,sexM,0.006562932228031486
methylation,CpG_R1440,original,siteB,-0.0015061023015846397
methylation,CpG_R1440,original,siteC,-0.017530768774727225
methylation,CpG_R1441,original,(Intercept),0.1881983081196825
methylation,CpG_R1441,original,age,-0.00012735201919622516
methylation,CpG_R1441,original,sexM,0.01156230353981565
methylation,CpG_R1441,original,siteB,0.005522155148752777
methylation,CpG_R1441,original,siteC,0.003331849162543198
methylation,CpG_R1442,original,(Intercept),0.018392469422159444
methylation,CpG_R1442,original,age,0.0004997717194888912
methylation,CpG_R1442,original,sexM,0.0012856918618540775
methylation,CpG_R1442,original,siteB,-0.00761453150686825
methylation,CpG_R1442,original,siteC,-0.0038877500198039364
methylation,CpG_R1443,original,(Intercept),0.4149225307722253
methylation,CpG_R1443,original,age,0.00021711800103646833
methylation,CpG_R1443,original,sexM,0.0029787288516342266
methylation,CpG_R1443,original,siteB,0.01083998736717149
methylation,CpG_R1443,original,siteC,-0.0019727624899067166
methylation,CpG_R1444,original,(Intercept),0.435447731319556
methylation,CpG_R1444,original,age,2.2622911989815783e-05
methylation,CpG_R1444,original,sexM,0.006353453359060209
methylation,CpG_R1444,original,siteB,0.0076360891366161
methylation,CpG_R1444,original,siteC,0.0018245227263093665
methylation,CpG_R1445,original,(Intercept),0.49885725622864197
methylation,CpG_R1445,original,age,-0.0005258085685650683
methylation,CpG_R1445,original,sexM,-0.006675100498692557
methylation,CpG_R1445,original,siteB,-0.009988170469903149
methylation,CpG_R1445,original,siteC,-0.016626776851649466
methylation,CpG_R1446,original,(Intercept),0.2553765666390485
methylation,CpG_R1446,original,age,-0.0005138916318410473
methylation,CpG_R1446,original,sexM,0.011404225592278106
methylation,CpG_R1446,original,siteB,-0.002383275163017924
methylation,CpG_R1446,original,siteC,0.007952344123186808
methylation,CpG_R1447,original,(Intercept),0.2310834447614253
methylation,CpG_R1447,original,age,-0.0003334855223625964
methylation,CpG_R1447,original,sexM,-0.0030702161576902486
methylation,CpG_R1447,original,siteB,-0.03216978513121678
methylation,CpG_R1447,original,siteC,-0.012586687657351884
methylation,CpG_R1448,original,(Intercept),0.0753402171621232
methylation,CpG_R1448,original,age,-0.00018508698296320817
methylation,CpG_R1448,original,sexM,-0.008153768596776627
methylation,CpG_R1448,original,siteB,-0.012088868225373528
methylation,CpG_R1448,original,siteC,-0.01140919665977977
methylation,CpG_R1449,original,(Intercept),0.19579129886040364
methylation,CpG_R1449,original,age,0.0003180713042792638
methylation,CpG_R1449,original,sexM,-0.002083195868552839
methylation,CpG_R1449,original,siteB,-0.00458813511737037
methylation,CpG_R1449,original,siteC,-0.01769721530845807
methylation,CpG_R1450,original,(Intercept),0.5971216114773696
methylation,CpG_R1450,original,age,5.413317937345506e-05
methylation,CpG_R1450,original,sexM,0.011823460514974814
methylation,CpG_R1450,original,siteB,-0.015031776474847783
methylation,CpG_R1450,original,siteC,-0.008053649414221205
methylation,CpG_R1451,original,(Intercept),0.053533080372310235
methylation,CpG_R1451,original,age,0.00029652766555746476
methylation,CpG_R1451,original,sexM,-0.0014941999943141005
methylation,CpG_R1451,original,siteB,-0.010594863209664605
methylation,CpG_R1451,original,siteC,-0.005001371064897101
methylation,CpG_R1452,original,(Intercept),0.09909717211069052
methylation,CpG_R1452,original,age,0.0006359493071548322
methylation,CpG_R1452,original,sexM,0.0005069516715686882
methylation,CpG_R1452,original,siteB,0.0010049640824099533
methylation,CpG_R1452,original,siteC,-0.013152758633777909
methylation,CpG_R1453,original,(Intercept),0.21952868656958394
methylation,CpG_R1453,original,age,-0.0003924180317581206
methylation,CpG_R1453,original,sexM,-0.008077753989083364
methylation,CpG_R1453,original,siteB,-0.02975656721095195
methylation,CpG_R1453,original,siteC,-0.010702970837469749
methylation,CpG_R1454,original,(Intercept),0.2625333674055065
methylation,CpG_R1454,original,age,4.866814793330265e-05
methylation,CpG_R1454,original,sexM,0.0029774205452190966
methylation,CpG_R1454,original,siteB,0.010222279864093764
methylation,CpG_R1454,original,siteC,0.0020241476846015877
methylation,CpG_R1455,original,(Intercept),0.05486736597525506
methylation,CpG_R1455,original,age,-0.0003063628215880124
methylation,CpG_R1455,original,sexM,-0.009218993627980062
methylation,CpG_R1455,original,siteB,-0.0009345482769356709
methylation,CpG_R1455,original,siteC,-0.0071425485055090455
methylation,CpG_R1456,original,(Intercept),0.09404135148092925
methylation,CpG_R1456,original,age,0.0005420326608369485
methylation,CpG_R1456,original,sexM,0.004466670692359185
methylation,CpG_R1456,original,siteB,0.002561737087806181
methylation,CpG_R1456,original,siteC,-0.00999828847991316
methylation,CpG_R1457,original,(Intercept),0.1510516962225164
methylation,CpG_R1457,original,age,-2.4338086423574863e-05
methylation,CpG_R1457,original,sexM,-0.003821241519647674
methylation,CpG_R1457,original,siteB,0.007500306498965408
methylation,CpG_R1457,original,siteC,0.002527416645415731
methylation,CpG_R1458,original,(Intercept),0.12248085483798415
methylation,CpG_R1458,original,age,-0.0004896720459680169
methylation,CpG_R1458,original,sexM,-0.0069963627085926905
methylation,CpG_R1458,original,siteB,-0.013318629930751424
methylation,CpG_R1458,original,siteC,-0.009044590373717631
methylation,CpG_R1459,original,(Intercept),0.10083884340443622
methylation,CpG_R1459,original,age,0.0004718119195991509
methylation,CpG_R1459,original,sexM,0.006076963585896824
methylation,CpG_R1459,original,siteB,0.005148906020024563
methylation,CpG_R1459,original,siteC,0.006899542180325865
methylation,CpG_R1460,original,(Intercept),0.24618954784522432
methylation,CpG_R1460,original,age,-0.00016044090846966964
methylation,CpG_R1460,original,sexM,-0.009083177463134825
methylation,CpG_R1460,original,siteB,-0.01925224814949234
methylation,CpG_R1460,original,siteC,-0.026103109809403054
methylation,CpG_R1461,original,(Intercept),0.11349318080073802
methylation,CpG_R1461,original,age,0.0004953924216000034
methylation,CpG_R1461,original,sexM,-0.015984083813391173
methylation,CpG_R1461,original,siteB,-0.010128081952797447
methylation,CpG_R1461,original,siteC,-0.00426318218367618
methylation,CpG_R1462,original,(Intercept),0.19900505562591747
methylation,CpG_R1462,original,age,-0.00022000269025535904
methylation,CpG_R1462,original,sexM,-0.0023668518879054134
methylation,CpG_R1462,original,siteB,-0.0015348157728578857
methylation,CpG_R1462,original,siteC,-0.005318460340938741
methylation,CpG_R1463,original,(Intercept),0.08270841700462901
methylation,CpG_R1463,original,age,0.00016081472509868794
methylation,CpG_R1463,original,sexM,0.001752892373700374
methylation,CpG_R1463,original,siteB,-0.0027056883546750232
methylation,CpG_R1463,original,siteC,-0.014339924696599494
methylation,CpG_R1464,original,(Intercept),0.12526212676840542
methylation,CpG_R1464,original,age,-8.448531803992637e-06
methylation,CpG_R1464,original,sexM,-0.013757622339327272
methylation,CpG_R1464,original,siteB,-0.0026302901047632987
methylation,CpG_R1464,original,siteC,-0.0017407058967489303
methylation,CpG_R1465,original,(Intercept),0.12104827693279754
methylation,CpG_R1465,original,age,0.00047435402988579606
methylation,CpG_R1465,original,sexM,-0.00033358580200524993
methylation,CpG_R1465,original,siteB,0.011983912309655245
methylation,CpG_R1465,original,siteC,0.018968879315071244
methylation,CpG_R1466,original,(Intercept),0.008355626758425968
methylation,CpG_R1466,original,age,0.0010447206999644484
methylation,CpG_R1466,original,sexM,0.005071317269830813
methylation,CpG_R1466,original,siteB,-0.005536864952170456
methylation,CpG_R1466,original,siteC,-0.0054943832944144054
methylation,CpG_R1467,original,(Intercept),0.3734239943884851
methylation,CpG_R1467,original,age,-0.0006844306551826886
methylation,CpG_R1467,original,sexM,-0.02022301268362072
methylation,CpG_R1467,original,siteB,-0.005710115165311919
methylation,CpG_R1467,original,siteC,0.002438358195204411
methylation,CpG_R1468,original,(Intercept),0.0758435653179501
methylation,CpG_R1468,original,age,0.00017924551445321313
methylation,CpG_R1468,original,sexM,-0.007510144535725714
methylation,CpG_R1468,original,siteB,-0.00118679761075521
methylation,CpG_R1468,original,siteC,0.002421174498610334
methylation,CpG_R1469,original,(Intercept),0.16561225739754848
methylation,CpG_R1469,original,age,-4.084137409039053e-05
methylation,CpG_R1469,original,sexM,0.010175254996369844
methylation,CpG_R1469,original,siteB,9.633304325384144e-05
methylation,CpG_R1469,original,siteC,-0.0017836030831003412
methylation,CpG_R1470,original,(Intercept),0.006837612322382466
methylation,CpG_R1470,original,age,0.000364398677345684
methylation,CpG_R1470,original,sexM,0.013220512536077398
methylation,CpG_R1470,original,siteB,0.025607144071081656
methylation,CpG_R1470,original,siteC,0.007095440880186899
methylation,CpG_R1471,original,(Intercept),0.14149477584584425
methylation,CpG_R1471,original,age,-0.00022171848465227608
methylation,CpG_R1471,original,sexM,0.013286255870221057
methylation,CpG_R1471,original,siteB,0.009396082723280417
methylation,CpG_R1471,original,siteC,0.007628198617087985
methylation,CpG_R1472,original,(Intercept),0.2818589485502662
methylation,CpG_R1472,original,age,-0.0008349037052007706
methylation,CpG_R1472,original,sexM,0.013207569613807606
methylation,CpG_R1472,original,siteB,0.0036940038632563674
methylation,CpG_R1472,original,siteC,-0.00022889884881968972
methylation,CpG_R1473,original,(Intercept),0.14958896527385163
methylation,CpG_R1473,original,age,-0.0007183265873907775
methylation,CpG_R1473,original,sexM,-0.004558316111062032
methylation,CpG_R1473,original,siteB,-0.006337838003304949
methylation,CpG_R1473,original,siteC,-0.0038831024819635795
methylation,CpG_R1474,original,(Intercept),0.09777424481756364
methylation,CpG_R1474,original,age,-0.00033882443299880965
methylation,CpG_R1474,original,sexM,0.0036317645718795316
methylation,CpG_R1474,original,siteB,-0.0018965641228347993
methylation,CpG_R1474,original,siteC,0.0018736878981252187
methylation,CpG_R1475,original,(Intercept),0.12898677518644272
methylation,CpG_R1475,original,age,0.00015232288986890687
methylation,CpG_R1475,original,sexM,0.0011291270554309092
methylation,CpG_R1475,original,siteB,0.0024233240961168395
methylation,CpG_R1475,original,siteC,-0.0009105126610036139
methylation,CpG_R1476,original,(Intercept),0.03901709131808876
methylation,CpG_R1476,original,age,0.00024673412357087426
methylation,CpG_R1476,original,sexM,0.003381408771170792
methylation,CpG_R1476,original,siteB,-0.0067667711681414985
methylation,CpG_R1476,original,siteC,-0.011868154943296228
methylation,CpG_R1477,original,(Intercept),0.3511595475511371
methylation,CpG_R1477,original,age,0.0006456211613048901
methylation,CpG_R1477,original,sexM,-0.0012865296459734711
methylation,CpG_R1477,original,siteB,0.010873184324802197
methylation,CpG_R1477,original,siteC,0.002630718172955546
methylation,CpG_R1478,original,(Intercept),0.2699567313784899
methylation,CpG_R1478,original,age,-0.0006779715399548112
methylation,CpG_R1478,original,sexM,0.004233640228262077
methylation,CpG_R1478,original,siteB,0.013311675925319474
methylation,CpG_R1478,original,siteC,0.027619902400268903
methylation,CpG_R1479,original,(Intercept),0.13391125054394773
methylation,CpG_R1479,original,age,0.00016945516521745823
methylation,CpG_R1479,original,sexM,-0.0023831917038044065
methylation,CpG_R1479,original,siteB,-0.023392768999680114
methylation,CpG_R1479,original,siteC,-0.023558985682659482
methylation,CpG_R1480,original,(Intercept),0.05457909259952601
methylation,CpG_R1480,original,age,0.0005524637989880786
methylation,CpG_R1480,original,sexM,-0.0009277842047006961
methylation,CpG_R1480,original,siteB,0.010070731980730581
methylation,CpG_R1480,original,siteC,0.008521864997648983
methylation,CpG_R1481,original,(Intercept),0.44078934235262524
methylation,CpG_R1481,original,age,0.00036664591703291523
methylation,CpG_R1481,original,sexM,-0.013982037627554808
methylation,CpG_R1481,original,siteB,0.018660486103385023
methylation,CpG_R1481,original,siteC,0.005128892102490716
methylation,CpG_R1482,original,(Intercept),0.2797636863947592
methylation,CpG_R1482,original,age,-0.00029840806523833465
methylation,CpG_R1482,original,sexM,-0.010443946739522168
methylation,CpG_R1482,original,siteB,0.006572711330236674
methylation,CpG_R1482,original,siteC,0.0019679161128650004
methylation,CpG_R1483,original,(Intercept),0.07407841281090596
methylation,CpG_R1483,original,age,-0.00030007324454085185
methylation,CpG_R1483,original,sexM,0.009444004472902029
methylation,CpG_R1483,original,siteB,0.017012798989662205
methylation,CpG_R1483,original,siteC,0.01136852024260818
methylation,CpG_R1484,original,(Intercept),0.13962068160502084
methylation,CpG_R1484,original,age,0.00036623115692659987
methylation,CpG_R1484,original,sexM,-0.006236938681772134
methylation,CpG_R1484,original,siteB,0.009762588705431592
methylation,CpG_R1484,original,siteC,0.007037103896692528
methylation,CpG_R1485,original,(Intercept),0.022836896220454223
methylation,CpG_R1485,original,age,6.1602168851345e-05
methylation,CpG_R1485,original,sexM,-0.00550606103891509
methylation,CpG_R1485,original,siteB,0.014970779028027632
methylation,CpG_R1485,original,siteC,0.0038658086411784524
methylation,CpG_R1486,original,(Intercept),0.18028787481233408
methylation,CpG_R1486,original,age,-0.0007933321256994679
methylation,CpG_R1486,original,sexM,-4.1968461308461466e-06
methylation,CpG_R1486,original,siteB,-0.032288189501952176
methylation,CpG_R1486,original,siteC,-0.030882551538691065
methylation,CpG_R1487,original,(Intercept),0.1549120546308577
methylation,CpG_R1487,original,age,-0.0005037828003931613
methylation,CpG_R1487,original,sexM,0.01163203922942139
methylation,CpG_R1487,original,siteB,-0.01833700973038764
methylation,CpG_R1487,original,siteC,-0.017145462547691333
methylation,CpG_R1488,original,(Intercept),0.2935676224126668
methylation,CpG_R1488,original,age,0.0004457261248149916
methylation,CpG_R1488,original,sexM,-0.008364392007124351
methylation,CpG_R1488,original,siteB,-0.02062525719957129
methylation,CpG_R1488,original,siteC,-0.013250128529271333
methylation,CpG_R1489,original,(Intercept),0.08430146319873268
methylation,CpG_R1489,original,age,-0.0001068096453682494
methylation,CpG_R1489,original,sexM,0.014593783673176793
methylation,CpG_R1489,original,siteB,-0.016723528510838134
methylation,CpG_R1489,original,siteC,-0.02345428959086919
methylation,CpG_R1490,original,(Intercept),0.14845268065157227
methylation,CpG_R1490,original,age,3.447509377471297e-05
methylation,CpG_R1490,original,sexM,0.0029958766253527693
methylation,CpG_R1490,original,siteB,-0.008224831701527704
methylation,CpG_R1490,original,siteC,-0.026397266956398366
methylation,CpG_R1491,original,(Intercept),0.23411021535968438
methylation,CpG_R1491,original,age,-0.0007447674496690897
methylation,CpG_R1491,original,sexM,-0.006552765971255609
methylation,CpG_R1491,original,siteB,-0.0016266902052870236
methylation,CpG_R1491,original,siteC,-0.015172851204563891
methylation,CpG_R1492,original,(Intercept),0.058434283936450136
methylation,CpG_R1492,original,age,0.0006177050992159514
methylation,CpG_R1492,original,sexM,0.005779179895970624
methylation,CpG_R1492,original,siteB,0.00039722777390983
methylation,CpG_R1492,original,siteC,-0.0006165585111051711
methylation,CpG_R1493,original,(Intercept),0.1588334481201337
methylation,CpG_R1493,original,age,0.00025206272388082974
methylation,CpG_R1493,original,sexM,-0.006037571044713934
methylation,CpG_R1493,original,siteB,0.014640397318382105
methylation,CpG_R1493,original,siteC,0.010260952886135542
methylation,CpG_R1494,original,(Intercept),0.07217674480130438
methylation,CpG_R1494,original,age,-0.0004863371202514327
methylation,CpG_R1494,original,sexM,-0.0045047314282631685
methylation,CpG_R1494,original,siteB,-0.01673318230848506
methylation,CpG_R1494,original,siteC,-0.012570631383491767
methylation,CpG_R1495,original,(Intercept),0.09308536362962218
methylation,CpG_R1495,original,age,-0.00021409977842601154
methylation,CpG_R1495,original,sexM,-0.007574843217214665
methylation,CpG_R1495,original,siteB,-0.012942067452462057
methylation,CpG_R1495,original,siteC,-0.0208825339259675
methylation,CpG_R1496,original,(Intercept),0.09661745883235308
methylation,CpG_R1496,original,age,0.00022769444930006863
methylation,CpG_R1496,original,sexM,0.0012398962139321575
methylation,CpG_R1496,original,siteB,0.007744178751629538
methylation,CpG_R1496,original,siteC,-0.002148298828606654
methylation,CpG_R1497,original,(Intercept),0.12787796994849787
methylation,CpG_R1497,original,age,6.150537599695327e-05
methylation,CpG_R1497,original,sexM,0.0010936912284548505
methylation,CpG_R1497,original,siteB,0.003113314837827828
methylation,CpG_R1497,original,siteC,-0.006099122209993605
methylation,CpG_R1498,original,(Intercept),0.3691568528498428
methylation,CpG_R1498,original,age,-0.00045386467416400365
methylation,CpG_R1498,original,sexM,-0.009724785064537255
methylation,CpG_R1498,original,siteB,-0.0022222617475196604
methylation,CpG_R1498,original,siteC,-0.00399383877175999
methylation,CpG_R1499,original,(Intercept),0.1563843152889845
methylation,CpG_R1499,original,age,5.317168388592334e-05
methylation,CpG_R1499,original,sexM,0.0037664290349164365
methylation,CpG_R1499,original,siteB,-0.03358475074015927
methylation,CpG_R1499,original,siteC,-0.0323568164650114
methylation,CpG_R1500,original,(Intercept),0.3656019789540835
methylation,CpG_R1500,original,age,0.0002691167539097697
methylation,CpG_R1500,original,sexM,0.0013692704464570834
methylation,CpG_R1500,original,siteB,0.0065535533178821175
methylation,CpG_R1500,original,siteC,0.0048719317739174045
methylation,CpG_R1501,original,(Intercept),0.07680138971781074
methylation,CpG_R1501,original,age,1.7105549271751166e-05
methylation,CpG_R1501,original,sexM,0.0009603085772570597
methylation,CpG_R1501,original,siteB,-0.013146894710737904
methylation,CpG_R1501,original,siteC,-0.020534913714271442
methylation,CpG_R1502,original,(Intercept),0.15860347917005096
methylation,CpG_R1502,original,age,0.000126003127903121
methylation,CpG_R1502,original,sexM,-0.008991949999797437
methylation,CpG_R1502,original,siteB,-0.0017770562316918991
methylation,CpG_R1502,original,siteC,0.0036563453254178317
methylation,CpG_R1503,original,(Intercept),0.25051882329694614
methylation,CpG_R1503,original,age,-0.00035548233922930465
methylation,CpG_R1503,original,sexM,0.014315680984733192
methylation,CpG_R1503,original,siteB,-0.0116208552280297
methylation,CpG_R1503,original,siteC,-0.014730381494866728
methylation,CpG_R1504,original,(Intercept),0.12455776663917122
methylation,CpG_R1504,original,age,-0.0002159440161844913
methylation,CpG_R1504,original,sexM,0.0030632977401418146
methylation,CpG_R1504,original,siteB,0.013047777955623138
methylation,CpG_R1504,original,siteC,0.01852809092844684
methylation,CpG_R1505,original,(Intercept),0.044707292349122366
methylation,CpG_R1505,original,age,0.000351909081439288
methylation,CpG_R1505,original,sexM,-0.005268417325547745
methylation,CpG_R1505,original,siteB,-0.0026937610931342393
methylation,CpG_R1505,original,siteC,-0.0069977710255396865
methylation,CpG_R1506,original,(Intercept),0.3768611613012318
methylation,CpG_R1506,original,age,0.0003395064154137177
methylation,CpG_R1506,original,sexM,-0.001085290170776534
methylation,CpG_R1506,original,siteB,-0.012104232113308862
methylation,CpG_R1506,original,siteC,-0.022982954003013808
methylation,CpG_R1507,original,(Intercept),0.13156276526107294
methylation,CpG_R1507,original,age,-0.00048582471777581967
methylation,CpG_R1507,original,sexM,-0.005188591843165586
methylation,CpG_R1507,original,siteB,0.01526467315056795
methylation,CpG_R1507,original,siteC,0.018327565622875856
methylation,CpG_R1508,original,(Intercept),0.3133404569622716
methylation,CpG_R1508,original,age,0.00018108637949341408
methylation,CpG_R1508,original,sexM,-0.0024863795846422985
methylation,CpG_R1508,original,siteB,0.005103637688105374
methylation,CpG_R1508,original,siteC,0.003791699900468226
methylation,CpG_R1509,original,(Intercept),0.5023160569544288
methylation,CpG_R1509,original,age,-0.0003515847647093385
methylation,CpG_R1509,original,sexM,-0.008589841669895336
methylation,CpG_R1509,original,siteB,-0.018018692668573817
methylation,CpG_R1509,original,siteC,-0.006245719944445559
methylation,CpG_R1510,original,(Intercept),0.059585275367953994
methylation,CpG_R1510,original,age,-0.0001923566777099827
methylation,CpG_R1510,original,sexM,-0.00392055350586397
methylation,CpG_R1510,original,siteB,-0.012400657641608461
methylation,CpG_R1510,original,siteC,-0.01725224433402584
methylation,CpG_R1511,original,(Intercept),0.46523774693274716
methylation,CpG_R1511,original,age,8.787075078814994e-05
methylation,CpG_R1511,original,sexM,0.013226225842311172
methylation,CpG_R1511,original,siteB,-0.009158480255473743
methylation,CpG_R1511,original,siteC,0.0021022112174975596
methylation,CpG_R1512,original,(Intercept),0.04771577535406063
methylation,CpG_R1512,original,age,-0.0003526287882600462
methylation,CpG_R1512,original,sexM,-0.0016861734617674676
methylation,CpG_R1512,original,siteB,0.005538167048582531
methylation,CpG_R1512,original,siteC,0.01811839334317315
methylation,CpG_R1513,original,(Intercept),0.38293322537304797
methylation,CpG_R1513,original,age,-8.224478966747049e-05
methylation,CpG_R1513,original,sexM,0.013549010496429502
methylation,CpG_R1513,original,siteB,0.0019618521720070055
methylation,CpG_R1513,original,siteC,0.004474995907194578
methylation,CpG_R1514,original,(Intercept),0.15210627619885714
methylation,CpG_R1514,original,age,-0.00017564903750982535
methylation,CpG_R1514,original,sexM,-0.007329169481523881
methylation,CpG_R1514,original,siteB,-0.01608361889580441
methylation,CpG_R1514,original,siteC,-0.004250471200553909
methylation,CpG_R1515,original,(Intercept),0.2296743013092685
methylation,CpG_R1515,original,age,0.00034292219413405503
methylation,CpG_R1515,original,sexM,-0.0021705873600657015
methylation,CpG_R1515,original,siteB,-0.053579704709881396
methylation,CpG_R1515,original,siteC,-0.04305914969184935
methylation,CpG_R1516,original,(Intercept),-0.0023136262817553526
methylation,CpG_R1516,original,age,0.0004630251601669189
methylation,CpG_R1516,original,sexM,-0.004854830129143177
methylation,CpG_R1516,original,siteB,0.004958065220711186
methylation,CpG_R1516,original,siteC,-0.0018740996075635025
methylation,CpG_R1517,original,(Intercept),0.09463840113052102
methylation,CpG_R1517,original,age,0.0008160464883749698
methylation,CpG_R1517,original,sexM,-0.002202179387525842
methylation,CpG_R1517,original,siteB,0.007052016822557375
methylation,CpG_R1517,original,siteC,-0.0040191215922620645
methylation,CpG_R1518,original,(Intercept),0.18339472453180933
methylation,CpG_R1518,original,age,-0.00042869746002282606
methylation,CpG_R1518,original,sexM,0.0005065220557040823
methylation,CpG_R1518,original,siteB,-0.009876547159913313
methylation,CpG_R1518,original,siteC,-0.0047244165389691475
methylation,CpG_R1519,original,(Intercept),0.03680581338453038
methylation,CpG_R1519,original,age,-0.0001528718444082629
methylation,CpG_R1519,original,sexM,0.001083352350600836
methylation,CpG_R1519,original,siteB,-0.0006736801537336555
methylation,CpG_R1519,original,siteC,0.013881227735735113
methylation,CpG_R1520,original,(Intercept),0.19814169077869806
methylation,CpG_R1520,original,age,0.0005364077866369619
methylation,CpG_R1520,original,sexM,-0.005073915020060699
methylation,CpG_R1520,original,siteB,0.012754378049384436
methylation,CpG_R1520,original,siteC,0.010186079806214898
methylation,CpG_R1521,original,(Intercept),0.09636319388217623
methylation,CpG_R1521,original,age,-3.9825608958640504e-05
methylation,CpG_R1521,original,sexM,0.007647275737912812
methylation,CpG_R1521,original,siteB,0.0004147280616155023
methylation,CpG_R1521,original,siteC,0.009941844239261938
methylation,CpG_R1522,original,(Intercept),0.1867767647108383
methylation,CpG_R1522,original,age,-0.0005006616052218532
methylation,CpG_R1522,original,sexM,-0.010316712743169077
methylation,CpG_R1522,original,siteB,0.007686976999763727
methylation,CpG_R1522,original,siteC,0.010394596743830982
methylation,CpG_R1523,original,(Intercept),0.06603319255536329
methylation,CpG_R1523,original,age,0.0005963330361861557
methylation,CpG_R1523,original,sexM,-0.001870534048813201
methylation,CpG_R1523,original,siteB,-0.012833004316419842
methylation,CpG_R1523,original,siteC,-0.00899443640102632
methylation,CpG_R1524,original,(Intercept),0.10627585944371006
methylation,CpG_R1524,original,age,-0.0002348993500670836
methylation,CpG_R1524,original,sexM,-0.00038052986132742323
methylation,CpG_R1524,original,siteB,-0.017636089848641553
methylation,CpG_R1524,original,siteC,-0.0038542069654306306
methylation,CpG_R1525,original,(Intercept),0.3243871690532183
methylation,CpG_R1525,original,age,-1.2129476402842042e-05
methylation,CpG_R1525,original,sexM,-0.008408105685562587
methylation,CpG_R1525,original,siteB,-0.006087733114294835
methylation,CpG_R1525,original,siteC,-0.0026262122928823513
methylation,CpG_R1526,original,(Intercept),0.1961084371298564
methylation,CpG_R1526,original,age,0.00012634249302567215
methylation,CpG_R1526,original,sexM,-0.0024496393285889633
methylation,CpG_R1526,original,siteB,-0.03448846488282395
methylation,CpG_R1526,original,siteC,-0.03876484898290605
methylation,CpG_R1527,original,(Intercept),0.3108564471519945
methylation,CpG_R1527,original,age,-0.0002875011389855524
methylation,CpG_R1527,original,sexM,0.011014587652752537
methylation,CpG_R1527,original,siteB,0.0018427864977997696
methylation,CpG_R1527,original,siteC,0.004005042445420039
methylation,CpG_R1528,original,(Intercept),0.22246081901273468
methylation,CpG_R1528,original,age,-4.276946779815762e-05
methylation,CpG_R1528,original,sexM,0.01898547338476704
methylation,CpG_R1528,original,siteB,-0.0036532332073195093
methylation,CpG_R1528,original,siteC,0.009701886855113364
methylation,CpG_R1529,original,(Intercept),0.049016216604556635
methylation,CpG_R1529,original,age,0.0005277055400864262
methylation,CpG_R1529,original,sexM,-0.010443871783256058
methylation,CpG_R1529,original,siteB,-0.0019904031236934747
methylation,CpG_R1529,original,siteC,-0.0096537994323245
methylation,CpG_R1530,original,(Intercept),0.36591803287102076
methylation,CpG_R1530,original,age,-0.0002238404709717293
methylation,CpG_R1530,original,sexM,0.014066478386993823
methylation,CpG_R1530,original,siteB,-0.00471101173707144
methylation,CpG_R1530,original,siteC,-0.014692255958237203
methylation,CpG_R1531,original,(Intercept),0.18753142365856315
methylation,CpG_R1531,original,age,0.0002060230782517864
methylation,CpG_R1531,original,sexM,0.0017033321612425119
methylation,CpG_R1531,original,siteB,0.0032911482029299908
methylation,CpG_R1531,original,siteC,-0.004820549671811531
methylation,CpG_R1532,original,(Intercept),0.43561180564811375
methylation,CpG_R1532,original,age,-0.0007577187128640149
methylation,CpG_R1532,original,sexM,0.0030264988077196653
methylation,CpG_R1532,original,siteB,-0.010272314506505374
methylation,CpG_R1532,original,siteC,-5.360033288712794e-05
methylation,CpG_R1533,original,(Intercept),0.06351665974957872
methylation,CpG_R1533,original,age,-0.00034005398666406663
methylation,CpG_R1533,original,sexM,0.00515546844482862
methylation,CpG_R1533,original,siteB,-0.008091123064569956
methylation,CpG_R1533,original,siteC,-0.0006150508723931022
methylation,CpG_R1534,original,(Intercept),0.2190074154978432
methylation,CpG_R1534,original,age,0.0004082757049980208
methylation,CpG_R1534,original,sexM,0.003054126962752048
methylation,CpG_R1534,original,siteB,-0.003773216881166724
methylation,CpG_R1534,original,siteC,-0.005646120038333096
methylation,CpG_R1535,original,(Intercept),0.2993897066473035
methylation,CpG_R1535,original,age,-0.00021894509046312604
methylation,CpG_R1535,original,sexM,0.0017619706059459987
methylation,CpG_R1535,original,siteB,0.01235499771508875
methylation,CpG_R1535,original,siteC,0.01939779498989182
methylation,CpG_R1536,original,(Intercept),0.1695827030696646
methylation,CpG_R1536,original,age,-0.00039971718518124686
methylation,CpG_R1536,original,sexM,0.011626099938757208
methylation,CpG_R1536,original,siteB,0.008397974572522502
methylation,CpG_R1536,original,siteC,0.010860891065852004
methylation,CpG_R1537,original,(Intercept),0.3609478476024121
methylation,CpG_R1537,original,age,-0.0007751245585673052
methylation,CpG_R1537,original,sexM,-0.0009376481747715239
methylation,CpG_R1537,original,siteB,-0.011826088579291677
methylation,CpG_R1537,original,siteC,-0.008345648651626672
methylation,CpG_R1538,original,(Intercept),0.281273622725667
methylation,CpG_R1538,original,age,0.0004032989508712953
methylation,CpG_R1538,original,sexM,0.0011554952941114373
methylation,CpG_R1538,original,siteB,0.008648092268297504
methylation,CpG_R1538,original,siteC,-0.010173392516077488
methylation,CpG_R1539,original,(Intercept),0.0817475475667956
methylation,CpG_R1539,original,age,0.0003351171869991802
methylation,CpG_R1539,original,sexM,-0.006659605548324974
methylation,CpG_R1539,original,siteB,-0.02433472911425639
methylation,CpG_R1539,original,siteC,-0.018021680185852963
methylation,CpG_R1540,original,(Intercept),0.15439026879096382
methylation,CpG_R1540,original,age,-0.0005156671678473134
methylation,CpG_R1540,original,sexM,0.006517606260603701
methylation,CpG_R1540,original,siteB,-0.02391603120896269
methylation,CpG_R1540,original,siteC,-0.01870644723869812
methylation,CpG_R1541,original,(Intercept),0.10241212328625236
methylation,CpG_R1541,original,age,9.188322034478552e-05
methylation,CpG_R1541,original,sexM,-0.01053189538612396
methylation,CpG_R1541,original,siteB,0.008724562724251587
methylation,CpG_R1541,original,siteC,0.007844896393295636
methylation,CpG_R1542,original,(Intercept),0.45309187505891635
methylation,CpG_R1542,original,age,0.00025031532190866984
methylation,CpG_R1542,original,sexM,-0.0009286563018152825
methylation,CpG_R1542,original,siteB,0.020496092242352288
methylation,CpG_R1542,original,siteC,0.015342082614574941
methylation,CpG_R1543,original,(Intercept),0.23859800459781874
methylation,CpG_R1543,original,age,0.00023301076176181188
methylation,CpG_R1543,original,sexM,-0.008446374791685213
methylation,CpG_R1543,original,siteB,0.0003625878661772758
methylation,CpG_R1543,original,siteC,-0.008921107551185097
methylation,CpG_R1544,original,(Intercept),0.16620640137948248
methylation,CpG_R1544,original,age,-0.00016314301136332435
methylation,CpG_R1544,original,sexM,-0.0012273978306618662
methylation,CpG_R1544,original,siteB,0.006490132155297064
methylation,CpG_R1544,original,siteC,0.007477574284764844
methylation,CpG_R1545,original,(Intercept),0.13643518268715632
methylation,CpG_R1545,original,age,0.0009845087714821451
methylation,CpG_R1545,original,sexM,-0.011890198061228935
methylation,CpG_R1545,original,siteB,-0.0226567282979559
methylation,CpG_R1545,original,siteC,-0.014608207260081657
methylation,CpG_R1546,original,(Intercept),0.259061713895826
methylation,CpG_R1546,original,age,0.0010407851934746215
methylation,CpG_R1546,original,sexM,0.010025552602415668
methylation,CpG_R1546,original,siteB,0.016177686518062968
methylation,CpG_R1546,original,siteC,0.001954345401950299
methylation,CpG_R1547,original,(Intercept),0.22183516701384096
methylation,CpG_R1547,original,age,-0.0005424270982218414
methylation,CpG_R1547,original,sexM,0.010642633395900112
methylation,CpG_R1547,original,siteB,-0.006549061420539388
methylation,CpG_R1547,original,siteC,-0.011863219934592193
methylation,CpG_R1548,original,(Intercept),-0.012608286526115082
methylation,CpG_R1548,original,age,0.0014695026289142058
methylation,CpG_R1548,original,sexM,0.00444928948517756
methylation,CpG_R1548,original,siteB,0.008310177440641107
methylation,CpG_R1548,original,siteC,0.008183872139971123
methylation,CpG_R1549,original,(Intercept),0.10192082591560857
methylation,CpG_R1549,original,age,-0.00011973307841295488
methylation,CpG_R1549,original,sexM,0.013232724260591465
methylation,CpG_R1549,original,siteB,0.00043075779403713984
methylation,CpG_R1549,original,siteC,-0.003844328127781532
methylation,CpG_R1550,original,(Intercept),0.2103495303497875
methylation,CpG_R1550,original,age,-2.32745673962663e-05
methylation,CpG_R1550,original,sexM,-0.01927246353293673
methylation,CpG_R1550,original,siteB,-0.0005142450909808587
methylation,CpG_R1550,original,siteC,-0.00951021660820157
methylation,CpG_R1551,original,(Intercept),0.2694385385659896
methylation,CpG_R1551,original,age,-0.0005455874465882511
methylation,CpG_R1551,original,sexM,0.0065078806238365716
methylation,CpG_R1551,original,siteB,0.0026618294738637717
methylation,CpG_R1551,original,siteC,-0.004359628345213509
methylation,CpG_R1552,original,(Intercept),0.07606120148930152
methylation,CpG_R1552,original,age,0.00012025718554955551
methylation,CpG_R1552,original,sexM,-0.005060701629147231
methylation,CpG_R1552,original,siteB,-0.009663698489566134
methylation,CpG_R1552,original,siteC,0.004843026767164185
methylation,CpG_R1553,original,(Intercept),0.0836461677334999
methylation,CpG_R1553,original,age,6.184483408313432e-05
methylation,CpG_R1553,original,sexM,0.010252921094160459
methylation,CpG_R1553,original,siteB,0.006806669724936548
methylation,CpG_R1553,original,siteC,0.011124885776034217
methylation,CpG_R1554,original,(Intercept),0.19776289247567008
methylation,CpG_R1554,original,age,-0.000272359366704667
methylation,CpG_R1554,original,sexM,0.00778351850417858
methylation,CpG_R1554,original,siteB,-0.003388649061847046
methylation,CpG_R1554,original,siteC,-0.015822239609936627
methylation,CpG_R1555,original,(Intercept),0.3396007920390789
methylation,CpG_R1555,original,age,-0.00046712910895186304
methylation,CpG_R1555,original,sexM,-0.014559338851012144
methylation,CpG_R1555,original,siteB,0.011956887960823418
methylation,CpG_R1555,original,siteC,0.004889503594284206
methylation,CpG_R1556,original,(Intercept),0.22664087154795656
methylation,CpG_R1556,original,age,0.0004525269613409754
methylation,CpG_R1556,original,sexM,0.016611008533634723
methylation,CpG_R1556,original,siteB,-0.021905343486208675
methylation,CpG_R1556,original,siteC,-0.0020309971309144838
methylation,CpG_R1557,original,(Intercept),0.09768873437018107
methylation,CpG_R1557,original,age,0.0005538392587600493
methylation,CpG_R1557,original,sexM,0.0010195120679215217
methylation,CpG_R1557,original,siteB,-0.004444970968566522
methylation,CpG_R1557,original,siteC,0.0007927087879858567
methylation,CpG_R1558,original,(Intercept),0.08166384642748314
methylation,CpG_R1558,original,age,0.00010772516292969634
methylation,CpG_R1558,original,sexM,-0.005088642347650212
methylation,CpG_R1558,original,siteB,-0.021010937064960468
methylation,CpG_R1558,original,siteC,-0.012136364734871966
methylation,CpG_R1559,original,(Intercept),0.17504030313693045
methylation,CpG_R1559,original,age,5.2611275869876817e-05
methylation,CpG_R1559,original,sexM,-0.000452877611401869
methylation,CpG_R1559,original,siteB,0.016928301445130692
methylation,CpG_R1559,original,siteC,0.015120342600164798
methylation,CpG_R1560,original,(Intercept),0.3451370428891441
methylation,CpG_R1560,original,age,0.00021412007420458542
methylation,CpG_R1560,original,sexM,-0.006889023072379388
methylation,CpG_R1560,original,siteB,-0.0021800991021803766
methylation,CpG_R1560,original,siteC,-0.019627458033888562
methylation,CpG_R1561,original,(Intercept),0.22469571025157484
methylation,CpG_R1561,original,age,0.00027517649967715314
methylation,CpG_R1561,original,sexM,-0.005278352772156478
methylation,CpG_R1561,original,siteB,-0.0028373921627142256
methylation,CpG_R1561,original,siteC,0.003395778782485719
methylation,CpG_R1562,original,(Intercept),0.11653335933992201
methylation,CpG_R1562,original,age,3.6370647014742035e-05
methylation,CpG_R1562,original,sexM,0.005277735528951923
methylation,CpG_R1562,original,siteB,0.017463654665990345
methylation,CpG_R1562,original,siteC,0.01882383243571125
methylation,CpG_R1563,original,(Intercept),0.2034379307542454
methylation,CpG_R1563,original,age,-0.0005735245730054698
methylation,CpG_R1563,original,sexM,-0.019249194089082673
methylation,CpG_R1563,original,siteB,0.009670219830019965
methylation,CpG_R1563,original,siteC,0.007615950397558857
methylation,CpG_R1564,original,(Intercept),0.0819110671672041
methylation,CpG_R1564,original,age,0.00029887455697289486
methylation,CpG_R1564,original,sexM,0.0017528151883124767
methylation,CpG_R1564,original,siteB,0.016462830323256534
methylation,CpG_R1564,original,siteC,0.013365495382993057
methylation,CpG_R1565,original,(Intercept),0.40283292848312774
methylation,CpG_R1565,original,age,0.00022308174073231335
methylation,CpG_R1565,original,sexM,0.004407377694613278
methylation,CpG_R1565,original,siteB,0.0009668573632260358
methylation,CpG_R1565,original,siteC,0.014360798788640737
methylation,CpG_R1566,original,(Intercept),0.2355661896717921
methylation,CpG_R1566,original,age,0.00026828015454501776
methylation,CpG_R1566,original,sexM,0.003729222202987761
methylation,CpG_R1566,original,siteB,-0.0003201451725891088
methylation,CpG_R1566,original,siteC,-0.004378440301528127
methylation,CpG_R1567,original,(Intercept),0.17252330613269717
methylation,CpG_R1567,original,age,0.00036997977759883904
methylation,CpG_R1567,original,sexM,0.024286387741940436
methylation,CpG_R1567,original,siteB,-0.012031623447402872
methylation,CpG_R1567,original,siteC,-0.003944918124667747
methylation,CpG_R1568,original,(Intercept),0.1700702166547251
methylation,CpG_R1568,original,age,0.0005329518386160901
methylation,CpG_R1568,original,sexM,0.014278992558080381
methylation,CpG_R1568,original,siteB,0.02246228126749016
methylation,CpG_R1568,original,siteC,0.00964088130839913
methylation,CpG_R1569,original,(Intercept),0.3023372858426013
methylation,CpG_R1569,original,age,-0.00034705598497019783
methylation,CpG_R1569,original,sexM,-0.007483697896026884
methylation,CpG_R1569,original,siteB,-0.009033909948817323
methylation,CpG_R1569,original,siteC,-0.0009996631030344105
methylation,CpG_R1570,original,(Intercept),0.45444226162404
methylation,CpG_R1570,original,age,0.00042207581332381894
methylation,CpG_R1570,original,sexM,0.01131590309875104
methylation,CpG_R1570,original,siteB,0.00469116837421316
methylation,CpG_R1570,original,siteC,0.018226674457552335
methylation,CpG_R1571,original,(Intercept),0.06260309102836009
methylation,CpG_R1571,original,age,-0.0006339243811818261
methylation,CpG_R1571,original,sexM,-0.001993944833976854
methylation,CpG_R1571,original,siteB,0.004464297460641065
methylation,CpG_R1571,original,siteC,0.00539153629284721
methylation,CpG_R1572,original,(Intercept),0.07943169169060012
methylation,CpG_R1572,original,age,-0.000574187363208731
methylation,CpG_R1572,original,sexM,0.0015240465798224544
methylation,CpG_R1572,original,siteB,-0.0019646146979416176
methylation,CpG_R1572,original,siteC,-0.0022858953649467126
methylation,CpG_R1573,original,(Intercept),0.2699619828451291
methylation,CpG_R1573,original,age,-0.0004798688455723502
methylation,CpG_R1573,original,sexM,0.010949052559503507
methylation,CpG_R1573,original,siteB,-0.007921654391167621
methylation,CpG_R1573,original,siteC,-0.012604053788178375
methylation,CpG_R1574,original,(Intercept),0.05612570532702535
methylation,CpG_R1574,original,age,0.0007813422470433755
methylation,CpG_R1574,original,sexM,-0.006824245630230729
methylation,CpG_R1574,original,siteB,0.015657158373170953
methylation,CpG_R1574,original,siteC,0.0028548999810976833
methylation,CpG_R1575,original,(Intercept),0.06129589989922619
methylation,CpG_R1575,original,age,0.0006512330435203094
methylation,CpG_R1575,original,sexM,-0.0077684118723996545
methylation,CpG_R1575,original,siteB,0.01436349111101042
methylation,CpG_R1575,original,siteC,0.009446554078015658
methylation,CpG_R1576,original,(Intercept),0.05722894990317994
methylation,CpG_R1576,original,age,-0.00011387296838829429
methylation,CpG_R1576,original,sexM,-0.0026179238327800553
methylation,CpG_R1576,original,siteB,-0.003840461032871033
methylation,CpG_R1576,original,siteC,-0.013590307666580977
methylation,CpG_R1577,original,(Intercept),0.42284406307026867
methylation,CpG_R1577,original,age,-0.00023116506853187055
methylation,CpG_R1577,original,sexM,-0.01901855966183747
methylation,CpG_R1577,original,siteB,-0.03408960894063177
methylation,CpG_R1577,original,siteC,-0.03126673117048499
methylation,CpG_R1578,original,(Intercept),0.2411562813294531
methylation,CpG_R1578,original,age,6.890913963340785e-05
methylation,CpG_R1578,original,sexM,-0.006555236888380604
methylation,CpG_R1578,original,siteB,-0.015136769467776319
methylation,CpG_R1578,original,siteC,0.004606063850754814
methylation,CpG_R1579,original,(Intercept),0.09661853936127869
methylation,CpG_R1579,original,age,-4.9370196720534146e-05
methylation,CpG_R1579,original,sexM,0.008574516572179775
methylation,CpG_R1579,original,siteB,-0.0216706328377441
methylation,CpG_R1579,original,siteC,-0.023054649105405306
methylation,CpG_R1580,original,(Intercept),0.26838053852258864
methylation,CpG_R1580,original,age,0.00024713239337858514
methylation,CpG_R1580,original,sexM,-0.004269869951264194
methylation,CpG_R1580,original,siteB,-0.008032444385189555
methylation,CpG_R1580,original,siteC,-0.02578923018902566
methylation,CpG_R1581,original,(Intercept),0.2687382638862194
methylation,CpG_R1581,original,age,0.0001876910084600026
methylation,CpG_R1581,original,sexM,0.003456978281767609
methylation,CpG_R1581,original,siteB,-0.008849091535195374
methylation,CpG_R1581,original,siteC,-0.015558014798920255
methylation,CpG_R1582,original,(Intercept),0.09374544521735002
methylation,CpG_R1582,original,age,9.921552456475754e-05
methylation,CpG_R1582,original,sexM,-0.006163882953702392
methylation,CpG_R1582,original,siteB,0.0020600722267502753
methylation,CpG_R1582,original,siteC,-0.0014094876723914716
methylation,CpG_R1583,original,(Intercept),0.23692403697339934
methylation,CpG_R1583,original,age,0.00026735583967346774
methylation,CpG_R1583,original,sexM,-0.00573355201351312
methylation,CpG_R1583,original,siteB,-0.020812067931570685
methylation,CpG_R1583,original,siteC,-0.01982839674088605
methylation,CpG_R1584,original,(Intercept),0.0755538709908107
methylation,CpG_R1584,original,age,-0.00011727069631759995
methylation,CpG_R1584,original,sexM,-0.008610946112768502
methylation,CpG_R1584,original,siteB,0.0023546277632164434
methylation,CpG_R1584,original,siteC,0.003222233166744131
methylation,CpG_R1585,original,(Intercept),0.059434373308457106
methylation,CpG_R1585,original,age,-0.00022675899794981683
methylation,CpG_R1585,original,sexM,0.0045394307703813695
methylation,CpG_R1585,original,siteB,0.00034547265443126345
methylation,CpG_R1585,original,siteC,0.008583541113480987
methylation,CpG_R1586,original,(Intercept),0.25287473387043086
methylation,CpG_R1586,original,age,-0.0006521308077993215
methylation,CpG_R1586,original,sexM,-0.0015944515934574702
methylation,CpG_R1586,original,siteB,-0.01297842232056773
methylation,CpG_R1586,original,siteC,0.0018993168480374658
methylation,CpG_R1587,original,(Intercept),0.09260811931075778
methylation,CpG_R1587,original,age,0.0008293134074840983
methylation,CpG_R1587,original,sexM,-0.006063831154483532
methylation,CpG_R1587,original,siteB,-0.0008430566967512147
methylation,CpG_R1587,original,siteC,-0.009870885103690686
methylation,CpG_R1588,original,(Intercept),0.19083051350283073
methylation,CpG_R1588,original,age,0.00011711891656875659
methylation,CpG_R1588,original,sexM,0.0016383242360655294
methylation,CpG_R1588,original,siteB,0.03090922129560871
methylation,CpG_R1588,original,siteC,0.01588836870304085
methylation,CpG_R1589,original,(Intercept),0.226641664126559
methylation,CpG_R1589,original,age,0.0005356688184039602
methylation,CpG_R1589,original,sexM,-0.0034355155276225378
methylation,CpG_R1589,original,siteB,0.0007550569277340736
methylation,CpG_R1589,original,siteC,0.0020104148286797193
methylation,CpG_R1590,original,(Intercept),0.21182912634704304
methylation,CpG_R1590,original,age,-0.00028497852503993375
methylation,CpG_R1590,original,sexM,-0.0006842806356285759
methylation,CpG_R1590,original,siteB,0.0032269928282331038
methylation,CpG_R1590,original,siteC,0.011880401958159627
methylation,CpG_R1591,original,(Intercept),0.029358929571514498
methylation,CpG_R1591,original,age,0.00032025480112372407
methylation,CpG_R1591,original,sexM,0.011360422900666764
methylation,CpG_R1591,original,siteB,0.004233643745563869
methylation,CpG_R1591,original,siteC,0.009189547236561192
methylation,CpG_R1592,original,(Intercept),0.13657085620985995
methylation,CpG_R1592,original,age,-0.0001198479522682125
methylation,CpG_R1592,original,sexM,0.00193216255970282
methylation,CpG_R1592,original,siteB,-0.0226499680720568
methylation,CpG_R1592,original,siteC,-0.026787785661963392
methylation,CpG_R1593,original,(Intercept),0.10282479835531942
methylation,CpG_R1593,original,age,4.405817533041894e-05
methylation,CpG_R1593,original,sexM,-0.00221339237504079
methylation,CpG_R1593,original,siteB,0.014584056374270096
methylation,CpG_R1593,original,siteC,0.008180236526361991
methylation,CpG_R1594,original,(Intercept),0.11396683098490605
methylation,CpG_R1594,original,age,0.00038411703430897277
methylation,CpG_R1594,original,sexM,-0.0071893031677861645
methylation,CpG_R1594,original,siteB,-0.0006003798777496773
methylation,CpG_R1594,original,siteC,0.0003737566822879463
methylation,CpG_R1595,original,(Intercept),0.08134163264038637
methylation,CpG_R1595,original,age,0.0007373046586255693
methylation,CpG_R1595,original,sexM,0.0010434694571460242
methylation,CpG_R1595,original,siteB,-0.041930623567357016
methylation,CpG_R1595,original,siteC,-0.03594682768460847
methylation,CpG_R1596,original,(Intercept),0.1285707827100248
methylation,CpG_R1596,original,age,0.00023731331343933832
methylation,CpG_R1596,original,sexM,-0.0005656735172063829
methylation,CpG_R1596,original,siteB,0.0010661550636151202
methylation,CpG_R1596,original,siteC,0.008210855456887989
methylation,CpG_R1597,original,(Intercept),0.2298849402289281
methylation,CpG_R1597,original,age,-0.00023309873500658513
methylation,CpG_R1597,original,sexM,0.0002478813710207956
methylation,CpG_R1597,original,siteB,0.003956484922235924
methylation,CpG_R1597,original,siteC,0.002488254654188845
methylation,CpG_R1598,original,(Intercept),0.1713301877736357
methylation,CpG_R1598,original,age,2.5237174543131836e-05
methylation,CpG_R1598,original,sexM,0.005512472161566295
methylation,CpG_R1598,original,siteB,-0.010733715073307469
methylation,CpG_R1598,original,siteC,-0.008685235780394967
methylation,CpG_R1599,original,(Intercept),0.11253739326638455
methylation,CpG_R1599,original,age,-0.0004060795676681181
methylation,CpG_R1599,original,sexM,0.005208187115491098
methylation,CpG_R1599,original,siteB,-0.0015533029312951633
methylation,CpG_R1599,original,siteC,-0.007875801939910557
methylation,CpG_R1600,original,(Intercept),0.3079285620696079
methylation,CpG_R1600,original,age,-0.00024637508312626527
methylation,CpG_R1600,original,sexM,-0.003238800238846605
methylation,CpG_R1600,original,siteB,-0.008972458013476136
methylation,CpG_R1600,original,siteC,-0.0067084513060187674
methylation,CpG_R1601,original,(Intercept),0.32906547586777374
methylation,CpG_R1601,original,age,0.000359257278418978
methylation,CpG_R1601,original,sexM,-0.01079575308331813
methylation,CpG_R1601,original,siteB,0.00316868734876445
methylation,CpG_R1601,original,siteC,0.002262946146918386
methylation,CpG_R1602,original,(Intercept),-0.016284649302672614
methylation,CpG_R1602,original,age,0.0020205694293065437
methylation,CpG_R1602,original,sexM,0.012219052466240575
methylation,CpG_R1602,original,siteB,-0.003826566293955385
methylation,CpG_R1602,original,siteC,0.007954661361915236
methylation,CpG_R1603,original,(Intercept),0.3201849767341188
methylation,CpG_R1603,original,age,-0.0007135076278897231
methylation,CpG_R1603,original,sexM,-0.0038529960791839233
methylation,CpG_R1603,original,siteB,-0.007007573883860661
methylation,CpG_R1603,original,siteC,0.009591209785940281
methylation,CpG_R1604,original,(Intercept),0.1826853769493202
methylation,CpG_R1604,original,age,-0.0001680956019753288
methylation,CpG_R1604,original,sexM,-0.0033931823559166224
methylation,CpG_R1604,original,siteB,-0.015424589743743037
methylation,CpG_R1604,original,siteC,-0.03388620178669726
methylation,CpG_R1605,original,(Intercept),0.11874964562386602
methylation,CpG_R1605,original,age,-0.0005193233650227953
methylation,CpG_R1605,original,sexM,-0.0008119350451746752
methylation,CpG_R1605,original,siteB,-0.030458002994568984
methylation,CpG_R1605,original,siteC,-0.015080306126193911
methylation,CpG_R1606,original,(Intercept),0.08570624757176995
methylation,CpG_R1606,original,age,0.0005240400567333355
methylation,CpG_R1606,original,sexM,0.004646544403940677
methylation,CpG_R1606,original,siteB,-0.027874294289125145
methylation,CpG_R1606,original,siteC,-0.02675958492774988
methylation,CpG_R1607,original,(Intercept),0.17468317037307937
methylation,CpG_R1607,original,age,0.0005313832209123878
methylation,CpG_R1607,original,sexM,0.0020524153301129835
methylation,CpG_R1607,original,siteB,0.0028661423191661344
methylation,CpG_R1607,original,siteC,-0.0043827176327453955
methylation,CpG_R1608,original,(Intercept),0.15367711185435912
methylation,CpG_R1608,original,age,-0.00011689922484466819
methylation,CpG_R1608,original,sexM,-0.0033614253410041016
methylation,CpG_R1608,original,siteB,-0.0013092024824399003
methylation,CpG_R1608,original,siteC,0.0023667531063213537
methylation,CpG_R1609,original,(Intercept),0.44456010321137185
methylation,CpG_R1609,original,age,-0.00019730598273805879
methylation,CpG_R1609,original,sexM,-0.0053612759909054
methylation,CpG_R1609,original,siteB,-0.0027944669346800675
methylation,CpG_R1609,original,siteC,-0.009631004369459174
methylation,CpG_R1610,original,(Intercept),0.4664868495425519
methylation,CpG_R1610,original,age,-0.0009178413690587394
methylation,CpG_R1610,original,sexM,-0.0031059879668928463
methylation,CpG_R1610,original,siteB,-0.014139201704457418
methylation,CpG_R1610,original,siteC,-0.013326528787151373
methylation,CpG_R1611,original,(Intercept),0.0728207020468546
methylation,CpG_R1611,original,age,0.00023604256547849373
methylation,CpG_R1611,original,sexM,0.00763318838475341
methylation,CpG_R1611,original,siteB,-0.023932571833704123
methylation,CpG_R1611,original,siteC,-0.029434705911242545
methylation,CpG_R1612,original,(Intercept),0.34861171565212856
methylation,CpG_R1612,original,age,-0.00028943271044806296
methylation,CpG_R1612,original,sexM,0.0031976990031731393
methylation,CpG_R1612,original,siteB,-0.02720957586132104
methylation,CpG_R1612,original,siteC,-0.02284036574176067
methylation,CpG_R1613,original,(Intercept),0.13242086431858574
methylation,CpG_R1613,original,age,-0.00023991220967020777
methylation,CpG_R1613,original,sexM,-0.0025858433254761248
methylation,CpG_R1613,original,siteB,0.001820867068032734
methylation,CpG_R1613,original,siteC,0.009660812293880456
methylation,CpG_R1614,original,(Intercept),0.19335213487334568
methylation,CpG_R1614,original,age,0.00047516597370328873
methylation,CpG_R1614,original,sexM,-0.002724822712253665
methylation,CpG_R1614,original,siteB,0.002660204659865498
methylation,CpG_R1614,original,siteC,-0.00018797711405813252
methylation,CpG_R1615,original,(Intercept),0.39421657941775456
methylation,CpG_R1615,original,age,-0.00042419463149951124
methylation,CpG_R1615,original,sexM,0.006084308122635257
methylation,CpG_R1615,original,siteB,0.008861095596177582
methylation,CpG_R1615,original,siteC,0.01569447911996952
methylation,CpG_R1616,original,(Intercept),0.18588084266762014
methylation,CpG_R1616,original,age,-0.00018672885213449788
methylation,CpG_R1616,original,sexM,0.0015443438849297767
methylation,CpG_R1616,original,siteB,-0.007855228908166383
methylation,CpG_R1616,original,siteC,-0.0033692979449911915
methylation,CpG_R1617,original,(Intercept),0.29552411368194137
methylation,CpG_R1617,original,age,0.0003431117494465546
methylation,CpG_R1617,original,sexM,-0.010707525059242336
methylation,CpG_R1617,original,siteB,0.004361036739972038
methylation,CpG_R1617,original,siteC,-0.007334020377297808
methylation,CpG_R1618,original,(Intercept),0.3500615609611562
methylation,CpG_R1618,original,age,-0.0007088186533655632
methylation,CpG_R1618,original,sexM,0.002914306474418139
methylation,CpG_R1618,original,siteB,0.02551453998809583
methylation,CpG_R1618,original,siteC,0.016428857567233345
methylation,CpG_R1619,original,(Intercept),0.25888031530886907
methylation,CpG_R1619,original,age,-0.00044237379936104174
methylation,CpG_R1619,original,sexM,-0.001723815949440217
methylation,CpG_R1619,original,siteB,0.0007497933581486322
methylation,CpG_R1619,original,siteC,0.0058363875656210155
methylation,CpG_R1620,original,(Intercept),0.21050127120254788
methylation,CpG_R1620,original,age,-0.0001429724982642449
methylation,CpG_R1620,original,sexM,0.00031140541294543116
methylation,CpG_R1620,original,siteB,-0.037771857040151076
methylation,CpG_R1620,original,siteC,-0.045197779328701095
methylation,CpG_R1621,original,(Intercept),0.07139728591401107
methylation,CpG_R1621,original,age,-0.0002588293164470219
methylation,CpG_R1621,original,sexM,0.006211326589467169
methylation,CpG_R1621,original,siteB,0.004954223109538119
methylation,CpG_R1621,original,siteC,0.00835079721143162
methylation,CpG_R1622,original,(Intercept),0.11534261712774176
methylation,CpG_R1622,original,age,0.000924030113106078
methylation,CpG_R1622,original,sexM,-0.00020293984887623028
methylation,CpG_R1622,original,siteB,0.009260656063677887
methylation,CpG_R1622,original,siteC,0.014056239705854847
methylation,CpG_R1623,original,(Intercept),0.4649332736389649
methylation,CpG_R1623,original,age,0.00048432621169086567
methylation,CpG_R1623,original,sexM,-0.007082187910133125
methylation,CpG_R1623,original,siteB,0.02691285070239368
methylation,CpG_R1623,original,siteC,0.034613012870705326
methylation,CpG_R1624,original,(Intercept),-0.0766205604853631
methylation,CpG_R1624,original,age,0.0021427543362770645
methylation,CpG_R1624,original,sexM,0.0012267857362514185
methylation,CpG_R1624,original,siteB,0.014491058197367668
methylation,CpG_R1624,original,siteC,0.00497290695672034
methylation,CpG_R1625,original,(Intercept),0.42699825314784534
methylation,CpG_R1625,original,age,0.0009066048196778619
methylation,CpG_R1625,original,sexM,0.007238730727930561
methylation,CpG_R1625,original,siteB,-0.021698185807167786
methylation,CpG_R1625,original,siteC,-0.014622955166165585
methylation,CpG_R1626,original,(Intercept),0.308010133241579
methylation,CpG_R1626,original,age,0.00010238794874915821
methylation,CpG_R1626,original,sexM,-0.0037161351108635676
methylation,CpG_R1626,original,siteB,-0.004897467765142585
methylation,CpG_R1626,original,siteC,-0.009075665431542463
methylation,CpG_R1627,original,(Intercept),0.048195142648282355
methylation,CpG_R1627,original,age,0.0002644919525584468
methylation,CpG_R1627,original,sexM,0.010610632096773332
methylation,CpG_R1627,original,siteB,0.021201946610290758
methylation,CpG_R1627,original,siteC,0.023752905109286945
methylation,CpG_R1628,original,(Intercept),0.06539221951152156
methylation,CpG_R1628,original,age,0.00041286475316415494
methylation,CpG_R1628,original,sexM,-0.011904816484268119
methylation,CpG_R1628,original,siteB,-0.00677097157866945
methylation,CpG_R1628,original,siteC,0.004271207945876579
methylation,CpG_R1629,original,(Intercept),0.13992273296691446
methylation,CpG_R1629,original,age,-0.0004993758857309705
methylation,CpG_R1629,original,sexM,0.0035139688898155534
methylation,CpG_R1629,original,siteB,0.004050529200360546
methylation,CpG_R1629,original,siteC,0.012362366206577928
methylation,CpG_R1630,original,(Intercept),0.07078774926641629
methylation,CpG_R1630,original,age,0.00020605250901640476
methylation,CpG_R1630,original,sexM,0.0001727318768671309
methylation,CpG_R1630,original,siteB,0.0003036080726565044
methylation,CpG_R1630,original,siteC,0.011789563765372322
methylation,CpG_R1631,original,(Intercept),0.19837548958935874
methylation,CpG_R1631,original,age,-0.00035193877885469134
methylation,CpG_R1631,original,sexM,-0.00629079971545491
methylation,CpG_R1631,original,siteB,-0.0020849875051958708
methylation,CpG_R1631,original,siteC,0.003261925768262398
methylation,CpG_R1632,original,(Intercept),0.10452978998008393
methylation,CpG_R1632,original,age,-5.380673007258816e-05
methylation,CpG_R1632,original,sexM,0.0008934565657642648
methylation,CpG_R1632,original,siteB,0.005513280349535743
methylation,CpG_R1632,original,siteC,0.006415379879406037
methylation,CpG_R1633,original,(Intercept),0.026169118401563926
methylation,CpG_R1633,original,age,0.0006913714947538736
methylation,CpG_R1633,original,sexM,0.011624431789920012
methylation,CpG_R1633,original,siteB,-0.004052882139134967
methylation,CpG_R1633,original,siteC,-0.007168682983828171
methylation,CpG_R1634,original,(Intercept),0.2653625992705754
methylation,CpG_R1634,original,age,0.00018132744124375874
methylation,CpG_R1634,original,sexM,-0.009133299357933148
methylation,CpG_R1634,original,siteB,0.016219436248535037
methylation,CpG_R1634,original,siteC,0.012411619496492332
methylation,CpG_R1635,original,(Intercept),0.27366170136983564
methylation,CpG_R1635,original,age,0.0004242529673268477
methylation,CpG_R1635,original,sexM,0.003836522610909337
methylation,CpG_R1635,original,siteB,-0.006174826242155755
methylation,CpG_R1635,original,siteC,-0.01260110997266477
methylation,CpG_R1636,original,(Intercept),0.28550860346907303
methylation,CpG_R1636,original,age,-0.00012235767514222868
methylation,CpG_R1636,original,sexM,0.004581132529677187
methylation,CpG_R1636,original,siteB,0.00918449599461293
methylation,CpG_R1636,original,siteC,0.001369860853883667
methylation,CpG_R1637,original,(Intercept),0.030330489401416576
methylation,CpG_R1637,original,age,0.0003013135349659281
methylation,CpG_R1637,original,sexM,0.006949765201611671
methylation,CpG_R1637,original,siteB,0.0012464790685436222
methylation,CpG_R1637,original,siteC,0.0009741766623062025
methylation,CpG_R1638,original,(Intercept),0.1629565501275561
methylation,CpG_R1638,original,age,7.569892153170268e-05
methylation,CpG_R1638,original,sexM,0.0032495339165040647
methylation,CpG_R1638,original,siteB,0.017235187982420668
methylation,CpG_R1638,original,siteC,0.014335578261001654
methylation,CpG_R1639,original,(Intercept),0.07503685768486892
methylation,CpG_R1639,original,age,0.00027788407021358765
methylation,CpG_R1639,original,sexM,0.009731930800291309
methylation,CpG_R1639,original,siteB,-0.014406041158263484
methylation,CpG_R1639,original,siteC,-0.010981779782445866
methylation,CpG_R1640,original,(Intercept),0.32356603233705117
methylation,CpG_R1640,original,age,-0.00021921273219973608
methylation,CpG_R1640,original,sexM,-0.005208876079460973
methylation,CpG_R1640,original,siteB,0.011290779613423728
methylation,CpG_R1640,original,siteC,0.012744025696964091
methylation,CpG_R1641,original,(Intercept),0.06367502884270063
methylation,CpG_R1641,original,age,7.676342435078293e-05
methylation,CpG_R1641,original,sexM,-0.008384556208311349
methylation,CpG_R1641,original,siteB,0.017928901955855312
methylation,CpG_R1641,original,siteC,0.011836304122525116
methylation,CpG_R1642,original,(Intercept),0.19729022387147993
methylation,CpG_R1642,original,age,-0.00044310796870667313
methylation,CpG_R1642,original,sexM,-0.0019684872211567575
methylation,CpG_R1642,original,siteB,-0.0038779094635366875
methylation,CpG_R1642,original,siteC,0.004856537229425647
methylation,CpG_R1643,original,(Intercept),0.10668594286658592
methylation,CpG_R1643,original,age,0.00022907376170070438
methylation,CpG_R1643,original,sexM,-0.00034206370556161226
methylation,CpG_R1643,original,siteB,0.012366477793797247
methylation,CpG_R1643,original,siteC,0.019275520263237884
methylation,CpG_R1644,original,(Intercept),0.19986939487031036
methylation,CpG_R1644,original,age,0.00021206324629851903
methylation,CpG_R1644,original,sexM,-0.01284202805585543
methylation,CpG_R1644,original,siteB,0.009549684255252346
methylation,CpG_R1644,original,siteC,0.003925315813367645
methylation,CpG_R1645,original,(Intercept),-0.02076644414141661
methylation,CpG_R1645,original,age,0.002331491747462243
methylation,CpG_R1645,original,sexM,0.0011714436994426515
methylation,CpG_R1645,original,siteB,0.004075671381753939
methylation,CpG_R1645,original,siteC,0.006944365359998483
methylation,CpG_R1646,original,(Intercept),0.2317717850883083
methylation,CpG_R1646,original,age,0.0002921147345736382
methylation,CpG_R1646,original,sexM,-0.007128841081158043
methylation,CpG_R1646,original,siteB,-0.01304615857414245
methylation,CpG_R1646,original,siteC,-0.011599467251451383
methylation,CpG_R1647,original,(Intercept),0.09496985862163744
methylation,CpG_R1647,original,age,0.0004889769174150085
methylation,CpG_R1647,original,sexM,-0.013847835730262536
methylation,CpG_R1647,original,siteB,-0.022986268679678998
methylation,CpG_R1647,original,siteC,-0.01939415178893466
methylation,CpG_R1648,original,(Intercept),0.30212696891736385
methylation,CpG_R1648,original,age,-0.00026597609143522307
methylation,CpG_R1648,original,sexM,0.01148700606182267
methylation,CpG_R1648,original,siteB,0.0014103511529256559
methylation,CpG_R1648,original,siteC,-0.003157231568674182
methylation,CpG_R1649,original,(Intercept),0.1455379410226055
methylation,CpG_R1649,original,age,0.0002623711986487633
methylation,CpG_R1649,original,sexM,0.001386820830562703
methylation,CpG_R1649,original,siteB,-0.011883357277190915
methylation,CpG_R1649,original,siteC,-0.017524378301517415
methylation,CpG_R1650,original,(Intercept),0.26427263886469626
methylation,CpG_R1650,original,age,-0.0002781051363076204
methylation,CpG_R1650,original,sexM,-0.008744778555320375
methylation,CpG_R1650,original,siteB,-0.00720877832658236
methylation,CpG_R1650,original,siteC,0.0053838980538561
methylation,CpG_R1651,original,(Intercept),0.07749856091997881
methylation,CpG_R1651,original,age,-9.151219941697169e-05
methylation,CpG_R1651,original,sexM,-0.008871522494193956
methylation,CpG_R1651,original,siteB,0.0010644622860504834
methylation,CpG_R1651,original,siteC,-0.0025834257865668363
methylation,CpG_R1652,original,(Intercept),0.059769673932531825
methylation,CpG_R1652,original,age,-8.294693217782665e-06
methylation,CpG_R1652,original,sexM,0.010498784394436182
methylation,CpG_R1652,original,siteB,0.005240267997867567
methylation,CpG_R1652,original,siteC,0.002707554787302715
methylation,CpG_R1653,original,(Intercept),0.13771277495632098
methylation,CpG_R1653,original,age,-9.208422648927438e-05
methylation,CpG_R1653,original,sexM,-0.007423723120293877
methylation,CpG_R1653,original,siteB,-0.010824490710904047
methylation,CpG_R1653,original,siteC,-0.005605825999231917
methylation,CpG_R1654,original,(Intercept),0.13484146190017435
methylation,CpG_R1654,original,age,-0.0002358634380602517
methylation,CpG_R1654,original,sexM,0.005032826289727683
methylation,CpG_R1654,original,siteB,-0.013643139410940655
methylation,CpG_R1654,original,siteC,-0.018521040421598037
methylation,CpG_R1655,original,(Intercept),0.11394905487509015
methylation,CpG_R1655,original,age,0.0004002410925163085
methylation,CpG_R1655,original,sexM,0.015004284563157543
methylation,CpG_R1655,original,siteB,0.011705681960301778
methylation,CpG_R1655,original,siteC,0.021030136605426537
methylation,CpG_R1656,original,(Intercept),0.19566133919155432
methylation,CpG_R1656,original,age,-0.0002780685375958805
methylation,CpG_R1656,original,sexM,0.0005819158167517377
methylation,CpG_R1656,original,siteB,-0.005072542916252064
methylation,CpG_R1656,original,siteC,0.00937799020644701
methylation,CpG_R1657,original,(Intercept),0.0655883762967132
methylation,CpG_R1657,original,age,0.00021018887987388216
methylation,CpG_R1657,original,sexM,-0.0024724251643477163
methylation,CpG_R1657,original,siteB,-0.006521440131938236
methylation,CpG_R1657,original,siteC,0.0013440333377991245
methylation,CpG_R1658,original,(Intercept),0.1643594879910481
methylation,CpG_R1658,original,age,-0.0005760961402988493
methylation,CpG_R1658,original,sexM,-0.004267129903692639
methylation,CpG_R1658,original,siteB,-0.00048777630978620606
methylation,CpG_R1658,original,siteC,-0.006246259815121756
methylation,CpG_R1659,original,(Intercept),0.03661730063306676
methylation,CpG_R1659,original,age,0.00012966299194061093
methylation,CpG_R1659,original,sexM,0.0004369069737315698
methylation,CpG_R1659,original,siteB,-0.005276553683971809
methylation,CpG_R1659,original,siteC,-0.005534627899078869
methylation,CpG_R1660,original,(Intercept),0.24037457414944274
methylation,CpG_R1660,original,age,2.417688454399522e-05
methylation,CpG_R1660,original,sexM,0.005877647324882025
methylation,CpG_R1660,original,siteB,0.008306796430343695
methylation,CpG_R1660,original,siteC,0.009910825436575767
methylation,CpG_R1661,original,(Intercept),0.12743413827344063
methylation,CpG_R1661,original,age,-0.00039511237496818355
methylation,CpG_R1661,original,sexM,-0.004888141819812533
methylation,CpG_R1661,original,siteB,0.0015813975675631631
methylation,CpG_R1661,original,siteC,0.004784878612085611
methylation,CpG_R1662,original,(Intercept),0.31122731320375946
methylation,CpG_R1662,original,age,-1.4036396287825349e-05
methylation,CpG_R1662,original,sexM,0.006246695225295703
methylation,CpG_R1662,original,siteB,0.00501951592946985
methylation,CpG_R1662,original,siteC,0.00203215397533652
methylation,CpG_R1663,original,(Intercept),0.1417339565110844
methylation,CpG_R1663,original,age,-0.0004260250401293709
methylation,CpG_R1663,original,sexM,-0.0012701584792866563
methylation,CpG_R1663,original,siteB,-0.025437978428504933
methylation,CpG_R1663,original,siteC,-0.032698098462676614
methylation,CpG_R1664,original,(Intercept),0.16941131236604764
methylation,CpG_R1664,original,age,0.0006319245770773124
methylation,CpG_R1664,original,sexM,0.003004448825206378
methylation,CpG_R1664,original,siteB,0.01885103581164122
methylation,CpG_R1664,original,siteC,0.016466512737222275
methylation,CpG_R1665,original,(Intercept),0.23556378459684948
methylation,CpG_R1665,original,age,-0.000628255610080054
methylation,CpG_R1665,original,sexM,-0.014364113472161105
methylation,CpG_R1665,original,siteB,-0.005853402096760126
methylation,CpG_R1665,original,siteC,0.008655683814716297
methylation,CpG_R1666,original,(Intercept),0.23209920248648327
methylation,CpG_R1666,original,age,5.286822914842173e-05
methylation,CpG_R1666,original,sexM,0.0055334803311717536
methylation,CpG_R1666,original,siteB,-0.034738367487510795
methylation,CpG_R1666,original,siteC,-0.041291562823952174
methylation,CpG_R1667,original,(Intercept),0.06621547260712901
methylation,CpG_R1667,original,age,4.896934848620571e-05
methylation,CpG_R1667,original,sexM,-0.00463221508548164
methylation,CpG_R1667,original,siteB,0.012754652704373237
methylation,CpG_R1667,original,siteC,0.019923420206603478
methylation,CpG_R1668,original,(Intercept),0.6147022803350229
methylation,CpG_R1668,original,age,0.00030317168069955545
methylation,CpG_R1668,original,sexM,-0.00763410256729398
methylation,CpG_R1668,original,siteB,0.001878865225385285
methylation,CpG_R1668,original,siteC,0.004070074079916472
methylation,CpG_R1669,original,(Intercept),0.038455748113081833
methylation,CpG_R1669,original,age,-1.0701780052563963e-06
methylation,CpG_R1669,original,sexM,0.007050162403822876
methylation,CpG_R1669,original,siteB,-0.002284229165991085
methylation,CpG_R1669,original,siteC,-0.002502402885457218
methylation,CpG_R1670,original,(Intercept),-0.043841422796662165
methylation,CpG_R1670,original,age,0.0014309633579162988
methylation,CpG_R1670,original,sexM,-0.0015785609517643343
methylation,CpG_R1670,original,siteB,-0.012607595605171152
methylation,CpG_R1670,original,siteC,-0.011460096449478456
methylation,CpG_R1671,original,(Intercept),0.20911357956096352
methylation,CpG_R1671,original,age,-0.0002404552905500145
methylation,CpG_R1671,original,sexM,0.00033530608511486666
methylation,CpG_R1671,original,siteB,-0.0024064606637687327
methylation,CpG_R1671,original,siteC,-0.012123317959667618
methylation,CpG_R1672,original,(Intercept),0.3038840076482672
methylation,CpG_R1672,original,age,-0.00029008776420500767
methylation,CpG_R1672,original,sexM,-0.011086156568314433
methylation,CpG_R1672,original,siteB,-0.0062215268909596244
methylation,CpG_R1672,original,siteC,0.006253871464876883
methylation,CpG_R1673,original,(Intercept),0.2420923635008957
methylation,CpG_R1673,original,age,-5.4297984344149246e-05
methylation,CpG_R1673,original,sexM,-0.002524509971243726
methylation,CpG_R1673,original,siteB,0.017632815255247795
methylation,CpG_R1673,original,siteC,0.014707028268589824
methylation,CpG_R1674,original,(Intercept),0.40572997386058096
methylation,CpG_R1674,original,age,-0.0004111329761571105
methylation,CpG_R1674,original,sexM,-0.009966811582305144
methylation,CpG_R1674,original,siteB,-0.008467345308629788
methylation,CpG_R1674,original,siteC,-0.014524267492991329
methylation,CpG_R1675,original,(Intercept),0.24571130587078968
methylation,CpG_R1675,original,age,-3.145532236444907e-05
methylation,CpG_R1675,original,sexM,-0.0056525754307800696
methylation,CpG_R1675,original,siteB,-0.016639952018285928
methylation,CpG_R1675,original,siteC,0.00017754868280591343
methylation,CpG_R1676,original,(Intercept),0.033561239651269684
methylation,CpG_R1676,original,age,8.20739982095025e-06
methylation,CpG_R1676,original,sexM,-1.4485134438419903e-06
methylation,CpG_R1676,original,siteB,-0.0069592886345757
methylation,CpG_R1676,original,siteC,-0.001929012177940862
methylation,CpG_R1677,original,(Intercept),0.054071788372213034
methylation,CpG_R1677,original,age,0.0001295686419425343
methylation,CpG_R1677,original,sexM,-0.0050828879562796365
methylation,CpG_R1677,original,siteB,-0.01681209621813101
methylation,CpG_R1677,original,siteC,-0.008833884446193875
methylation,CpG_R1678,original,(Intercept),0.25309832547600847
methylation,CpG_R1678,original,age,-0.00031498082134680206
methylation,CpG_R1678,original,sexM,-0.003496033862333646
methylation,CpG_R1678,original,siteB,-0.016927380679584585
methylation,CpG_R1678,original,siteC,-0.009613754275735163
methylation,CpG_R1679,original,(Intercept),0.23758908887608535
methylation,CpG_R1679,original,age,-0.0010369952342024157
methylation,CpG_R1679,original,sexM,-0.0030200868203850055
methylation,CpG_R1679,original,siteB,-0.009164638238049517
methylation,CpG_R1679,original,siteC,-0.0035732742539382224
methylation,CpG_R1680,original,(Intercept),0.4811752763652163
methylation,CpG_R1680,original,age,0.00031460468007103596
methylation,CpG_R1680,original,sexM,-0.0028966058731327606
methylation,CpG_R1680,original,siteB,-0.0002628885336232506
methylation,CpG_R1680,original,siteC,-0.009374156538820778
methylation,CpG_R1681,original,(Intercept),0.2394262451395136
methylation,CpG_R1681,original,age,0.0006108490601285712
methylation,CpG_R1681,original,sexM,0.011524969386859513
methylation,CpG_R1681,original,siteB,0.0016646071869356154
methylation,CpG_R1681,original,siteC,0.009332397475486741
methylation,CpG_R1682,original,(Intercept),0.08126577601451619
methylation,CpG_R1682,original,age,0.0005140106981837893
methylation,CpG_R1682,original,sexM,0.012641857449313792
methylation,CpG_R1682,original,siteB,-0.0015167383338390089
methylation,CpG_R1682,original,siteC,-0.004536822505001109
methylation,CpG_R1683,original,(Intercept),0.047684831014696
methylation,CpG_R1683,original,age,0.0007954618258311426
methylation,CpG_R1683,original,sexM,0.01479035876835602
methylation,CpG_R1683,original,siteB,-0.00471915740399886
methylation,CpG_R1683,original,siteC,-0.018381971193330706
methylation,CpG_R1684,original,(Intercept),0.06490227914864959
methylation,CpG_R1684,original,age,-0.0004581177165433134
methylation,CpG_R1684,original,sexM,0.0023724749506509116
methylation,CpG_R1684,original,siteB,0.005730479285166418
methylation,CpG_R1684,original,siteC,0.005941918130040076
methylation,CpG_R1685,original,(Intercept),0.08967657615708387
methylation,CpG_R1685,original,age,0.0005887164236089643
methylation,CpG_R1685,original,sexM,-0.003347204050787756
methylation,CpG_R1685,original,siteB,-0.0003896437064997022
methylation,CpG_R1685,original,siteC,-0.004633919275085582
methylation,CpG_R1686,original,(Intercept),0.09601623332712925
methylation,CpG_R1686,original,age,-0.0002185611262864766
methylation,CpG_R1686,original,sexM,0.0036498733651419537
methylation,CpG_R1686,original,siteB,-0.009141429787353083
methylation,CpG_R1686,original,siteC,-0.0023953162804327055
methylation,CpG_R1687,original,(Intercept),0.3356999574599374
methylation,CpG_R1687,original,age,0.000230680578201847
methylation,CpG_R1687,original,sexM,0.011126134390043908
methylation,CpG_R1687,original,siteB,-0.008328841081644797
methylation,CpG_R1687,original,siteC,-0.009547507126586996
methylation,CpG_R1688,original,(Intercept),0.3339256357966115
methylation,CpG_R1688,original,age,0.00017636247416661998
methylation,CpG_R1688,original,sexM,0.001956647938022341
methylation,CpG_R1688,original,siteB,-0.04555726137275988
methylation,CpG_R1688,original,siteC,-0.02980126537118191
methylation,CpG_R1689,original,(Intercept),0.05063706794287151
methylation,CpG_R1689,original,age,8.990374267648374e-05
methylation,CpG_R1689,original,sexM,-0.0011451704236183548
methylation,CpG_R1689,original,siteB,-0.0008263614430725806
methylation,CpG_R1689,original,siteC,0.016491329711467342
methylation,CpG_R1690,original,(Intercept),0.18698731792148887
methylation,CpG_R1690,original,age,2.3381377012618534e-06
methylation,CpG_R1690,original,sexM,-0.0021473048851743722
methylation,CpG_R1690,original,siteB,-0.0026664513130786405
methylation,CpG_R1690,original,siteC,-0.008028079693137838
methylation,CpG_R1691,original,(Intercept),0.11138597605228695
methylation,CpG_R1691,original,age,0.00024846514128162297
methylation,CpG_R1691,original,sexM,0.007513960703637638
methylation,CpG_R1691,original,siteB,0.0154082127620003
methylation,CpG_R1691,original,siteC,0.02452480377638764
methylation,CpG_R1692,original,(Intercept),0.13874577975126898
methylation,CpG_R1692,original,age,-0.0008072984714286531
methylation,CpG_R1692,original,sexM,-0.004128882167753288
methylation,CpG_R1692,original,siteB,-0.004105444264887216
methylation,CpG_R1692,original,siteC,-0.006737947772355905
methylation,CpG_R1693,original,(Intercept),0.31006428848832845
methylation,CpG_R1693,original,age,-0.0005304039133587389
methylation,CpG_R1693,original,sexM,0.008533567877427801
methylation,CpG_R1693,original,siteB,-0.006061981257850937
methylation,CpG_R1693,original,siteC,-0.012066125867399682
methylation,CpG_R1694,original,(Intercept),0.2799015523361736
methylation,CpG_R1694,original,age,0.00019799583363273166
methylation,CpG_R1694,original,sexM,0.0010552097421258945
methylation,CpG_R1694,original,siteB,0.0028728853999799692
methylation,CpG_R1694,original,siteC,0.00043483300987601334
methylation,CpG_R1695,original,(Intercept),0.06980801802945327
methylation,CpG_R1695,original,age,0.002353368035814193
methylation,CpG_R1695,original,sexM,0.0023117545700936802
methylation,CpG_R1695,original,siteB,0.012456785536598741
methylation,CpG_R1695,original,siteC,0.022597869320916876
methylation,CpG_R1696,original,(Intercept),0.13938342932332645
methylation,CpG_R1696,original,age,0.0005328495948010197
methylation,CpG_R1696,original,sexM,0.009595501150788551
methylation,CpG_R1696,original,siteB,0.00943349885456194
methylation,CpG_R1696,original,siteC,-0.007025478013066074
methylation,CpG_R1697,original,(Intercept),0.10970071526542104
methylation,CpG_R1697,original,age,0.00026378923436960766
methylation,CpG_R1697,original,sexM,0.008730780152657507
methylation,CpG_R1697,original,siteB,0.013159170026704387
methylation,CpG_R1697,original,siteC,0.003151005889741143
methylation,CpG_R1698,original,(Intercept),0.3872068741459648
methylation,CpG_R1698,original,age,-0.00044050942736975434
methylation,CpG_R1698,original,sexM,0.00023553579721025892
methylation,CpG_R1698,original,siteB,-0.01867118387102037
methylation,CpG_R1698,original,siteC,-0.005953878933309992
methylation,CpG_R1699,original,(Intercept),0.17593744124357005
methylation,CpG_R1699,original,age,0.00023474377494982185
methylation,CpG_R1699,original,sexM,0.01957650068172937
methylation,CpG_R1699,original,siteB,-0.03358279346096264
methylation,CpG_R1699,original,siteC,-0.046089986597643934
methylation,CpG_R1700,original,(Intercept),0.17139215181618306
methylation,CpG_R1700,original,age,0.0001920728752513179
methylation,CpG_R1700,original,sexM,0.005920865529365697
methylation,CpG_R1700,original,siteB,-0.016833282790583538
methylation,CpG_R1700,original,siteC,-0.024520240874712117
methylation,CpG_R1701,original,(Intercept),0.13763501733731745
methylation,CpG_R1701,original,age,-0.000266833549889915
methylation,CpG_R1701,original,sexM,0.004644195362100018
methylation,CpG_R1701,original,siteB,-0.01177869516043718
methylation,CpG_R1701,original,siteC,-0.009935119922843447
methylation,CpG_R1702,original,(Intercept),0.12032993005685731
methylation,CpG_R1702,original,age,0.000397072300947734
methylation,CpG_R1702,original,sexM,-0.004983374194441964
methylation,CpG_R1702,original,siteB,-0.03336710637307379
methylation,CpG_R1702,original,siteC,-0.03551675206987202
methylation,CpG_R1703,original,(Intercept),0.10563475887526709
methylation,CpG_R1703,original,age,-0.00021929906336479413
methylation,CpG_R1703,original,sexM,0.0005748192944990134
methylation,CpG_R1703,original,siteB,0.0332290051392068
methylation,CpG_R1703,original,siteC,0.03518948947042195
methylation,CpG_R1704,original,(Intercept),0.19404849664778087
methylation,CpG_R1704,original,age,-0.00013360788503163947
methylation,CpG_R1704,original,sexM,-0.018604180160047706
methylation,CpG_R1704,original,siteB,-0.010092802772771909
methylation,CpG_R1704,original,siteC,-0.010138863091161838
methylation,CpG_R1705,original,(Intercept),0.16614413814395682
methylation,CpG_R1705,original,age,-0.0003258333061948817
methylation,CpG_R1705,original,sexM,-0.010898397190635437
methylation,CpG_R1705,original,siteB,-0.01604277974936322
methylation,CpG_R1705,original,siteC,-0.027530549075012477
methylation,CpG_R1706,original,(Intercept),0.11117333440856365
methylation,CpG_R1706,original,age,-0.00015648670626945636
methylation,CpG_R1706,original,sexM,0.0025672135576890495
methylation,CpG_R1706,original,siteB,0.0065319087034782465
methylation,CpG_R1706,original,siteC,0.005296768098185912
methylation,CpG_R1707,original,(Intercept),0.053564817434445376
methylation,CpG_R1707,original,age,0.0004925545283202434
methylation,CpG_R1707,original,sexM,-0.002328147936611654
methylation,CpG_R1707,original,siteB,-0.02306387768455697
methylation,CpG_R1707,original,siteC,-0.021475356936879287
methylation,CpG_R1708,original,(Intercept),0.13718579403332132
methylation,CpG_R1708,original,age,0.00048803592643496547
methylation,CpG_R1708,original,sexM,0.0014384762341925564
methylation,CpG_R1708,original,siteB,-0.011261458014498365
methylation,CpG_R1708,original,siteC,-0.018237306958077477
methylation,CpG_R1709,original,(Intercept),0.23079005400566843
methylation,CpG_R1709,original,age,-6.879723057980961e-06
methylation,CpG_R1709,original,sexM,0.00021227003178629777
methylation,CpG_R1709,original,siteB,0.013598497128682663
methylation,CpG_R1709,original,siteC,0.012762095818831498
methylation,CpG_R1710,original,(Intercept),0.36107530370691066
methylation,CpG_R1710,original,age,6.425122515010644e-05
methylation,CpG_R1710,original,sexM,0.006150173856897129
methylation,CpG_R1710,original,siteB,0.0034250662049468907
methylation,CpG_R1710,original,siteC,0.0024432300376144916
methylation,CpG_R1711,original,(Intercept),0.402706630865859
methylation,CpG_R1711,original,age,-0.00030918591839604006
methylation,CpG_R1711,original,sexM,-0.00024353063229177408
methylation,CpG_R1711,original,siteB,0.003453948745626918
methylation,CpG_R1711,original,siteC,0.01811285187439195
methylation,CpG_R1712,original,(Intercept),0.29162578000180567
methylation,CpG_R1712,original,age,0.0004596636101739474
methylation,CpG_R1712,original,sexM,-0.01047908793320127
methylation,CpG_R1712,original,siteB,0.0021213164683000006
methylation,CpG_R1712,original,siteC,-0.015136416664156264
methylation,CpG_R1713,original,(Intercept),0.0910838319980094
methylation,CpG_R1713,original,age,0.000375766561254313
methylation,CpG_R1713,original,sexM,0.0014108627337397971
methylation,CpG_R1713,original,siteB,0.0003397166889196093
methylation,CpG_R1713,original,siteC,0.005213278345865443
methylation,CpG_R1714,original,(Intercept),0.1885237348905706
methylation,CpG_R1714,original,age,-0.00017591873911865227
methylation,CpG_R1714,original,sexM,-0.01439459876238533
methylation,CpG_R1714,original,siteB,0.01583105247676767
methylation,CpG_R1714,original,siteC,-0.0033191148981750454
methylation,CpG_R1715,original,(Intercept),0.07822557919533192
methylation,CpG_R1715,original,age,-0.00017452355146514405
methylation,CpG_R1715,original,sexM,0.0002496096053054282
methylation,CpG_R1715,original,siteB,-0.007822761221244267
methylation,CpG_R1715,original,siteC,0.008691296389012615
methylation,CpG_R1716,original,(Intercept),0.28527750100250737
methylation,CpG_R1716,original,age,0.00022031980866782358
methylation,CpG_R1716,original,sexM,-0.007408033454392367
methylation,CpG_R1716,original,siteB,0.010623486126279096
methylation,CpG_R1716,original,siteC,0.008156082739224548
methylation,CpG_R1717,original,(Intercept),0.1886795860662146
methylation,CpG_R1717,original,age,0.00031223098680676535
methylation,CpG_R1717,original,sexM,0.002003306779065953
methylation,CpG_R1717,original,siteB,0.022158844887850176
methylation,CpG_R1717,original,siteC,0.005363410228654874
methylation,CpG_R1718,original,(Intercept),0.10544718875327182
methylation,CpG_R1718,original,age,-0.00025817161292764843
methylation,CpG_R1718,original,sexM,0.005646423475764038
methylation,CpG_R1718,original,siteB,-0.04116348037879582
methylation,CpG_R1718,original,siteC,-0.03188496498435408
methylation,CpG_R1719,original,(Intercept),0.015153431827312781
methylation,CpG_R1719,original,age,0.0003627406363855994
methylation,CpG_R1719,original,sexM,-0.0008455142135534161
methylation,CpG_R1719,original,siteB,-0.006031067381184142
methylation,CpG_R1719,original,siteC,-0.002662081714338874
methylation,CpG_R1720,original,(Intercept),0.40276121469785114
methylation,CpG_R1720,original,age,-8.715250906160553e-07
methylation,CpG_R1720,original,sexM,0.014264292117727447
methylation,CpG_R1720,original,siteB,0.01743724141478328
methylation,CpG_R1720,original,siteC,0.00547962257800392
methylation,CpG_R1721,original,(Intercept),0.2978990004194364
methylation,CpG_R1721,original,age,-0.0008547132000248404
methylation,CpG_R1721,original,sexM,0.007789390726238672
methylation,CpG_R1721,original,siteB,-0.03724337072688947
methylation,CpG_R1721,original,siteC,-0.030418369941267686
methylation,CpG_R1722,original,(Intercept),0.5064547003627301
methylation,CpG_R1722,original,age,4.3623465989568776e-05
methylation,CpG_R1722,original,sexM,0.0035859395589052353
methylation,CpG_R1722,original,siteB,-0.013228376944115692
methylation,CpG_R1722,original,siteC,-0.009288664425281309
methylation,CpG_R1723,original,(Intercept),0.190353985944088
methylation,CpG_R1723,original,age,-0.00031662207104277417
methylation,CpG_R1723,original,sexM,-0.007020660418813176
methylation,CpG_R1723,original,siteB,0.008863268671592824
methylation,CpG_R1723,original,siteC,0.026470837334566955
methylation,CpG_R1724,original,(Intercept),0.566581242026103
methylation,CpG_R1724,original,age,-0.0004406049046873907
methylation,CpG_R1724,original,sexM,-0.004759668097957486
methylation,CpG_R1724,original,siteB,-0.0222978822009712
methylation,CpG_R1724,original,siteC,-0.025759187780346793
methylation,CpG_R1725,original,(Intercept),0.5126977128733111
methylation,CpG_R1725,original,age,-0.0008424714806364133
methylation,CpG_R1725,original,sexM,0.004041012171115032
methylation,CpG_R1725,original,siteB,-0.0031024989015954675
methylation,CpG_R1725,original,siteC,0.015191168018444709
methylation,CpG_R1726,original,(Intercept),0.37204247600382545
methylation,CpG_R1726,original,age,-0.00037548560778328166
methylation,CpG_R1726,original,sexM,-0.002909556345459095
methylation,CpG_R1726,original,siteB,-0.0009697423230040195
methylation,CpG_R1726,original,siteC,0.0019957692426587157
methylation,CpG_R1727,original,(Intercept),0.13362103973748002
methylation,CpG_R1727,original,age,0.0003015568913200023
methylation,CpG_R1727,original,sexM,0.013293254622221144
methylation,CpG_R1727,original,siteB,0.004761254269364444
methylation,CpG_R1727,original,siteC,0.00010037399363185718
methylation,CpG_R1728,original,(Intercept),0.2660192636125049
methylation,CpG_R1728,original,age,0.000610125205259404
methylation,CpG_R1728,original,sexM,-0.012252858279109699
methylation,CpG_R1728,original,siteB,0.013016804417515222
methylation,CpG_R1728,original,siteC,0.00016592803199139505
methylation,CpG_R1729,original,(Intercept),0.30837022436802847
methylation,CpG_R1729,original,age,-0.0004248206296347167
methylation,CpG_R1729,original,sexM,0.012448683912255282
methylation,CpG_R1729,original,siteB,-0.017673388524184822
methylation,CpG_R1729,original,siteC,-0.01254244363614766
methylation,CpG_R1730,original,(Intercept),0.12251031483109397
methylation,CpG_R1730,original,age,9.071413616769339e-05
methylation,CpG_R1730,original,sexM,-0.0050926536161959605
methylation,CpG_R1730,original,siteB,-0.009021273583474449
methylation,CpG_R1730,original,siteC,-0.0045465270132053525
methylation,CpG_R1731,original,(Intercept),0.4108694220359823
methylation,CpG_R1731,original,age,-0.0005469418703804239
methylation,CpG_R1731,original,sexM,0.008894214087918701
methylation,CpG_R1731,original,siteB,-0.008292055318055944
methylation,CpG_R1731,original,siteC,-0.006851777598748256
methylation,CpG_R1732,original,(Intercept),0.16989243894484649
methylation,CpG_R1732,original,age,-0.0001023852146019619
methylation,CpG_R1732,original,sexM,-0.0075519065565075975
methylation,CpG_R1732,original,siteB,-0.013408194657830412
methylation,CpG_R1732,original,siteC,-0.012032088137198457
methylation,CpG_R1733,original,(Intercept),0.16737473321719365
methylation,CpG_R1733,original,age,0.0007276950419064553
methylation,CpG_R1733,original,sexM,-0.007205916797126901
methylation,CpG_R1733,original,siteB,-0.010566272014400248
methylation,CpG_R1733,original,siteC,-0.009220615034279503
methylation,CpG_R1734,original,(Intercept),0.05190247519066312
methylation,CpG_R1734,original,age,-0.00013007679418255413
methylation,CpG_R1734,original,sexM,0.00841196357297063
methylation,CpG_R1734,original,siteB,0.00795869126553456
methylation,CpG_R1734,original,siteC,-0.005369027031159866
methylation,CpG_R1735,original,(Intercept),0.2058379544317719
methylation,CpG_R1735,original,age,0.00010964172997894451
methylation,CpG_R1735,original,sexM,0.005442729445664933
methylation,CpG_R1735,original,siteB,-0.01064022803429859
methylation,CpG_R1735,original,siteC,-0.006023390350199762
methylation,CpG_R1736,original,(Intercept),0.37439125291172576
methylation,CpG_R1736,original,age,-0.00023698315149449866
methylation,CpG_R1736,original,sexM,-0.00318841869905253
methylation,CpG_R1736,original,siteB,0.004330710642034557
methylation,CpG_R1736,original,siteC,-0.025295993606446396
methylation,CpG_R1737,original,(Intercept),0.11546010644062384
methylation,CpG_R1737,original,age,2.7643767553928456e-05
methylation,CpG_R1737,original,sexM,-0.004687184557814664
methylation,CpG_R1737,original,siteB,-3.386128546918047e-05
methylation,CpG_R1737,original,siteC,0.012184274454009651
methylation,CpG_R1738,original,(Intercept),0.15708113577643526
methylation,CpG_R1738,original,age,-0.00060402216650742
methylation,CpG_R1738,original,sexM,-0.005380635578150985
methylation,CpG_R1738,original,siteB,-0.0030410171131607907
methylation,CpG_R1738,original,siteC,-0.0024838577644010385
methylation,CpG_R1739,original,(Intercept),0.2320511795987105
methylation,CpG_R1739,original,age,-0.0006897355325859555
methylation,CpG_R1739,original,sexM,0.0159358722901436
methylation,CpG_R1739,original,siteB,-0.008585849303361008
methylation,CpG_R1739,original,siteC,-0.018242338446814086
methylation,CpG_R1740,original,(Intercept),0.20613765105600004
methylation,CpG_R1740,original,age,0.0006656796235404448
methylation,CpG_R1740,original,sexM,0.0018295191580119687
methylation,CpG_R1740,original,siteB,0.007904165406315307
methylation,CpG_R1740,original,siteC,0.006104443757800706
methylation,CpG_R1741,original,(Intercept),0.08829554403491932
methylation,CpG_R1741,original,age,3.434122805693564e-05
methylation,CpG_R1741,original,sexM,-0.007707646367579662
methylation,CpG_R1741,original,siteB,-0.011040168538091482
methylation,CpG_R1741,original,siteC,-0.006145450512380314
methylation,CpG_R1742,original,(Intercept),0.23902432411285332
methylation,CpG_R1742,original,age,0.00040632588716771876
methylation,CpG_R1742,original,sexM,-0.00499758701939517
methylation,CpG_R1742,original,siteB,0.010005657709351055
methylation,CpG_R1742,original,siteC,0.00831597349303821
methylation,CpG_R1743,original,(Intercept),0.23622847889701107
methylation,CpG_R1743,original,age,-0.00032345962392533783
methylation,CpG_R1743,original,sexM,0.0019042462573592982
methylation,CpG_R1743,original,siteB,-0.012078140220860243
methylation,CpG_R1743,original,siteC,-0.010592791729407983
methylation,CpG_R1744,original,(Intercept),0.04449020787522248
methylation,CpG_R1744,original,age,-5.508627281962002e-05
methylation,CpG_R1744,original,sexM,-0.0009930663682943266
methylation,CpG_R1744,original,siteB,-0.0011584435217804822
methylation,CpG_R1744,original,siteC,-0.00019401032779354282
methylation,CpG_R1745,original,(Intercept),0.3735938192816404
methylation,CpG_R1745,original,age,-0.0007933049773245616
methylation,CpG_R1745,original,sexM,0.013086803648338701
methylation,CpG_R1745,original,siteB,-0.009713153476482552
methylation,CpG_R1745,original,siteC,0.0009513475276778893
methylation,CpG_R1746,original,(Intercept),0.6800852737861963
methylation,CpG_R1746,original,age,0.0010411492279179316
methylation,CpG_R1746,original,sexM,-0.0026539034174423767
methylation,CpG_R1746,original,siteB,0.012114171366442094
methylation,CpG_R1746,original,siteC,0.011124349718836093
methylation,CpG_R1747,original,(Intercept),0.5092633370741549
methylation,CpG_R1747,original,age,-0.00012887365495958944
methylation,CpG_R1747,original,sexM,0.0011207389682158068
methylation,CpG_R1747,original,siteB,0.004410734081329573
methylation,CpG_R1747,original,siteC,0.0016155400727095668
methylation,CpG_R1748,original,(Intercept),0.0839972716293711
methylation,CpG_R1748,original,age,-0.00013862563108480268
methylation,CpG_R1748,original,sexM,-0.018219245130346385
methylation,CpG_R1748,original,siteB,-0.013411980584841745
methylation,CpG_R1748,original,siteC,-0.0003460587593833169
methylation,CpG_R1749,original,(Intercept),0.04684780597963235
methylation,CpG_R1749,original,age,0.0004268785572467119
methylation,CpG_R1749,original,sexM,3.787611914762081e-05
methylation,CpG_R1749,original,siteB,-0.004235347790285737
methylation,CpG_R1749,original,siteC,-0.024153851910490885
methylation,CpG_R1750,original,(Intercept),0.1907797508061324
methylation,CpG_R1750,original,age,0.00019480654687379178
methylation,CpG_R1750,original,sexM,0.004665586319433472
methylation,CpG_R1750,original,siteB,0.0006979490543904769
methylation,CpG_R1750,original,siteC,0.011771908297869017
methylation,CpG_R1751,original,(Intercept),0.1257618344729297
methylation,CpG_R1751,original,age,0.00015576993292348414
methylation,CpG_R1751,original,sexM,0.002330412245585847
methylation,CpG_R1751,original,siteB,-0.016375182665658076
methylation,CpG_R1751,original,siteC,-0.024170936464068614
methylation,CpG_R1752,original,(Intercept),0.1508131287588089
methylation,CpG_R1752,original,age,0.00046794445260049097
methylation,CpG_R1752,original,sexM,-0.002975405030469101
methylation,CpG_R1752,original,siteB,-0.001189175286679104
methylation,CpG_R1752,original,siteC,-0.006786778277468634
methylation,CpG_R1753,original,(Intercept),0.1257699835772119
methylation,CpG_R1753,original,age,0.00011562411792304247
methylation,CpG_R1753,original,sexM,-0.009540082006488714
methylation,CpG_R1753,original,siteB,-0.04498000329679417
methylation,CpG_R1753,original,siteC,-0.04977780439349797
methylation,CpG_R1754,original,(Intercept),0.16850348639807627
methylation,CpG_R1754,original,age,-0.0003928404129605481
methylation,CpG_R1754,original,sexM,-0.0017298055975910312
methylation,CpG_R1754,original,siteB,-0.0021974476877712474
methylation,CpG_R1754,original,siteC,-0.008232610301251855
methylation,CpG_R1755,original,(Intercept),0.04589635119331529
methylation,CpG_R1755,original,age,8.669380422446188e-05
methylation,CpG_R1755,original,sexM,0.008207084537295952
methylation,CpG_R1755,original,siteB,0.006880440571204704
methylation,CpG_R1755,original,siteC,0.0163449105654326
methylation,CpG_R1756,original,(Intercept),0.16788125150301011
methylation,CpG_R1756,original,age,0.00017783708727897826
methylation,CpG_R1756,original,sexM,-0.0031137353032674835
methylation,CpG_R1756,original,siteB,-0.00966441710364394
methylation,CpG_R1756,original,siteC,-0.012742509576899331
methylation,CpG_R1757,original,(Intercept),0.2614823698470864
methylation,CpG_R1757,original,age,-0.00039307149041844386
methylation,CpG_R1757,original,sexM,0.01446716487734803
methylation,CpG_R1757,original,siteB,0.008437752208997977
methylation,CpG_R1757,original,siteC,0.013134034543866685
methylation,CpG_R1758,original,(Intercept),0.35433958544771754
methylation,CpG_R1758,original,age,-7.669879014215024e-05
methylation,CpG_R1758,original,sexM,-0.006225211326501775
methylation,CpG_R1758,original,siteB,-0.012604649879521717
methylation,CpG_R1758,original,siteC,-0.011395851202811664
methylation,CpG_R1759,original,(Intercept),0.44585975423665625
methylation,CpG_R1759,original,age,-0.0008612374815706648
methylation,CpG_R1759,original,sexM,-0.0008890866320538137
methylation,CpG_R1759,original,siteB,0.0034602140048988197
methylation,CpG_R1759,original,siteC,-0.0021227508529756424
methylation,CpG_R1760,original,(Intercept),0.07220672296462405
methylation,CpG_R1760,original,age,0.00028622914275873424
methylation,CpG_R1760,original,sexM,-0.013647155056187759
methylation,CpG_R1760,original,siteB,-0.0003279159733340412
methylation,CpG_R1760,original,siteC,0.006402157432382196
methylation,CpG_R1761,original,(Intercept),0.2304959006686251
methylation,CpG_R1761,original,age,-1.1147438481697232e-05
methylation,CpG_R1761,original,sexM,-0.009233680694206702
methylation,CpG_R1761,original,siteB,-0.032007522945165304
methylation,CpG_R1761,original,siteC,-0.030722273213025078
methylation,CpG_R1762,original,(Intercept),0.21682627705241253
methylation,CpG_R1762,original,age,-4.024061980063054e-05
methylation,CpG_R1762,original,sexM,-0.011503093876192862
methylation,CpG_R1762,original,siteB,-0.0029752276333357254
methylation,CpG_R1762,original,siteC,0.0026626665597233824
methylation,CpG_R1763,original,(Intercept),0.07858419282082586
methylation,CpG_R1763,original,age,-5.4863385807409715e-05
methylation,CpG_R1763,original,sexM,0.0015775906037875165
methylation,CpG_R1763,original,siteB,-0.011425374683674619
methylation,CpG_R1763,original,siteC,-0.010532822619111338
methylation,CpG_R1764,original,(Intercept),-0.022016337046004524
methylation,CpG_R1764,original,age,0.0037428059203690254
methylation,CpG_R1764,original,sexM,-0.0065156579740179455
methylation,CpG_R1764,original,siteB,0.0036983402371876324
methylation,CpG_R1764,original,siteC,0.0169749410225497
methylation,CpG_R1765,original,(Intercept),0.10286989136761096
methylation,CpG_R1765,original,age,-0.000564934352219416
methylation,CpG_R1765,original,sexM,-0.006596745059808994
methylation,CpG_R1765,original,siteB,-0.00396218765051338
methylation,CpG_R1765,original,siteC,0.005242121201104079
methylation,CpG_R1766,original,(Intercept),0.31874792659818824
methylation,CpG_R1766,original,age,-0.0004547366639792739
methylation,CpG_R1766,original,sexM,-0.02268317404410407
methylation,CpG_R1766,original,siteB,0.0008832235987681204
methylation,CpG_R1766,original,siteC,0.0024074559149422697
methylation,CpG_R1767,original,(Intercept),0.12229969306190044
methylation,CpG_R1767,original,age,-6.706745508764639e-05
methylation,CpG_R1767,original,sexM,0.008299976099486737
methylation,CpG_R1767,original,siteB,0.003663704785908285
methylation,CpG_R1767,original,siteC,-0.010536503025109755
methylation,CpG_R1768,original,(Intercept),0.09979048865283972
methylation,CpG_R1768,original,age,0.00044993311867298503
methylation,CpG_R1768,original,sexM,-0.021424050221580334
methylation,CpG_R1768,original,siteB,0.026480430733508073
methylation,CpG_R1768,original,siteC,0.01796134262470966
methylation,CpG_R1769,original,(Intercept),0.3562307826752156
methylation,CpG_R1769,original,age,-0.00022904393968962804
methylation,CpG_R1769,original,sexM,-0.0018249277613094543
methylation,CpG_R1769,original,siteB,-0.003782480175305849
methylation,CpG_R1769,original,siteC,-0.006225991957696018
methylation,CpG_R1770,original,(Intercept),0.2784467026368509
methylation,CpG_R1770,original,age,-0.00016185569868299856
methylation,CpG_R1770,original,sexM,-0.010074409165873604
methylation,CpG_R1770,original,siteB,-0.015097431819202456
methylation,CpG_R1770,original,siteC,-0.013319287363543448
methylation,CpG_R1771,original,(Intercept),0.10110178422899431
methylation,CpG_R1771,original,age,0.00044670995208526875
methylation,CpG_R1771,original,sexM,0.010844254083642804
methylation,CpG_R1771,original,siteB,0.0015680594263215667
methylation,CpG_R1771,original,siteC,0.006714218054267928
methylation,CpG_R1772,original,(Intercept),0.07133893764435077
methylation,CpG_R1772,original,age,0.0007090902611177866
methylation,CpG_R1772,original,sexM,0.018733212947738803
methylation,CpG_R1772,original,siteB,0.0017028951728377008
methylation,CpG_R1772,original,siteC,0.012107845625577734
methylation,CpG_R1773,original,(Intercept),0.2511684092443246
methylation,CpG_R1773,original,age,0.00036717059982668956
methylation,CpG_R1773,original,sexM,-0.00138764849765869
methylation,CpG_R1773,original,siteB,-0.013384093324849564
methylation,CpG_R1773,original,siteC,-0.011347069924599405
methylation,CpG_R1774,original,(Intercept),0.3757182987740438
methylation,CpG_R1774,original,age,-0.0007295194853054413
methylation,CpG_R1774,original,sexM,-0.0021381044374909615
methylation,CpG_R1774,original,siteB,0.01442377576586053
methylation,CpG_R1774,original,siteC,-0.0021467163245680156
methylation,CpG_R1775,original,(Intercept),0.17321059849069645
methylation,CpG_R1775,original,age,-0.0004378648148746144
methylation,CpG_R1775,original,sexM,-0.00824192340631312
methylation,CpG_R1775,original,siteB,0.007981186213788266
methylation,CpG_R1775,original,siteC,0.015648429274436753
methylation,CpG_R1776,original,(Intercept),0.03717566753091499
methylation,CpG_R1776,original,age,0.0002495049639721645
methylation,CpG_R1776,original,sexM,0.0011441603725032465
methylation,CpG_R1776,original,siteB,-0.012045942203621362
methylation,CpG_R1776,original,siteC,-0.008403311648434596
methylation,CpG_R1777,original,(Intercept),0.1796414457053687
methylation,CpG_R1777,original,age,2.1063975991740346e-05
methylation,CpG_R1777,original,sexM,-0.010599555591070979
methylation,CpG_R1777,original,siteB,-0.009453854192498449
methylation,CpG_R1777,original,siteC,-0.023891098213494777
methylation,CpG_R1778,original,(Intercept),0.506532728755002
methylation,CpG_R1778,original,age,-0.0005586266681736274
methylation,CpG_R1778,original,sexM,0.0048164338802804685
methylation,CpG_R1778,original,siteB,0.00575345478584848
methylation,CpG_R1778,original,siteC,0.005620175583319735
methylation,CpG_R1779,original,(Intercept),0.05661078979642683
methylation,CpG_R1779,original,age,0.0008416957888838834
methylation,CpG_R1779,original,sexM,-6.107575063201364e-05
methylation,CpG_R1779,original,siteB,0.002520267500038492
methylation,CpG_R1779,original,siteC,0.007967264035323305
methylation,CpG_R1780,original,(Intercept),0.21249540625304403
methylation,CpG_R1780,original,age,-0.000119074034160444
methylation,CpG_R1780,original,sexM,-0.0004994626350874991
methylation,CpG_R1780,original,siteB,0.0056082745742861645
methylation,CpG_R1780,original,siteC,0.015442771614140448
methylation,CpG_R1781,original,(Intercept),0.43357913560480305
methylation,CpG_R1781,original,age,-0.0004827022954191385
methylation,CpG_R1781,original,sexM,0.0035642460396337877
methylation,CpG_R1781,original,siteB,0.005877527186968752
methylation,CpG_R1781,original,siteC,0.003296684963924622
methylation,CpG_R1782,original,(Intercept),0.11919650058738784
methylation,CpG_R1782,original,age,0.00015562635678856128
methylation,CpG_R1782,original,sexM,0.001636382531805584
methylation,CpG_R1782,original,siteB,0.011645166871872392
methylation,CpG_R1782,original,siteC,0.009058882509261434
methylation,CpG_R1783,original,(Intercept),0.40536892223475174
methylation,CpG_R1783,original,age,-1.3770544236960579e-06
methylation,CpG_R1783,original,sexM,-0.013737960262633691
methylation,CpG_R1783,original,siteB,-0.007114541800343416
methylation,CpG_R1783,original,siteC,-0.007780783215589152
methylation,CpG_R1784,original,(Intercept),0.11907655770834057
methylation,CpG_R1784,original,age,-0.0004447996861501426
methylation,CpG_R1784,original,sexM,0.008233827662095175
methylation,CpG_R1784,original,siteB,-0.00952059148424713
methylation,CpG_R1784,original,siteC,-0.014390553811233418
methylation,CpG_R1785,original,(Intercept),0.5040644759023502
methylation,CpG_R1785,original,age,-0.0003203238659055734
methylation,CpG_R1785,original,sexM,-0.00016844004436781688
methylation,CpG_R1785,original,siteB,-0.0063501631898384096
methylation,CpG_R1785,original,siteC,-0.0039055746408818474
methylation,CpG_R1786,original,(Intercept),0.3125062122294627
methylation,CpG_R1786,original,age,-0.0009815318209144826
methylation,CpG_R1786,original,sexM,-0.0006200502446344344
methylation,CpG_R1786,original,siteB,-0.025952045124647025
methylation,CpG_R1786,original,siteC,-0.026527138800378932
methylation,CpG_R1787,original,(Intercept),0.06179458050144424
methylation,CpG_R1787,original,age,0.0001395101290358896
methylation,CpG_R1787,original,sexM,0.0005103750557458293
methylation,CpG_R1787,original,siteB,0.007645313250946308
methylation,CpG_R1787,original,siteC,0.009613712546470702
methylation,CpG_R1788,original,(Intercept),0.10262851675814497
methylation,CpG_R1788,original,age,0.00041005967363303515
methylation,CpG_R1788,original,sexM,-0.00030452815967200385
methylation,CpG_R1788,original,siteB,0.007979330226351118
methylation,CpG_R1788,original,siteC,0.007859045574980109
methylation,CpG_R1789,original,(Intercept),0.2271414111116538
methylation,CpG_R1789,original,age,-0.00035520592094840135
methylation,CpG_R1789,original,sexM,0.009556745145870562
methylation,CpG_R1789,original,siteB,0.004157345083809117
methylation,CpG_R1789,original,siteC,0.005436226842674015
methylation,CpG_R1790,original,(Intercept),0.15977750834251658
methylation,CpG_R1790,original,age,0.00027430778533923624
methylation,CpG_R1790,original,sexM,-0.008143195189158094
methylation,CpG_R1790,original,siteB,-0.02946935055880712
methylation,CpG_R1790,original,siteC,-0.021031899945545753
methylation,CpG_R1791,original,(Intercept),0.14946077819204884
methylation,CpG_R1791,original,age,0.0003055359676352965
methylation,CpG_R1791,original,sexM,0.008516989918067807
methylation,CpG_R1791,original,siteB,-0.01668918112419026
methylation,CpG_R1791,original,siteC,-0.00858741875100816
methylation,CpG_R1792,original,(Intercept),0.36480924018023525
methylation,CpG_R1792,original,age,0.0002208674572308457
methylation,CpG_R1792,original,sexM,-0.012580812918606467
methylation,CpG_R1792,original,siteB,-0.04785663814851542
methylation,CpG_R1792,original,siteC,-0.043256945186302215
methylation,CpG_R1793,original,(Intercept),0.18963447570198494
methylation,CpG_R1793,original,age,-0.00017443740889306312
methylation,CpG_R1793,original,sexM,-0.009421709179724746
methylation,CpG_R1793,original,siteB,-0.005398593256454373
methylation,CpG_R1793,original,siteC,-0.00519294245101749
methylation,CpG_R1794,original,(Intercept),0.2888290784311094
methylation,CpG_R1794,original,age,0.000375333649309953
methylation,CpG_R1794,original,sexM,9.518052292423315e-05
methylation,CpG_R1794,original,siteB,0.0025387468072129438
methylation,CpG_R1794,original,siteC,-0.013063717437109882
methylation,CpG_R1795,original,(Intercept),0.08132006371565319
methylation,CpG_R1795,original,age,0.00013592404876974418
methylation,CpG_R1795,original,sexM,0.009686165795157648
methylation,CpG_R1795,original,siteB,0.008139947085187034
methylation,CpG_R1795,original,siteC,0.009058890856289852
methylation,CpG_R1796,original,(Intercept),0.595155526275548
methylation,CpG_R1796,original,age,-0.00031986048394420246
methylation,CpG_R1796,original,sexM,0.0038046598591870056
methylation,CpG_R1796,original,siteB,-0.03144078781275873
methylation,CpG_R1796,original,siteC,-0.030244676716342556
methylation,CpG_R1797,original,(Intercept),0.13190097093139455
methylation,CpG_R1797,original,age,0.000489901363331431
methylation,CpG_R1797,original,sexM,0.0034856312118032038
methylation,CpG_R1797,original,siteB,0.002394001090241965
methylation,CpG_R1797,original,siteC,0.010427258995492114
methylation,CpG_R1798,original,(Intercept),0.26738220641409727
methylation,CpG_R1798,original,age,0.00017673470619693237
methylation,CpG_R1798,original,sexM,-0.009560755883939728
methylation,CpG_R1798,original,siteB,-0.03304008067567284
methylation,CpG_R1798,original,siteC,-0.0338367969039768
methylation,CpG_R1799,original,(Intercept),0.3249645809281351
methylation,CpG_R1799,original,age,0.00013587040554641558
methylation,CpG_R1799,original,sexM,-0.010671254716711485
methylation,CpG_R1799,original,siteB,0.011379618156962652
methylation,CpG_R1799,original,siteC,-0.0012858955250199635
methylation,CpG_R1800,original,(Intercept),0.09557884662955811
methylation,CpG_R1800,original,age,0.000538293912421914
methylation,CpG_R1800,original,sexM,0.010582565412183966
methylation,CpG_R1800,original,siteB,0.001064414479942335
methylation,CpG_R1800,original,siteC,-0.001522054601633943
methylation,CpG_R1801,original,(Intercept),0.3551262423081489
methylation,CpG_R1801,original,age,-0.00025730485769507797
methylation,CpG_R1801,original,sexM,-0.014700975525428636
methylation,CpG_R1801,original,siteB,-0.006955538832547263
methylation,CpG_R1801,original,siteC,0.0003552831472738146
methylation,CpG_R1802,original,(Intercept),0.0766882903121389
methylation,CpG_R1802,original,age,0.00015320080173558315
methylation,CpG_R1802,original,sexM,0.0005145532057134635
methylation,CpG_R1802,original,siteB,-0.002725492717013717
methylation,CpG_R1802,original,siteC,-0.004635399073871363
methylation,CpG_R1803,original,(Intercept),0.08907592767459994
methylation,CpG_R1803,original,age,0.000297618697810516
methylation,CpG_R1803,original,sexM,0.00013441318634255706
methylation,CpG_R1803,original,siteB,0.0016020911991680696
methylation,CpG_R1803,original,siteC,-0.0035481113223203692
methylation,CpG_R1804,original,(Intercept),0.28280703995668083
methylation,CpG_R1804,original,age,-0.00011460167659574447
methylation,CpG_R1804,original,sexM,0.008341300547815922
methylation,CpG_R1804,original,siteB,-0.012462901059150835
methylation,CpG_R1804,original,siteC,0.0014151348487991947
methylation,CpG_R1805,original,(Intercept),0.15641292406868196
methylation,CpG_R1805,original,age,0.0003190546677002087
methylation,CpG_R1805,original,sexM,-0.01285272183171645
methylation,CpG_R1805,original,siteB,0.011330676231060507
methylation,CpG_R1805,original,siteC,0.011729471808112468
methylation,CpG_R1806,original,(Intercept),0.14466040144590567
methylation,CpG_R1806,original,age,-0.0008709299265436991
methylation,CpG_R1806,original,sexM,0.005769069370813215
methylation,CpG_R1806,original,siteB,-0.007638825927643841
methylation,CpG_R1806,original,siteC,-0.005494953813209258
methylation,CpG_R1807,original,(Intercept),0.10427682168579432
methylation,CpG_R1807,original,age,-0.00026421912142869235
methylation,CpG_R1807,original,sexM,-0.012817372478748033
methylation,CpG_R1807,original,siteB,-0.013957286263876247
methylation,CpG_R1807,original,siteC,-0.0031579090919333047
methylation,CpG_R1808,original,(Intercept),0.09177300041905845
methylation,CpG_R1808,original,age,0.0005843876602349368
methylation,CpG_R1808,original,sexM,-0.009564010155661648
methylation,CpG_R1808,original,siteB,-0.0032474181577374383
methylation,CpG_R1808,original,siteC,-0.006377179297342487
methylation,CpG_R1809,original,(Intercept),0.4021836998889926
methylation,CpG_R1809,original,age,0.00025780528425590956
methylation,CpG_R1809,original,sexM,-0.010926557415070617
methylation,CpG_R1809,original,siteB,-0.010654882938508433
methylation,CpG_R1809,original,siteC,-0.010682371717003144
methylation,CpG_R1810,original,(Intercept),0.0877397478862146
methylation,CpG_R1810,original,age,-0.00011334871474107768
methylation,CpG_R1810,original,sexM,-0.0015444994363523745
methylation,CpG_R1810,original,siteB,-0.0013733721776261608
methylation,CpG_R1810,original,siteC,-0.0038774971152710203
methylation,CpG_R1811,original,(Intercept),0.020848048541213655
methylation,CpG_R1811,original,age,-9.038044080219156e-06
methylation,CpG_R1811,original,sexM,0.0006454106670246119
methylation,CpG_R1811,original,siteB,0.004604560168846684
methylation,CpG_R1811,original,siteC,0.000909849543060675
methylation,CpG_R1812,original,(Intercept),0.04739576030066914
methylation,CpG_R1812,original,age,-0.00011488749964420561
methylation,CpG_R1812,original,sexM,0.0026068282733940173
methylation,CpG_R1812,original,siteB,0.006263878231326608
methylation,CpG_R1812,original,siteC,-0.008876982522495554
methylation,CpG_R1813,original,(Intercept),0.25646650804205967
methylation,CpG_R1813,original,age,0.0003177302614436225
methylation,CpG_R1813,original,sexM,-0.005424139896945774
methylation,CpG_R1813,original,siteB,0.004953701431627191
methylation,CpG_R1813,original,siteC,0.005376050211252844
methylation,CpG_R1814,original,(Intercept),0.18818119196679145
methylation,CpG_R1814,original,age,-0.00026915721536129023
methylation,CpG_R1814,original,sexM,-0.0005005941215966037
methylation,CpG_R1814,original,siteB,-0.03476745184997539
methylation,CpG_R1814,original,siteC,-0.04061685998901057
methylation,CpG_R1815,original,(Intercept),0.05454345629442211
methylation,CpG_R1815,original,age,-0.00020373202665065435
methylation,CpG_R1815,original,sexM,0.021031540438316457
methylation,CpG_R1815,original,siteB,0.02353286956999505
methylation,CpG_R1815,original,siteC,0.030400972224275784
methylation,CpG_R1816,original,(Intercept),0.2247047374002763
methylation,CpG_R1816,original,age,9.183124818820089e-05
methylation,CpG_R1816,original,sexM,4.410401964914632e-06
methylation,CpG_R1816,original,siteB,-0.008382008631873165
methylation,CpG_R1816,original,siteC,-0.013235324820874595
methylation,CpG_R1817,original,(Intercept),0.08494278514049387
methylation,CpG_R1817,original,age,8.70752632127819e-05
methylation,CpG_R1817,original,sexM,0.0050748340409824
methylation,CpG_R1817,original,siteB,-0.012478608190502385
methylation,CpG_R1817,original,siteC,-0.0057081185078557625
methylation,CpG_R1818,original,(Intercept),0.5358539525224859
methylation,CpG_R1818,original,age,-0.0002452465050990984
methylation,CpG_R1818,original,sexM,0.005940429327851342
methylation,CpG_R1818,original,siteB,0.00021561788615460863
methylation,CpG_R1818,original,siteC,0.012059018193281245
methylation,CpG_R1819,original,(Intercept),0.5390020890672086
methylation,CpG_R1819,original,age,4.7604266563302123e-07
methylation,CpG_R1819,original,sexM,0.002046063996383215
methylation,CpG_R1819,original,siteB,0.002803408826284615
methylation,CpG_R1819,original,siteC,0.00208904745695754
methylation,CpG_R1820,original,(Intercept),0.29937389627220173
methylation,CpG_R1820,original,age,-7.671274262068567e-05
methylation,CpG_R1820,original,sexM,0.008929629920976505
methylation,CpG_R1820,original,siteB,-0.007008216700468761
methylation,CpG_R1820,original,siteC,-0.005512916707104337
methylation,CpG_R1821,original,(Intercept),0.1498600002066774
methylation,CpG_R1821,original,age,-0.000783335964448463
methylation,CpG_R1821,original,sexM,0.012652823866238986
methylation,CpG_R1821,original,siteB,-0.002229967169286112
methylation,CpG_R1821,original,siteC,-0.014856616939141816
methylation,CpG_R1822,original,(Intercept),0.2440261849485175
methylation,CpG_R1822,original,age,-0.0006780752040460706
methylation,CpG_R1822,original,sexM,0.0058743384696077474
methylation,CpG_R1822,original,siteB,0.006957245759599068
methylation,CpG_R1822,original,siteC,0.01233495231175116
methylation,CpG_R1823,original,(Intercept),0.04748967430702998
methylation,CpG_R1823,original,age,-0.00011073274376024917
methylation,CpG_R1823,original,sexM,0.005107828574055789
methylation,CpG_R1823,original,siteB,-0.029649615522507403
methylation,CpG_R1823,original,siteC,-0.019515849604452427
methylation,CpG_R1824,original,(Intercept),0.12934901805219862
methylation,CpG_R1824,original,age,0.00016936758894692171
methylation,CpG_R1824,original,sexM,-0.0014537241075307148
methylation,CpG_R1824,original,siteB,-0.03499812680815692
methylation,CpG_R1824,original,siteC,-0.03584271901452151
methylation,CpG_R1825,original,(Intercept),-0.036750839043432175
methylation,CpG_R1825,original,age,0.0031904979912598195
methylation,CpG_R1825,original,sexM,-0.00030557976582279406
methylation,CpG_R1825,original,siteB,-0.002534009045673648
methylation,CpG_R1825,original,siteC,-0.009253121198389405
methylation,CpG_R1826,original,(Intercept),0.2702664125894418
methylation,CpG_R1826,original,age,-0.00017144924262744088
methylation,CpG_R1826,original,sexM,0.0005828868479782656
methylation,CpG_R1826,original,siteB,0.03089483899173696
methylation,CpG_R1826,original,siteC,0.038179080298028314
methylation,CpG_R1827,original,(Intercept),0.028898552717058684
methylation,CpG_R1827,original,age,0.0002410678957840215
methylation,CpG_R1827,original,sexM,-0.011962417470872734
methylation,CpG_R1827,original,siteB,0.009295222180482215
methylation,CpG_R1827,original,siteC,0.008698093508731419
methylation,CpG_R1828,original,(Intercept),0.5420752094763773
methylation,CpG_R1828,original,age,0.00017080401286205602
methylation,CpG_R1828,original,sexM,0.013535835048743543
methylation,CpG_R1828,original,siteB,0.01351909260677584
methylation,CpG_R1828,original,siteC,0.0052873314319756394
methylation,CpG_R1829,original,(Intercept),0.25277237096354244
methylation,CpG_R1829,original,age,-0.00019060230046869404
methylation,CpG_R1829,original,sexM,-0.004348803516547897
methylation,CpG_R1829,original,siteB,-0.02716906310470925
methylation,CpG_R1829,original,siteC,-0.03606183921726727
methylation,CpG_R1830,original,(Intercept),0.13179731877818637
methylation,CpG_R1830,original,age,4.5682125177907096e-05
methylation,CpG_R1830,original,sexM,0.003966846873392578
methylation,CpG_R1830,original,siteB,-0.0021536519899833253
methylation,CpG_R1830,original,siteC,0.0025702907729318594
methylation,CpG_R1831,original,(Intercept),0.07669036033461703
methylation,CpG_R1831,original,age,0.0006064254730939021
methylation,CpG_R1831,original,sexM,-0.0001937401046291667
methylation,CpG_R1831,original,siteB,-0.01448479184934738
methylation,CpG_R1831,original,siteC,-0.006770049450460167
methylation,CpG_R1832,original,(Intercept),0.4446340351772081
methylation,CpG_R1832,original,age,-0.0002349281956109152
methylation,CpG_R1832,original,sexM,-0.008328712798959465
methylation,CpG_R1832,original,siteB,-0.010627742634729572
methylation,CpG_R1832,original,siteC,-0.002730302720791794
methylation,CpG_R1833,original,(Intercept),0.43549767033823333
methylation,CpG_R1833,original,age,0.0006782491522183161
methylation,CpG_R1833,original,sexM,0.0025529583897822596
methylation,CpG_R1833,original,siteB,0.006385961822512683
methylation,CpG_R1833,original,siteC,0.001794616969931128
methylation,CpG_R1834,original,(Intercept),0.23300485819127056
methylation,CpG_R1834,original,age,-0.0006020577175267789
methylation,CpG_R1834,original,sexM,-0.001895014941141195
methylation,CpG_R1834,original,siteB,0.016486860401701924
methylation,CpG_R1834,original,siteC,0.019208533397049605
methylation,CpG_R1835,original,(Intercept),0.22414879709353544
methylation,CpG_R1835,original,age,-0.0006161796114895358
methylation,CpG_R1835,original,sexM,0.004753644475300908
methylation,CpG_R1835,original,siteB,-0.028604406791395507
methylation,CpG_R1835,original,siteC,-0.02552349191516313
methylation,CpG_R1836,original,(Intercept),0.23614670226722226
methylation,CpG_R1836,original,age,0.0003007435617227251
methylation,CpG_R1836,original,sexM,-0.010030798692969875
methylation,CpG_R1836,original,siteB,-0.009384880019609632
methylation,CpG_R1836,original,siteC,-0.007119249152925885
methylation,CpG_R1837,original,(Intercept),0.3894471058379712
methylation,CpG_R1837,original,age,-0.00021701940457497564
methylation,CpG_R1837,original,sexM,0.004157139450854951
methylation,CpG_R1837,original,siteB,-0.036981668296508466
methylation,CpG_R1837,original,siteC,-0.017190658075516153
methylation,CpG_R1838,original,(Intercept),0.08139519266891107
methylation,CpG_R1838,original,age,0.0008843529570419577
methylation,CpG_R1838,original,sexM,-0.007681470635304752
methylation,CpG_R1838,original,siteB,-0.01856439901864191
methylation,CpG_R1838,original,siteC,-0.019452488615539252
methylation,CpG_R1839,original,(Intercept),-0.020860834384583506
methylation,CpG_R1839,original,age,0.0014433415537775144
methylation,CpG_R1839,original,sexM,-0.005174249543461868
methylation,CpG_R1839,original,siteB,-0.0016512120265367257
methylation,CpG_R1839,original,siteC,-0.012778538450440111
methylation,CpG_R1840,original,(Intercept),0.3169357721194937
methylation,CpG_R1840,original,age,0.00015790771864474182
methylation,CpG_R1840,original,sexM,0.0010344002028358182
methylation,CpG_R1840,original,siteB,-0.005137014434012629
methylation,CpG_R1840,original,siteC,-0.011633901624023103
methylation,CpG_R1841,original,(Intercept),0.15784102113390355
methylation,CpG_R1841,original,age,-0.00017775583489302424
methylation,CpG_R1841,original,sexM,0.011757334365848564
methylation,CpG_R1841,original,siteB,0.008096302872878882
methylation,CpG_R1841,original,siteC,0.005183473470555851
methylation,CpG_R1842,original,(Intercept),0.23171437676602175
methylation,CpG_R1842,original,age,-0.0005912660970679864
methylation,CpG_R1842,original,sexM,-0.0004839343998634018
methylation,CpG_R1842,original,siteB,-0.043658923487893235
methylation,CpG_R1842,original,siteC,-0.036872650829347424
methylation,CpG_R1843,original,(Intercept),0.17264647285380025
methylation,CpG_R1843,original,age,0.00041962951029212304
methylation,CpG_R1843,original,sexM,0.0013474558802340462
methylation,CpG_R1843,original,siteB,-0.00014401101990935193
methylation,CpG_R1843,original,siteC,0.003374309677562045
methylation,CpG_R1844,original,(Intercept),0.2726946375751926
methylation,CpG_R1844,original,age,0.00025226890137185253
methylation,CpG_R1844,original,sexM,-0.0009649223605050834
methylation,CpG_R1844,original,siteB,-0.004574401805158631
methylation,CpG_R1844,original,siteC,-0.008158284195134244
methylation,CpG_R1845,original,(Intercept),0.09716538209546591
methylation,CpG_R1845,original,age,-0.000191389573580937
methylation,CpG_R1845,original,sexM,0.0011188181401741693
methylation,CpG_R1845,original,siteB,-0.016379321298410715
methylation,CpG_R1845,original,siteC,-0.0003301498246940553
methylation,CpG_R1846,original,(Intercept),0.455872265898796
methylation,CpG_R1846,original,age,-0.0001023454931589507
methylation,CpG_R1846,original,sexM,0.00607544527827733
methylation,CpG_R1846,original,siteB,0.005996259192129437
methylation,CpG_R1846,original,siteC,0.008500438961007772
methylation,CpG_R1847,original,(Intercept),0.2319454690802264
methylation,CpG_R1847,original,age,6.208731270302294e-05
methylation,CpG_R1847,original,sexM,0.0010408997913690101
methylation,CpG_R1847,original,siteB,-0.006069228450636297
methylation,CpG_R1847,original,siteC,-0.019929098335086052
methylation,CpG_R1848,original,(Intercept),0.1026004825859276
methylation,CpG_R1848,original,age,-0.00033415100428979495
methylation,CpG_R1848,original,sexM,-0.0003310912579857179
methylation,CpG_R1848,original,siteB,-0.04339964901997048
methylation,CpG_R1848,original,siteC,-0.04131424248723225
methylation,CpG_R1849,original,(Intercept),0.2982174518497479
methylation,CpG_R1849,original,age,-0.00041775378785773406
methylation,CpG_R1849,original,sexM,-0.0003627789329165589
methylation,CpG_R1849,original,siteB,0.015422609532349425
methylation,CpG_R1849,original,siteC,0.0008722352007175873
methylation,CpG_R1850,original,(Intercept),0.21135204771064947
methylation,CpG_R1850,original,age,-0.00032148994341725767
methylation,CpG_R1850,original,sexM,0.0017200296402680583
methylation,CpG_R1850,original,siteB,0.009989476634308854
methylation,CpG_R1850,original,siteC,0.006345560190073007
methylation,CpG_R1851,original,(Intercept),0.43689569573922193
methylation,CpG_R1851,original,age,-0.0002751935518840964
methylation,CpG_R1851,original,sexM,0.00439832297035477
methylation,CpG_R1851,original,siteB,0.01447036206087484
methylation,CpG_R1851,original,siteC,-0.01563929510724025
methylation,CpG_R1852,original,(Intercept),0.4676934728863463
methylation,CpG_R1852,original,age,-0.0007004471447746074
methylation,CpG_R1852,original,sexM,-0.004239386623673702
methylation,CpG_R1852,original,siteB,-0.00835262828694521
methylation,CpG_R1852,original,siteC,-0.008967617874209077
methylation,CpG_R1853,original,(Intercept),0.48890018570997507
methylation,CpG_R1853,original,age,-0.00012455992862198134
methylation,CpG_R1853,original,sexM,-0.011304150955416554
methylation,CpG_R1853,original,siteB,-0.014340771490080263
methylation,CpG_R1853,original,siteC,-0.02134806489750606
methylation,CpG_R1854,original,(Intercept),0.07446115992010262
methylation,CpG_R1854,original,age,-6.92236698331173e-05
methylation,CpG_R1854,original,sexM,-0.0038284592020305444
methylation,CpG_R1854,original,siteB,0.008290521218085278
methylation,CpG_R1854,original,siteC,-0.00387261723182869
methylation,CpG_R1855,original,(Intercept),0.3238631009297281
methylation,CpG_R1855,original,age,-0.0008930023078995227
methylation,CpG_R1855,original,sexM,0.006803529538295323
methylation,CpG_R1855,original,siteB,0.005390931863571664
methylation,CpG_R1855,original,siteC,0.009398803243555758
methylation,CpG_R1856,original,(Intercept),0.05247697175025405
methylation,CpG_R1856,original,age,0.00026082102734084774
methylation,CpG_R1856,original,sexM,0.007714320419159831
methylation,CpG_R1856,original,siteB,-0.007708118451617653
methylation,CpG_R1856,original,siteC,0.003626749040743118
methylation,CpG_R1857,original,(Intercept),0.15502872522516414
methylation,CpG_R1857,original,age,-8.42660825887408e-05
methylation,CpG_R1857,original,sexM,0.0016203865483331828
methylation,CpG_R1857,original,siteB,0.0059653642887332985
methylation,CpG_R1857,original,siteC,0.011236086361800504
methylation,CpG_R1858,original,(Intercept),0.11480917898117145
methylation,CpG_R1858,original,age,0.00042148783865356024
methylation,CpG_R1858,original,sexM,-0.0024260523792788086
methylation,CpG_R1858,original,siteB,-0.007179487652678316
methylation,CpG_R1858,original,siteC,-0.01777412348890168
methylation,CpG_R1859,original,(Intercept),0.24733898185476824
methylation,CpG_R1859,original,age,-0.00035007254119424815
methylation,CpG_R1859,original,sexM,-0.0007562294322713721
methylation,CpG_R1859,original,siteB,0.004946794190533314
methylation,CpG_R1859,original,siteC,0.00274068358544883
methylation,CpG_R1860,original,(Intercept),0.04045628766716676
methylation,CpG_R1860,original,age,0.00047623318401026065
methylation,CpG_R1860,original,sexM,0.006105207566627647
methylation,CpG_R1860,original,siteB,-0.005003813286729693
methylation,CpG_R1860,original,siteC,-0.006267555180909658
methylation,CpG_R1861,original,(Intercept),0.3174937014491272
methylation,CpG_R1861,original,age,-0.0004166135875787759
methylation,CpG_R1861,original,sexM,0.004645025265612396
methylation,CpG_R1861,original,siteB,0.0031177994327201294
methylation,CpG_R1861,original,siteC,0.007250878038548675
methylation,CpG_R1862,original,(Intercept),0.05238239397856255
methylation,CpG_R1862,original,age,-6.624887543449537e-05
methylation,CpG_R1862,original,sexM,0.001356980552719264
methylation,CpG_R1862,original,siteB,0.008623508890427244
methylation,CpG_R1862,original,siteC,-0.0017499253517884751
methylation,CpG_R1863,original,(Intercept),0.25939818743445553
methylation,CpG_R1863,original,age,0.0005516669890406101
methylation,CpG_R1863,original,sexM,0.003236714599040659
methylation,CpG_R1863,original,siteB,0.037237944670076836
methylation,CpG_R1863,original,siteC,0.026734217929151476
methylation,CpG_R1864,original,(Intercept),0.13767635698047376
methylation,CpG_R1864,original,age,0.000521672223492686
methylation,CpG_R1864,original,sexM,-0.0002583452840612896
methylation,CpG_R1864,original,siteB,0.0006225841778631629
methylation,CpG_R1864,original,siteC,-0.008923077988161823
methylation,CpG_R1865,original,(Intercept),-0.03135513659901262
methylation,CpG_R1865,original,age,0.002598257831014579
methylation,CpG_R1865,original,sexM,-0.0060045498234710774
methylation,CpG_R1865,original,siteB,-0.008576467597709136
methylation,CpG_R1865,original,siteC,-0.008946417902668233
methylation,CpG_R1866,original,(Intercept),0.29083215749954666
methylation,CpG_R1866,original,age,-0.00020940963954124014
methylation,CpG_R1866,original,sexM,-0.007558780447076522
methylation,CpG_R1866,original,siteB,-0.02297521405858335
methylation,CpG_R1866,original,siteC,-0.015996336703349864
methylation,CpG_R1867,original,(Intercept),0.20510212903369943
methylation,CpG_R1867,original,age,-0.00043516797674824476
methylation,CpG_R1867,original,sexM,-0.010406188841096424
methylation,CpG_R1867,original,siteB,-0.02362870679836
methylation,CpG_R1867,original,siteC,-0.016775965089809886
methylation,CpG_R1868,original,(Intercept),0.13937920080659225
methylation,CpG_R1868,original,age,0.00040591715342938427
methylation,CpG_R1868,original,sexM,-0.007365155333429789
methylation,CpG_R1868,original,siteB,0.00803292212921634
methylation,CpG_R1868,original,siteC,-0.010803700094867523
methylation,CpG_R1869,original,(Intercept),0.19162778667580666
methylation,CpG_R1869,original,age,0.0007426324918994799
methylation,CpG_R1869,original,sexM,-1.2821170569044914e-05
methylation,CpG_R1869,original,siteB,0.006653133252386759
methylation,CpG_R1869,original,siteC,0.0016717142715566328
methylation,CpG_R1870,original,(Intercept),0.26644861328584835
methylation,CpG_R1870,original,age,-0.00038620906257452693
methylation,CpG_R1870,original,sexM,-0.00690289914752779
methylation,CpG_R1870,original,siteB,0.018306924897325397
methylation,CpG_R1870,original,siteC,0.015932241146244485
methylation,CpG_R1871,original,(Intercept),0.3619496087305131
methylation,CpG_R1871,original,age,0.00019107901445504494
methylation,CpG_R1871,original,sexM,-0.011264088381309012
methylation,CpG_R1871,original,siteB,-0.002153628160013088
methylation,CpG_R1871,original,siteC,-0.016871853782242947
methylation,CpG_R1872,original,(Intercept),0.29107253096788677
methylation,CpG_R1872,original,age,-0.000410720667005329
methylation,CpG_R1872,original,sexM,0.0053529039941435964
methylation,CpG_R1872,original,siteB,0.0016230550902440182
methylation,CpG_R1872,original,siteC,-0.013980869507932757
methylation,CpG_R1873,original,(Intercept),0.2761404166597776
methylation,CpG_R1873,original,age,-0.00039842857729235963
methylation,CpG_R1873,original,sexM,-0.012693377396187564
methylation,CpG_R1873,original,siteB,-0.018790418063981483
methylation,CpG_R1873,original,siteC,-0.012788588718362885
methylation,CpG_R1874,original,(Intercept),0.04947669140799872
methylation,CpG_R1874,original,age,-0.0001724201172791871
methylation,CpG_R1874,original,sexM,0.005128054800889869
methylation,CpG_R1874,original,siteB,0.006600426194239166
methylation,CpG_R1874,original,siteC,0.003508029835764329
methylation,CpG_R1875,original,(Intercept),0.4238471073107626
methylation,CpG_R1875,original,age,0.00101784150995951
methylation,CpG_R1875,original,sexM,-0.006700604587115824
methylation,CpG_R1875,original,siteB,-0.0063079518083284354
methylation,CpG_R1875,original,siteC,0.0007271617625274067
methylation,CpG_R1876,original,(Intercept),0.43738338533044724
methylation,CpG_R1876,original,age,0.0002186405609296262
methylation,CpG_R1876,original,sexM,0.0077510453232907325
methylation,CpG_R1876,original,siteB,0.01116153663150504
methylation,CpG_R1876,original,siteC,0.011628085989505313
methylation,CpG_R1877,original,(Intercept),0.29301633055107484
methylation,CpG_R1877,original,age,-0.0007085889693216529
methylation,CpG_R1877,original,sexM,0.006121890154986735
methylation,CpG_R1877,original,siteB,0.006382765632528353
methylation,CpG_R1877,original,siteC,0.028409262688394884
methylation,CpG_R1878,original,(Intercept),0.12157478845574027
methylation,CpG_R1878,original,age,0.00026170080772139516
methylation,CpG_R1878,original,sexM,-0.0036405200995719613
methylation,CpG_R1878,original,siteB,-0.009497268209853657
methylation,CpG_R1878,original,siteC,-0.0030836408030713637
methylation,CpG_R1879,original,(Intercept),0.05901834532584158
methylation,CpG_R1879,original,age,0.00012105593145200228
methylation,CpG_R1879,original,sexM,0.003340443180952118
methylation,CpG_R1879,original,siteB,0.003868552513470793
methylation,CpG_R1879,original,siteC,0.005540369911140708
methylation,CpG_R1880,original,(Intercept),0.0941540754391871
methylation,CpG_R1880,original,age,0.0007461978107339918
methylation,CpG_R1880,original,sexM,-0.0013727609288026715
methylation,CpG_R1880,original,siteB,0.012813545418811547
methylation,CpG_R1880,original,siteC,-0.005278743103572628
methylation,CpG_R1881,original,(Intercept),0.07131598369140774
methylation,CpG_R1881,original,age,-0.00011213983038120838
methylation,CpG_R1881,original,sexM,-0.002307884480468269
methylation,CpG_R1881,original,siteB,-0.009094865123493853
methylation,CpG_R1881,original,siteC,0.0062384978513948496
methylation,CpG_R1882,original,(Intercept),0.35577253485451976
methylation,CpG_R1882,original,age,-0.0002895739411786434
methylation,CpG_R1882,original,sexM,0.003677419244029981
methylation,CpG_R1882,original,siteB,-0.015998834261061735
methylation,CpG_R1882,original,siteC,-0.013397534456325471
methylation,CpG_R1883,original,(Intercept),0.2802344499781496
methylation,CpG_R1883,original,age,0.0003239552857663958
methylation,CpG_R1883,original,sexM,-0.015173645108784547
methylation,CpG_R1883,original,siteB,0.006034303529395195
methylation,CpG_R1883,original,siteC,0.00633066872671783
methylation,CpG_R1884,original,(Intercept),0.2957588244821624
methylation,CpG_R1884,original,age,0.0004973029142333877
methylation,CpG_R1884,original,sexM,-0.008352675327315581
methylation,CpG_R1884,original,siteB,0.00017456119803383504
methylation,CpG_R1884,original,siteC,-0.004544001899413567
methylation,CpG_R1885,original,(Intercept),0.19688811876762535
methylation,CpG_R1885,original,age,-0.00024179657274807332
methylation,CpG_R1885,original,sexM,-0.012715007959847879
methylation,CpG_R1885,original,siteB,0.0009983998862196624
methylation,CpG_R1885,original,siteC,0.0011400482926200654
methylation,CpG_R1886,original,(Intercept),0.18544708484431952
methylation,CpG_R1886,original,age,-0.0002455530383140188
methylation,CpG_R1886,original,sexM,-0.006855610912013585
methylation,CpG_R1886,original,siteB,-0.001115745742600928
methylation,CpG_R1886,original,siteC,0.008339412028393568
methylation,CpG_R1887,original,(Intercept),0.20601565630816748
methylation,CpG_R1887,original,age,-0.0011331471568188944
methylation,CpG_R1887,original,sexM,-0.010972753155568806
methylation,CpG_R1887,original,siteB,0.005769155041179505
methylation,CpG_R1887,original,siteC,-0.0020217945140755308
methylation,CpG_R1888,original,(Intercept),0.21775309838770962
methylation,CpG_R1888,original,age,1.505017058743849e-05
methylation,CpG_R1888,original,sexM,0.007465971502407302
methylation,CpG_R1888,original,siteB,-0.015460964557072679
methylation,CpG_R1888,original,siteC,-0.005112029932825904
methylation,CpG_R1889,original,(Intercept),0.16665579579456372
methylation,CpG_R1889,original,age,5.399386685458017e-06
methylation,CpG_R1889,original,sexM,-0.001032030156756088
methylation,CpG_R1889,original,siteB,-0.02836658757076682
methylation,CpG_R1889,original,siteC,-0.028002845847728424
methylation,CpG_R1890,original,(Intercept),0.0849658670826743
methylation,CpG_R1890,original,age,-0.00027350061171742696
methylation,CpG_R1890,original,sexM,1.4142815045172212e-05
methylation,CpG_R1890,original,siteB,0.016474976872478286
methylation,CpG_R1890,original,siteC,1.2934248853491111e-05
methylation,CpG_R1891,original,(Intercept),0.5084842089991188
methylation,CpG_R1891,original,age,-0.00020402166781186066
methylation,CpG_R1891,original,sexM,0.0176581224132891
methylation,CpG_R1891,original,siteB,-0.06579949519951346
methylation,CpG_R1891,original,siteC,-0.05839260724873393
methylation,CpG_R1892,original,(Intercept),0.2545125678512528
methylation,CpG_R1892,original,age,-0.0004236266841618873
methylation,CpG_R1892,original,sexM,0.003486344667968536
methylation,CpG_R1892,original,siteB,-0.008163242514016907
methylation,CpG_R1892,original,siteC,-0.011150055055536753
methylation,CpG_R1893,original,(Intercept),0.3796524308368808
methylation,CpG_R1893,original,age,0.0002540604377313035
methylation,CpG_R1893,original,sexM,-0.008239195772092648
methylation,CpG_R1893,original,siteB,-0.013957758491859209
methylation,CpG_R1893,original,siteC,-0.009240426605387177
methylation,CpG_R1894,original,(Intercept),0.15962160024751765
methylation,CpG_R1894,original,age,-2.569552528239227e-05
methylation,CpG_R1894,original,sexM,-0.01567865921168366
methylation,CpG_R1894,original,siteB,-0.027999547830096123
methylation,CpG_R1894,original,siteC,-0.02904490434717819
methylation,CpG_R1895,original,(Intercept),0.2614939851078317
methylation,CpG_R1895,original,age,0.00047923828209270596
methylation,CpG_R1895,original,sexM,0.006643446155409981
methylation,CpG_R1895,original,siteB,-0.00025958246562954334
methylation,CpG_R1895,original,siteC,0.004220575640190112
methylation,CpG_R1896,original,(Intercept),0.0930653682462326
methylation,CpG_R1896,original,age,0.0005274804933967385
methylation,CpG_R1896,original,sexM,-0.0016702537061026779
methylation,CpG_R1896,original,siteB,-0.0002323326071568549
methylation,CpG_R1896,original,siteC,-0.0052395796726852194
methylation,CpG_R1897,original,(Intercept),0.2582740661251856
methylation,CpG_R1897,original,age,-8.424308468661537e-05
methylation,CpG_R1897,original,sexM,0.009286080762587093
methylation,CpG_R1897,original,siteB,-0.00424627660486266
methylation,CpG_R1897,original,siteC,-0.005156491524420281
methylation,CpG_R1898,original,(Intercept),0.21289112014419906
methylation,CpG_R1898,original,age,0.0001416226281094443
methylation,CpG_R1898,original,sexM,-0.006555813969199586
methylation,CpG_R1898,original,siteB,0.0076461412876530944
methylation,CpG_R1898,original,siteC,-0.0060207712574157895
methylation,CpG_R1899,original,(Intercept),0.08632162266282108
methylation,CpG_R1899,original,age,5.921634137236763e-05
methylation,CpG_R1899,original,sexM,-0.0010397277090508784
methylation,CpG_R1899,original,siteB,-0.018936820893647968
methylation,CpG_R1899,original,siteC,-0.022356129652719128
methylation,CpG_R1900,original,(Intercept),0.13004871913547097
methylation,CpG_R1900,original,age,3.1944570048927595e-05
methylation,CpG_R1900,original,sexM,0.005358699786494901
methylation,CpG_R1900,original,siteB,-0.01906467925905501
methylation,CpG_R1900,original,siteC,-0.007161024740092247
methylation,CpG_R1901,original,(Intercept),0.31727358228726893
methylation,CpG_R1901,original,age,-0.0006228654541909034
methylation,CpG_R1901,original,sexM,-0.0016219823505492813
methylation,CpG_R1901,original,siteB,-0.004861170456482883
methylation,CpG_R1901,original,siteC,-0.005351893821873426
methylation,CpG_R1902,original,(Intercept),0.17670638065713165
methylation,CpG_R1902,original,age,-0.00043149796924115146
methylation,CpG_R1902,original,sexM,-0.012115156338792815
methylation,CpG_R1902,original,siteB,-0.007831599849741107
methylation,CpG_R1902,original,siteC,0.010694956885522038
methylation,CpG_R1903,original,(Intercept),0.12661437267279826
methylation,CpG_R1903,original,age,0.00019801866052223437
methylation,CpG_R1903,original,sexM,-0.0007977979574289168
methylation,CpG_R1903,original,siteB,0.003068156795250782
methylation,CpG_R1903,original,siteC,-0.01608047950118474
methylation,CpG_R1904,original,(Intercept),0.17737835361173154
methylation,CpG_R1904,original,age,3.572689097201553e-05
methylation,CpG_R1904,original,sexM,0.000322991584498775
methylation,CpG_R1904,original,siteB,-0.0015225025502439743
methylation,CpG_R1904,original,siteC,-0.0069215146156371265
methylation,CpG_R1905,original,(Intercept),0.2520953198466225
methylation,CpG_R1905,original,age,-0.0006587634615271305
methylation,CpG_R1905,original,sexM,-0.006808270257087269
methylation,CpG_R1905,original,siteB,-0.009727051822682244
methylation,CpG_R1905,original,siteC,-0.0065653133685658754
methylation,CpG_R1906,original,(Intercept),0.1775136756750946
methylation,CpG_R1906,original,age,0.0006314942923449982
methylation,CpG_R1906,original,sexM,-0.006877834655870353
methylation,CpG_R1906,original,siteB,-0.009896769184920454
methylation,CpG_R1906,original,siteC,-0.004619417782613602
methylation,CpG_R1907,original,(Intercept),0.1471258463502409
methylation,CpG_R1907,original,age,-0.0003526399184950064
methylation,CpG_R1907,original,sexM,0.010237469226019792
methylation,CpG_R1907,original,siteB,0.005820863700406771
methylation,CpG_R1907,original,siteC,0.0038297847623785498
methylation,CpG_R1908,original,(Intercept),0.11300859403174936
methylation,CpG_R1908,original,age,-0.0002208558198392488
methylation,CpG_R1908,original,sexM,-0.004532518425128559
methylation,CpG_R1908,original,siteB,0.004760636790858382
methylation,CpG_R1908,original,siteC,0.006741440482219013
methylation,CpG_R1909,original,(Intercept),0.28995453775447216
methylation,CpG_R1909,original,age,7.832385948260076e-05
methylation,CpG_R1909,original,sexM,-0.004515822423044241
methylation,CpG_R1909,original,siteB,0.002791544016450878
methylation,CpG_R1909,original,siteC,-0.0038360338750056113
methylation,CpG_R1910,original,(Intercept),0.08169249460039392
methylation,CpG_R1910,original,age,0.00046083650743385725
methylation,CpG_R1910,original,sexM,-0.011864956093560104
methylation,CpG_R1910,original,siteB,-0.003122111673017376
methylation,CpG_R1910,original,siteC,0.010638912749897703
methylation,CpG_R1911,original,(Intercept),0.6009233433660559
methylation,CpG_R1911,original,age,1.2747991705656214e-05
methylation,CpG_R1911,original,sexM,0.009558168003349443
methylation,CpG_R1911,original,siteB,-0.017987670511661003
methylation,CpG_R1911,original,siteC,-0.03296461982558508
methylation,CpG_R1912,original,(Intercept),0.22274173630779345
methylation,CpG_R1912,original,age,0.00012831535309450483
methylation,CpG_R1912,original,sexM,0.0005273922362579801
methylation,CpG_R1912,original,siteB,0.002666141261104171
methylation,CpG_R1912,original,siteC,0.007816088983302188
methylation,CpG_R1913,original,(Intercept),0.12807716903798191
methylation,CpG_R1913,original,age,-0.0003416676400520482
methylation,CpG_R1913,original,sexM,-0.004737092046614544
methylation,CpG_R1913,original,siteB,0.014058351923338217
methylation,CpG_R1913,original,siteC,0.030854714357076343
methylation,CpG_R1914,original,(Intercept),0.20692431331396485
methylation,CpG_R1914,original,age,-0.0006675153335645598
methylation,CpG_R1914,original,sexM,0.013397748333847374
methylation,CpG_R1914,original,siteB,-0.018962465760804053
methylation,CpG_R1914,original,siteC,-0.00649496185816485
methylation,CpG_R1915,original,(Intercept),0.2526655334546809
methylation,CpG_R1915,original,age,-8.266503548424606e-05
methylation,CpG_R1915,original,sexM,-0.007729928442253139
methylation,CpG_R1915,original,siteB,0.025936831177483674
methylation,CpG_R1915,original,siteC,0.02513387945354605
methylation,CpG_R1916,original,(Intercept),0.12239386687461694
methylation,CpG_R1916,original,age,-0.00039642423295638415
methylation,CpG_R1916,original,sexM,-0.0059224996775972755
methylation,CpG_R1916,original,siteB,0.0014942772880240588
methylation,CpG_R1916,original,siteC,-0.009225337760966894
methylation,CpG_R1917,original,(Intercept),0.3009226579048791
methylation,CpG_R1917,original,age,0.00035949638437882044
methylation,CpG_R1917,original,sexM,-0.002440276199259233
methylation,CpG_R1917,original,siteB,0.01038816619325116
methylation,CpG_R1917,original,siteC,0.010229131464475814
methylation,CpG_R1918,original,(Intercept),0.36733830234457615
methylation,CpG_R1918,original,age,-0.00013632103639830444
methylation,CpG_R1918,original,sexM,-0.003390100902311019
methylation,CpG_R1918,original,siteB,0.01637520591699486
methylation,CpG_R1918,original,siteC,0.008489453126153968
methylation,CpG_R1919,original,(Intercept),0.12277828613059324
methylation,CpG_R1919,original,age,-0.00033373828306784204
methylation,CpG_R1919,original,sexM,0.0014132891549584916
methylation,CpG_R1919,original,siteB,0.010011868326516854
methylation,CpG_R1919,original,siteC,0.004308810134977738
methylation,CpG_R1920,original,(Intercept),0.3406380140400242
methylation,CpG_R1920,original,age,0.00012382814702166257
methylation,CpG_R1920,original,sexM,-0.004304836420736916
methylation,CpG_R1920,original,siteB,-0.023357602268755613
methylation,CpG_R1920,original,siteC,-0.0084181740826416
methylation,CpG_R1921,original,(Intercept),0.11758846869689055
methylation,CpG_R1921,original,age,-7.557207669182258e-05
methylation,CpG_R1921,original,sexM,0.0042028930110712594
methylation,CpG_R1921,original,siteB,-0.01448236076254997
methylation,CpG_R1921,original,siteC,-0.005586490254435053
methylation,CpG_R1922,original,(Intercept),0.1253551834359365
methylation,CpG_R1922,original,age,0.00014105782726909252
methylation,CpG_R1922,original,sexM,0.0009269777672438836
methylation,CpG_R1922,original,siteB,-0.0069338409635820025
methylation,CpG_R1922,original,siteC,-0.021936042294933844
methylation,CpG_R1923,original,(Intercept),0.00953348745236983
methylation,CpG_R1923,original,age,0.0005301484060269027
methylation,CpG_R1923,original,sexM,-0.00023053904989566497
methylation,CpG_R1923,original,siteB,0.0065671901757598855
methylation,CpG_R1923,original,siteC,0.011341331986836062
methylation,CpG_R1924,original,(Intercept),0.2123836576611247
methylation,CpG_R1924,original,age,-0.00016717188008203693
methylation,CpG_R1924,original,sexM,0.004094431216097251
methylation,CpG_R1924,original,siteB,-0.010759448160430502
methylation,CpG_R1924,original,siteC,-0.015778398370191703
methylation,CpG_R1925,original,(Intercept),0.2802883715276021
methylation,CpG_R1925,original,age,4.4658091217474355e-05
methylation,CpG_R1925,original,sexM,0.0062997089519408675
methylation,CpG_R1925,original,siteB,-0.03006996636970556
methylation,CpG_R1925,original,siteC,-0.018263707059248617
methylation,CpG_R1926,original,(Intercept),0.09491734453266414
methylation,CpG_R1926,original,age,-0.0003227031475641988
methylation,CpG_R1926,original,sexM,0.007890718708253308
methylation,CpG_R1926,original,siteB,-0.00563727988394776
methylation,CpG_R1926,original,siteC,-0.0021984044848321347
methylation,CpG_R1927,original,(Intercept),0.13451894571033995
methylation,CpG_R1927,original,age,-0.0006743145140630174
methylation,CpG_R1927,original,sexM,-0.0014408427276399011
methylation,CpG_R1927,original,siteB,-0.0028052704022379095
methylation,CpG_R1927,original,siteC,0.00545122940549044
methylation,CpG_R1928,original,(Intercept),0.11845823773524346
methylation,CpG_R1928,original,age,-7.115728305576029e-05
methylation,CpG_R1928,original,sexM,0.008278305887417084
methylation,CpG_R1928,original,siteB,0.002957078344047771
methylation,CpG_R1928,original,siteC,0.011395548922015554
methylation,CpG_R1929,original,(Intercept),0.2801328323474083
methylation,CpG_R1929,original,age,0.000531225109214327
methylation,CpG_R1929,original,sexM,-0.00808310151224952
methylation,CpG_R1929,original,siteB,0.010313369082166008
methylation,CpG_R1929,original,siteC,0.0006313395958487549
methylation,CpG_R1930,original,(Intercept),0.2445864855358804
methylation,CpG_R1930,original,age,-0.0006710737258508347
methylation,CpG_R1930,original,sexM,-0.0016705975120968025
methylation,CpG_R1930,original,siteB,-0.024871781990238873
methylation,CpG_R1930,original,siteC,-0.0195820043100884
methylation,CpG_R1931,original,(Intercept),0.22673386261286857
methylation,CpG_R1931,original,age,-0.0005937290045917951
methylation,CpG_R1931,original,sexM,-0.014193103477731416
methylation,CpG_R1931,original,siteB,0.01043700446085251
methylation,CpG_R1931,original,siteC,0.0023214374990684684
methylation,CpG_R1932,original,(Intercept),0.3025668728966476
methylation,CpG_R1932,original,age,0.0005795028393344009
methylation,CpG_R1932,original,sexM,-0.0004353498851239648
methylation,CpG_R1932,original,siteB,0.0035750283994474687
methylation,CpG_R1932,original,siteC,0.0013004530394837871
methylation,CpG_R1933,original,(Intercept),0.25742150647317025
methylation,CpG_R1933,original,age,0.0004951882716834081
methylation,CpG_R1933,original,sexM,0.008378195640344123
methylation,CpG_R1933,original,siteB,0.0012823082411281622
methylation,CpG_R1933,original,siteC,-0.002027555233005837
methylation,CpG_R1934,original,(Intercept),0.10950686726743437
methylation,CpG_R1934,original,age,0.00013173937516156232
methylation,CpG_R1934,original,sexM,0.005630218300248635
methylation,CpG_R1934,original,siteB,-0.02030582150221202
methylation,CpG_R1934,original,siteC,-0.027886952115750204
methylation,CpG_R1935,original,(Intercept),0.4597835632065201
methylation,CpG_R1935,original,age,-0.00039190089812934177
methylation,CpG_R1935,original,sexM,-0.006347737029912352
methylation,CpG_R1935,original,siteB,0.009751766440483353
methylation,CpG_R1935,original,siteC,0.015244317227231114
methylation,CpG_R1936,original,(Intercept),0.3640138291070159
methylation,CpG_R1936,original,age,-0.00041625439957189073
methylation,CpG_R1936,original,sexM,0.0021792521331008346
methylation,CpG_R1936,original,siteB,0.00901318240711498
methylation,CpG_R1936,original,siteC,-0.0026850374482497784
methylation,CpG_R1937,original,(Intercept),0.5280789733699393
methylation,CpG_R1937,original,age,2.551588862794226e-06
methylation,CpG_R1937,original,sexM,0.0017206679923039956
methylation,CpG_R1937,original,siteB,-0.005819449575913514
methylation,CpG_R1937,original,siteC,-0.021549009624188924
methylation,CpG_R1938,original,(Intercept),0.2941007775607679
methylation,CpG_R1938,original,age,4.678226699534115e-05
methylation,CpG_R1938,original,sexM,-0.0055708113457403965
methylation,CpG_R1938,original,siteB,-0.02253663671437932
methylation,CpG_R1938,original,siteC,-0.03821042235252352
methylation,CpG_R1939,original,(Intercept),0.26671859030318706
methylation,CpG_R1939,original,age,1.8871922936244065e-05
methylation,CpG_R1939,original,sexM,-0.0010933473086155803
methylation,CpG_R1939,original,siteB,0.010041174112144712
methylation,CpG_R1939,original,siteC,-0.0019246385398123756
methylation,CpG_R1940,original,(Intercept),0.21020912090064947
methylation,CpG_R1940,original,age,-0.0011160747844607616
methylation,CpG_R1940,original,sexM,0.0021887312741388026
methylation,CpG_R1940,original,siteB,-0.008403827321828
methylation,CpG_R1940,original,siteC,-0.0005183980892432301
methylation,CpG_R1941,original,(Intercept),0.20794968258770938
methylation,CpG_R1941,original,age,-0.00019441825412679496
methylation,CpG_R1941,original,sexM,-0.002865175978324001
methylation,CpG_R1941,original,siteB,-0.013713430778788217
methylation,CpG_R1941,original,siteC,-0.018291816016242034
methylation,CpG_R1942,original,(Intercept),0.06284972242483847
methylation,CpG_R1942,original,age,0.0003559580529169123
methylation,CpG_R1942,original,sexM,-0.0038360232341449764
methylation,CpG_R1942,original,siteB,-0.0014761236936239605
methylation,CpG_R1942,original,siteC,-0.0002682143584902267
methylation,CpG_R1943,original,(Intercept),0.1073693198655006
methylation,CpG_R1943,original,age,7.277905617161946e-05
methylation,CpG_R1943,original,sexM,-0.018962528864006553
methylation,CpG_R1943,original,siteB,-0.035354958667389795
methylation,CpG_R1943,original,siteC,-0.03909234325941372
methylation,CpG_R1944,original,(Intercept),0.13213400708188433
methylation,CpG_R1944,original,age,1.5793246866495354e-05
methylation,CpG_R1944,original,sexM,0.002884388132088632
methylation,CpG_R1944,original,siteB,-0.009887708149366577
methylation,CpG_R1944,original,siteC,0.0004355840471798347
methylation,CpG_R1945,original,(Intercept),0.3309812139249697
methylation,CpG_R1945,original,age,0.00024599240127243406
methylation,CpG_R1945,original,sexM,-0.009811349654200385
methylation,CpG_R1945,original,siteB,0.006899262960913041
methylation,CpG_R1945,original,siteC,0.0011426810973771215
methylation,CpG_R1946,original,(Intercept),0.33955579083277515
methylation,CpG_R1946,original,age,-0.00028099513750119357
methylation,CpG_R1946,original,sexM,-0.005663158402034397
methylation,CpG_R1946,original,siteB,0.0006838478094257834
methylation,CpG_R1946,original,siteC,-0.021647678757633973
methylation,CpG_R1947,original,(Intercept),0.25288657083123656
methylation,CpG_R1947,original,age,0.00025777742506768265
methylation,CpG_R1947,original,sexM,-0.0006712090107959304
methylation,CpG_R1947,original,siteB,-0.01717817698334319
methylation,CpG_R1947,original,siteC,-0.008163988571245041
methylation,CpG_R1948,original,(Intercept),0.04220545888972696
methylation,CpG_R1948,original,age,0.00034296655728731937
methylation,CpG_R1948,original,sexM,0.007210656404972424
methylation,CpG_R1948,original,siteB,0.003013348134046723
methylation,CpG_R1948,original,siteC,-0.009952330601544617
methylation,CpG_R1949,original,(Intercept),0.2611811941645245
methylation,CpG_R1949,original,age,-0.0006936546960071365
methylation,CpG_R1949,original,sexM,0.010018273968350125
methylation,CpG_R1949,original,siteB,-0.011691889198299138
methylation,CpG_R1949,original,siteC,0.009772803979708509
methylation,CpG_R1950,original,(Intercept),0.2367996488725972
methylation,CpG_R1950,original,age,-0.0004485778422038993
methylation,CpG_R1950,original,sexM,-0.010041372792174185
methylation,CpG_R1950,original,siteB,-0.0017609810635453426
methylation,CpG_R1950,original,siteC,0.009139057007953135
methylation,CpG_R1951,original,(Intercept),0.25914797329135214
methylation,CpG_R1951,original,age,-0.0003065239268078765
methylation,CpG_R1951,original,sexM,-4.0356356191112654e-05
methylation,CpG_R1951,original,siteB,0.013102832709680537
methylation,CpG_R1951,original,siteC,0.009288445549390288
methylation,CpG_R1952,original,(Intercept),0.22197169637218414
methylation,CpG_R1952,original,age,0.0005050867264252407
methylation,CpG_R1952,original,sexM,0.00274923339485691
methylation,CpG_R1952,original,siteB,-0.01651402960950029
methylation,CpG_R1952,original,siteC,-0.020665447361763227
methylation,CpG_R1953,original,(Intercept),0.11148142924606191
methylation,CpG_R1953,original,age,-5.4990562331885355e-05
methylation,CpG_R1953,original,sexM,0.003695467583257549
methylation,CpG_R1953,original,siteB,0.006767196897844324
methylation,CpG_R1953,original,siteC,0.0016964029625234852
methylation,CpG_R1954,original,(Intercept),0.38677226208143256
methylation,CpG_R1954,original,age,-0.000644175513279986
methylation,CpG_R1954,original,sexM,-0.0038717017358621012
methylation,CpG_R1954,original,siteB,0.009107391687710194
methylation,CpG_R1954,original,siteC,0.0009080325180403078
methylation,CpG_R1955,original,(Intercept),0.251424648262649
methylation,CpG_R1955,original,age,-0.00023304401427509178
methylation,CpG_R1955,original,sexM,-0.006113935623612093
methylation,CpG_R1955,original,siteB,-0.000928402628076324
methylation,CpG_R1955,original,siteC,-0.002861997105122125
methylation,CpG_R1956,original,(Intercept),0.20323027540454208
methylation,CpG_R1956,original,age,0.0002339446459903107
methylation,CpG_R1956,original,sexM,0.011707306134848291
methylation,CpG_R1956,original,siteB,-0.019154559867301503
methylation,CpG_R1956,original,siteC,-0.00904736591967858
methylation,CpG_R1957,original,(Intercept),0.17299035519693162
methylation,CpG_R1957,original,age,0.0004926245651443621
methylation,CpG_R1957,original,sexM,0.0015198175335746217
methylation,CpG_R1957,original,siteB,-0.00035509598479432154
methylation,CpG_R1957,original,siteC,-0.006284658565941459
methylation,CpG_R1958,original,(Intercept),0.17348554960937038
methylation,CpG_R1958,original,age,0.0006170550121694774
methylation,CpG_R1958,original,sexM,-0.0002815391514787836
methylation,CpG_R1958,original,siteB,-0.0077345061837608585
methylation,CpG_R1958,original,siteC,-0.0015380820450393688
methylation,CpG_R1959,original,(Intercept),0.08273573930799784
methylation,CpG_R1959,original,age,-8.548333819339035e-05
methylation,CpG_R1959,original,sexM,-0.0031914406301568467
methylation,CpG_R1959,original,siteB,-0.004207668993373628
methylation,CpG_R1959,original,siteC,-0.006917779275245765
methylation,CpG_R1960,original,(Intercept),0.05511951811516187
methylation,CpG_R1960,original,age,-0.00027005373046010145
methylation,CpG_R1960,original,sexM,0.0017988827649657953
methylation,CpG_R1960,original,siteB,0.00014152811884199829
methylation,CpG_R1960,original,siteC,0.001517886720118564
methylation,CpG_R1961,original,(Intercept),0.3163324446314781
methylation,CpG_R1961,original,age,-9.980635181977828e-05
methylation,CpG_R1961,original,sexM,-0.00017834266795392428
methylation,CpG_R1961,original,siteB,-0.014326294095328988
methylation,CpG_R1961,original,siteC,-0.0038807925617395846
methylation,CpG_R1962,original,(Intercept),0.35204265722716976
methylation,CpG_R1962,original,age,0.00034715357999788306
methylation,CpG_R1962,original,sexM,-0.005374708776811996
methylation,CpG_R1962,original,siteB,-0.007358131701227583
methylation,CpG_R1962,original,siteC,-0.02249758810046414
methylation,CpG_R1963,original,(Intercept),0.07296582619049875
methylation,CpG_R1963,original,age,-1.2066909828374595e-06
methylation,CpG_R1963,original,sexM,-0.007635173440774323
methylation,CpG_R1963,original,siteB,0.020118666326568176
methylation,CpG_R1963,original,siteC,0.01493392807960052
methylation,CpG_R1964,original,(Intercept),0.44206116319511396
methylation,CpG_R1964,original,age,-9.064954570511755e-05
methylation,CpG_R1964,original,sexM,-0.014009600557280885
methylation,CpG_R1964,original,siteB,0.004119874671163339
methylation,CpG_R1964,original,siteC,0.0007924483016649833
methylation,CpG_R1965,original,(Intercept),0.239057033603942
methylation,CpG_R1965,original,age,0.00048487696669271977
methylation,CpG_R1965,original,sexM,-0.0010997594001007649
methylation,CpG_R1965,original,siteB,-0.01642208072335657
methylation,CpG_R1965,original,siteC,-0.004964669839253624
methylation,CpG_R1966,original,(Intercept),0.024123722056673135
methylation,CpG_R1966,original,age,0.00027742217265855194
methylation,CpG_R1966,original,sexM,0.002948758375543023
methylation,CpG_R1966,original,siteB,0.006652867594888338
methylation,CpG_R1966,original,siteC,0.01980311535582721
methylation,CpG_R1967,original,(Intercept),0.031529758287175164
methylation,CpG_R1967,original,age,0.0007201333992479022
methylation,CpG_R1967,original,sexM,-0.016215145336999737
methylation,CpG_R1967,original,siteB,0.011434702427540156
methylation,CpG_R1967,original,siteC,0.007490032636285605
methylation,CpG_R1968,original,(Intercept),0.2479925494561004
methylation,CpG_R1968,original,age,-0.0006241692498624664
methylation,CpG_R1968,original,sexM,-0.006764647724392627
methylation,CpG_R1968,original,siteB,0.007638949270085918
methylation,CpG_R1968,original,siteC,0.003557749308298456
methylation,CpG_R1969,original,(Intercept),0.16953521823761328
methylation,CpG_R1969,original,age,0.00039308413043980894
methylation,CpG_R1969,original,sexM,-0.016363749127356587
methylation,CpG_R1969,original,siteB,1.6326939767792267e-05
methylation,CpG_R1969,original,siteC,-0.0071539783244099755
methylation,CpG_R1970,original,(Intercept),0.37105827580441647
methylation,CpG_R1970,original,age,-0.0005035284791895645
methylation,CpG_R1970,original,sexM,0.006891768307627035
methylation,CpG_R1970,original,siteB,-0.01671549970307678
methylation,CpG_R1970,original,siteC,-0.016473121254326442
methylation,CpG_R1971,original,(Intercept),0.0028492604135549856
methylation,CpG_R1971,original,age,0.00045524049779906714
methylation,CpG_R1971,original,sexM,-0.0015374352819279911
methylation,CpG_R1971,original,siteB,-0.0035997567901517565
methylation,CpG_R1971,original,siteC,-0.003524134051599561
methylation,CpG_R1972,original,(Intercept),0.2639085120029413
methylation,CpG_R1972,original,age,-0.0002461528521244496
methylation,CpG_R1972,original,sexM,-0.006871251979792319
methylation,CpG_R1972,original,siteB,0.000977890096766801
methylation,CpG_R1972,original,siteC,0.008513114367254838
methylation,CpG_R1973,original,(Intercept),0.13732795637634032
methylation,CpG_R1973,original,age,6.513881089257737e-06
methylation,CpG_R1973,original,sexM,0.00242988178920163
methylation,CpG_R1973,original,siteB,0.004147287761736454
methylation,CpG_R1973,original,siteC,0.007743503899277637
methylation,CpG_R1974,original,(Intercept),0.05230961549855944
methylation,CpG_R1974,original,age,0.0001487953002354035
methylation,CpG_R1974,original,sexM,0.006759121310080852
methylation,CpG_R1974,original,siteB,0.006011452187392387
methylation,CpG_R1974,original,siteC,-0.0002166937919178686
methylation,CpG_R1975,original,(Intercept),0.11297179554776232
methylation,CpG_R1975,original,age,-0.00021030976296542255
methylation,CpG_R1975,original,sexM,0.009732398599501571
methylation,CpG_R1975,original,siteB,-0.031386143333082824
methylation,CpG_R1975,original,siteC,-0.02959958764354322
methylation,CpG_R1976,original,(Intercept),0.5898321314066575
methylation,CpG_R1976,original,age,-0.0008188537677709289
methylation,CpG_R1976,original,sexM,-0.0069438464332989185
methylation,CpG_R1976,original,siteB,-0.008965982918637044
methylation,CpG_R1976,original,siteC,-0.006216335199719357
methylation,CpG_R1977,original,(Intercept),0.20731486244689148
methylation,CpG_R1977,original,age,0.0006775656362622232
methylation,CpG_R1977,original,sexM,0.005912431145950167
methylation,CpG_R1977,original,siteB,-0.016274080480524002
methylation,CpG_R1977,original,siteC,-0.015166854054984958
methylation,CpG_R1978,original,(Intercept),0.2147115747401142
methylation,CpG_R1978,original,age,0.00019297229878401667
methylation,CpG_R1978,original,sexM,0.010805258264557274
methylation,CpG_R1978,original,siteB,0.00035743774136900536
methylation,CpG_R1978,original,siteC,-6.851810582304756e-05
methylation,CpG_R1979,original,(Intercept),0.256033463100549
methylation,CpG_R1979,original,age,0.0003107341909970951
methylation,CpG_R1979,original,sexM,-0.006964457174460602
methylation,CpG_R1979,original,siteB,-0.008929581281560336
methylation,CpG_R1979,original,siteC,0.004866156707090327
methylation,CpG_R1980,original,(Intercept),0.07807120104310934
methylation,CpG_R1980,original,age,0.00021456372214197764
methylation,CpG_R1980,original,sexM,0.001915818543488597
methylation,CpG_R1980,original,siteB,0.01355670313085965
methylation,CpG_R1980,original,siteC,-0.004623376733413639
methylation,CpG_R1981,original,(Intercept),0.27837538053468497
methylation,CpG_R1981,original,age,0.000195011497221044
methylation,CpG_R1981,original,sexM,0.0017764689361364431
methylation,CpG_R1981,original,siteB,0.0023780634277927974
methylation,CpG_R1981,original,siteC,0.0037204395738315113
methylation,CpG_R1982,original,(Intercept),0.09317456893021817
methylation,CpG_R1982,original,age,0.0014971811981687622
methylation,CpG_R1982,original,sexM,0.0029272255990199928
methylation,CpG_R1982,original,siteB,0.013542171241488488
methylation,CpG_R1982,original,siteC,-0.008820957648844666
methylation,CpG_R1983,original,(Intercept),0.15114375700233354
methylation,CpG_R1983,original,age,-0.0010871325453130516
methylation,CpG_R1983,original,sexM,0.007463272459287271
methylation,CpG_R1983,original,siteB,-0.01965774519809391
methylation,CpG_R1983,original,siteC,-0.03333743828703056
methylation,CpG_R1984,original,(Intercept),0.2787903934097564
methylation,CpG_R1984,original,age,-0.00028379623384742445
methylation,CpG_R1984,original,sexM,-0.012605554833270976
methylation,CpG_R1984,original,siteB,-0.014945230574072321
methylation,CpG_R1984,original,siteC,-0.0038075711166025046
methylation,CpG_R1985,original,(Intercept),0.1547849036412485
methylation,CpG_R1985,original,age,0.00026141577861959564
methylation,CpG_R1985,original,sexM,-0.0005620519152575651
methylation,CpG_R1985,original,siteB,0.007360445467652562
methylation,CpG_R1985,original,siteC,-0.003776231837725828
methylation,CpG_R1986,original,(Intercept),0.025684091215042486
methylation,CpG_R1986,original,age,0.000503041994680458
methylation,CpG_R1986,original,sexM,0.003078758794640944
methylation,CpG_R1986,original,siteB,0.0038466522352317
methylation,CpG_R1986,original,siteC,-0.0042830742646886
methylation,CpG_R1987,original,(Intercept),0.14543981625433522
methylation,CpG_R1987,original,age,-0.00022249026219695118
methylation,CpG_R1987,original,sexM,0.0024029967772886567
methylation,CpG_R1987,original,siteB,0.009159287348759433
methylation,CpG_R1987,original,siteC,-0.0019163000429764136
methylation,CpG_R1988,original,(Intercept),0.31374466869939677
methylation,CpG_R1988,original,age,-0.00010980933467510972
methylation,CpG_R1988,original,sexM,0.0024580450691708885
methylation,CpG_R1988,original,siteB,0.0076074284484689
methylation,CpG_R1988,original,siteC,0.0019439128661584656
methylation,CpG_R1989,original,(Intercept),0.03209717207918379
methylation,CpG_R1989,original,age,0.00016507259361765603
methylation,CpG_R1989,original,sexM,0.0128427014276214
methylation,CpG_R1989,original,siteB,0.008171021494347896
methylation,CpG_R1989,original,siteC,0.0018733352051195505
methylation,CpG_R1990,original,(Intercept),0.1031889715842765
methylation,CpG_R1990,original,age,-0.0008703165498734481
methylation,CpG_R1990,original,sexM,0.004346025596052805
methylation,CpG_R1990,original,siteB,0.011703042234311746
methylation,CpG_R1990,original,siteC,0.015635660205024108
methylation,CpG_R1991,original,(Intercept),0.16679172276504778
methylation,CpG_R1991,original,age,-0.00026142015322919295
methylation,CpG_R1991,original,sexM,0.0005472169930180004
methylation,CpG_R1991,original,siteB,0.015384878547167807
methylation,CpG_R1991,original,siteC,0.025547684687910268
methylation,CpG_R1992,original,(Intercept),0.25459048359776776
methylation,CpG_R1992,original,age,0.0002806078886162532
methylation,CpG_R1992,original,sexM,0.015205149859264864
methylation,CpG_R1992,original,siteB,-0.0021023578305174716
methylation,CpG_R1992,original,siteC,0.0006145584402000986
methylation,CpG_R1993,original,(Intercept),0.2912422440431218
methylation,CpG_R1993,original,age,-0.00034353701915775713
methylation,CpG_R1993,original,sexM,0.023051881573400893
methylation,CpG_R1993,original,siteB,-0.005143317426297052
methylation,CpG_R1993,original,siteC,-0.01809825953863544
methylation,CpG_R1994,original,(Intercept),0.32205886194628175
methylation,CpG_R1994,original,age,-0.0001726742761911762
methylation,CpG_R1994,original,sexM,0.005677146640743989
methylation,CpG_R1994,original,siteB,0.005275375764687681
methylation,CpG_R1994,original,siteC,0.004426159798746999
methylation,CpG_R1995,original,(Intercept),0.3867521040513027
methylation,CpG_R1995,original,age,-0.0008694591672845595
methylation,CpG_R1995,original,sexM,0.0007952162791848564
methylation,CpG_R1995,original,siteB,0.00789363065201178
methylation,CpG_R1995,original,siteC,0.005530853654905511
methylation,CpG_R1996,original,(Intercept),0.03314984999128426
methylation,CpG_R1996,original,age,-2.5010276239378546e-05
methylation,CpG_R1996,original,sexM,0.00638443889405951
methylation,CpG_R1996,original,siteB,-0.00018098622502617185
methylation,CpG_R1996,original,siteC,-0.007377216145512706
methylation,CpG_R1997,original,(Intercept),0.10512381644140514
methylation,CpG_R1997,original,age,-0.0003502194271095713
methylation,CpG_R1997,original,sexM,0.005922863365227736
methylation,CpG_R1997,original,siteB,-0.023160248813257425
methylation,CpG_R1997,original,siteC,-0.005980656806259601
methylation,CpG_R1998,original,(Intercept),0.13994602103514756
methylation,CpG_R1998,original,age,0.00041525183098718087
methylation,CpG_R1998,original,sexM,0.004886156440935979
methylation,CpG_R1998,original,siteB,0.011228196577863746
methylation,CpG_R1998,original,siteC,0.0035574955710481913
methylation,CpG_R1999,original,(Intercept),0.07300663217386737
methylation,CpG_R1999,original,age,0.00030576830016824225
methylation,CpG_R1999,original,sexM,-0.003741576983499543
methylation,CpG_R1999,original,siteB,0.019972774901756613
methylation,CpG_R1999,original,siteC,0.010813807579437755
methylation,CpG_R2000,original,(Intercept),0.22561009949348604
methylation,CpG_R2000,original,age,-2.8120751190330058e-05
methylation,CpG_R2000,original,sexM,-0.001514395147625374
methylation,CpG_R2000,original,siteB,0.009030803125589465
methylation,CpG_R2000,original,siteC,0.01238960733106885
protein,CEA,log2,(Intercept),3.0455172473622576
protein,CEA,log2,age,-0.0001716244211072384
protein,CEA,log2,sexM,0.024741561865577244
protein,CEA,log2,siteB,-0.15644256542661772
protein,CEA,log2,plate_idPLT02,0.24822875894366137
protein,CEA,log2,plate_idPLT03,0.07056017372274856
protein,CA125,log2,(Intercept),4.875765324304679
protein,CA125,log2,age,-0.0002328868534652122
protein,CA125,log2,sexM,-0.09289027188808438
protein,CA125,log2,siteB,-0.11900586737302915
protein,CA125,log2,plate_idPLT02,0.11811251494028809
protein,CA125,log2,plate_idPLT03,-0.021205527645700398
protein,CYFRA21_1,log2,(Intercept),3.514914019605229
protein,CYFRA21_1,log2,age,0.0003653724887726995
protein,CYFRA21_1,log2,sexM,0.09636483601805976
protein,CYFRA21_1,log2,siteB,0.12429794335526466
protein,CYFRA21_1,log2,plate_idPLT02,-0.012087072482732034
protein,CYFRA21_1,log2,plate_idPLT03,0.038327675312842646
protein,HE4,log2,(Intercept),2.4444879642939132
protein,HE4,log2,age,-0.007165368141607897
protein,HE4,log2,sexM,-0.23503740417540372
protein,HE4,log2,siteB,-0.11718976457416784
protein,HE4,log2,plate_idPLT02,0.227450437085538
protein,HE4,log2,plate_idPLT03,-0.16102531590747637
protein,PRL,log2,(Intercept),5.029638639124411
protein,PRL,log2,age,0.0015059166434571657
protein,PRL,log2,sexM,-0.095514682015479
protein,PRL,log2,siteB,-0.0863948951109553
protein,PRL,log2,plate_idPLT02,-0.06681094631142169
protein,PRL,log2,plate_idPLT03,-0.08051532576830309
protein,OPN,log2,(Intercept),1.9155522291247815
protein,OPN,log2,age,0.0016361897353381516
protein,OPN,log2,sexM,-0.004052855450107369
protein,OPN,log2,siteB,-0.0043878727529776665
protein,OPN,log2,plate_idPLT02,-0.07578187796985618
protein,OPN,log2,plate_idPLT03,-0.06136306458688634
protein,MPO,log2,(Intercept),3.1944821558516208
protein,MPO,log2,age,-0.003018210562652353
protein,MPO,log2,sexM,0.04954367303541053
protein,MPO,log2,siteB,0.2545206053226499
protein,MPO,log2,plate_idPLT02,-0.17414686852340297
protein,MPO,log2,plate_idPLT03,-0.3864121034594264
protein,TIMP1,log2,(Intercept),3.2274899207745817
protein,TIMP1,log2,age,-0.004106265038697694
protein,TIMP1,log2,sexM,-0.10966591568723867
protein,TIMP1,log2,siteB,-0.2753505220724606
protein,TIMP1,log2,plate_idPLT02,0.30528664887105544
protein,TIMP1,log2,plate_idPLT03,0.31475892873900363
protein,IL6,log2,(Intercept),1.8220376532561806
protein,IL6,log2,age,0.051288181193885424
protein,IL6,log2,sexM,-0.14356588408881976
protein,IL6,log2,siteB,-0.022231814811476687
protein,IL6,log2,plate_idPLT02,0.11630739715171749
protein,IL6,log2,plate_idPLT03,-0.0358142547822233
protein,IL8,log2,(Intercept),3.8965640499080747
protein,IL8,log2,age,-0.0024363410550489275
protein,IL8,log2,sexM,-0.21066330193766375
protein,IL8,log2,siteB,0.23473747445407747
protein,IL8,log2,plate_idPLT02,1.8338365320093075
protein,IL8,log2,plate_idPLT03,-0.1002261597341388
protein,TNFA,log2,(Intercept),2.1856907026569727
protein,TNFA,log2,age,0.0020600168760069194
protein,TNFA,log2,sexM,-0.13330079070949308
protein,TNFA,log2,siteB,-0.028627709511163443
protein,TNFA,log2,plate_idPLT02,1.4854438873080524
protein,TNFA,log2,plate_idPLT03,-0.9051022166600753
protein,CRP,log2,(Intercept),0.6333755360335223
protein,CRP,log2,age,0.05794514003757989
protein,CRP,log2,sexM,-0.2599298210395324
protein,CRP,log2,siteB,0.002501270138136165
protein,CRP,log2,plate_idPLT02,-0.09564791710359191
protein,CRP,log2,plate_idPLT03,0.08818519697062517
protein,SAA1,log2,(Intercept),2.1963905442995086
protein,SAA1,log2,age,0.05133140986564705
protein,SAA1,log2,sexM,0.08150591714579197
protein,SAA1,log2,siteB,-0.32849578201554264
protein,SAA1,log2,plate_idPLT02,0.21954739246893049
protein,SAA1,log2,plate_idPLT03,0.07102390728406638
protein,HGF,log2,(Intercept),2.0058381738659734
protein,HGF,log2,age,0.009215808080081217
protein,HGF,log2,sexM,-0.07634709581309919
protein,HGF,log2,siteB,0.2586243799334599
protein,HGF,log2,plate_idPLT02,-0.08498623330540156
protein,HGF,log2,plate_idPLT03,-0.1153236440438344
protein,MIF,log2,(Intercept),1.665291334019397
protein,MIF,log2,age,0.006850225536624311
protein,MIF,log2,sexM,-0.10859155716281481
protein,MIF,log2,siteB,-0.18264822753641352
protein,MIF,log2,plate_idPLT02,0.39526939412705325
protein,MIF,log2,plate_idPLT03,0.3057516087147822
protein,GDF15,log2,(Intercept),4.67042178691331
protein,GDF15,log2,age,0.0015161581772900122
protein,GDF15,log2,sexM,0.0942254615956173
protein,GDF15,log2,siteB,-0.03207647858680176
protein,GDF15,log2,plate_idPLT02,-0.00024899203687589293
protein,GDF15,log2,plate_idPLT03,-0.1722566667346114
protein,FGF2,log2,(Intercept),3.9205488886888205
protein,FGF2,log2,age,-0.001634016850597182
protein,FGF2,log2,sexM,0.023851900593370504
protein,FGF2,log2,siteB,0.20681815680705604
protein,FGF2,log2,plate_idPLT02,-0.2512963882513188
protein,FGF2,log2,plate_idPLT03,-0.4475103327537112
protein,VEGFA,log2,(Intercept),2.8731360210844463
protein,VEGFA,log2,age,0.0013051455818141227
protein,VEGFA,log2,sexM,0.09033132390539807
protein,VEGFA,log2,siteB,0.20543137707400808
protein,VEGFA,log2,plate_idPLT02,-0.06607358242133253
protein,VEGFA,log2,plate_idPLT03,-0.12956101549500568
protein,ANGPT2,log2,(Intercept),4.323893976378315
protein,ANGPT2,log2,age,0.005523811635998545
protein,ANGPT2,log2,sexM,0.016422541800013905
protein,ANGPT2,log2,siteB,0.3294483456958166
protein,ANGPT2,log2,plate_idPLT02,-0.4390134732311671
protein,ANGPT2,log2,plate_idPLT03,-0.3873727092403997
protein,MMP9,log2,(Intercept),4.3018714703722045
protein,MMP9,log2,age,-0.0005161789852040112
protein,MMP9,log2,sexM,0.04541324384185985
protein,MMP9,log2,siteB,0.128133408107172
protein,MMP9,log2,plate_idPLT02,-0.10622125488428186
protein,MMP9,log2,plate_idPLT03,0.036553400992846305
protein,MMP2,log2,(Intercept),1.7144927764040183
protein,MMP2,log2,age,0.0029352849755999335
protein,MMP2,log2,sexM,0.058741627111353896
protein,MMP2,log2,siteB,0.04854542424360699
protein,MMP2,log2,plate_idPLT02,0.2715968965454033
protein,MMP2,log2,plate_idPLT03,0.3900127238270771
protein,FN1,log2,(Intercept),2.100573765433655
protein,FN1,log2,age,0.004090355306065813
protein,FN1,log2,sexM,-0.0002174296046435641
protein,FN1,log2,siteB,0.18152652561081764
protein,FN1,log2,plate_idPLT02,-0.15591659285377346
protein,FN1,log2,plate_idPLT03,-0.22006072457216905
protein,SPARC,log2,(Intercept),2.98453322807722
protein,SPARC,log2,age,-0.004666455166733193
protein,SPARC,log2,sexM,0.031219037552438274
protein,SPARC,log2,siteB,0.08181429187371134
protein,SPARC,log2,plate_idPLT02,0.2283718867557744
protein,SPARC,log2,plate_idPLT03,0.04052593432021356
protein,THBS1,log2,(Intercept),4.96983676980373
protein,THBS1,log2,age,-0.0024860692869023903
protein,THBS1,log2,sexM,-0.08233473292609492
protein,THBS1,log2,siteB,0.17278296052454506
protein,THBS1,log2,plate_idPLT02,0.019362491891856622
protein,THBS1,log2,plate_idPLT03,-0.14130941910280906
protein,TGFB1,log2,(Intercept),1.7978661265020643
protein,TGFB1,log2,age,0.0027273794121876103
protein,TGFB1,log2,sexM,-0.01529378211088814
protein,TGFB1,log2,siteB,-0.1010652715503403
protein,TGFB1,log2,plate_idPLT02,0.26369347039828267
protein,TGFB1,log2,plate_idPLT03,0.05353635592730036
protein,LGALS3,log2,(Intercept),4.167423444887094
protein,LGALS3,log2,age,0.0013140731544427596
protein,LGALS3,log2,sexM,-0.0826196571774604
protein,LGALS3,log2,siteB,0.0698384559827633
protein,LGALS3,log2,plate_idPLT02,-0.03681183360897744
protein,LGALS3,log2,plate_idPLT03,0.04229592295975895
protein,CHI3L1,log2,(Intercept),5.728748420149835
protein,CHI3L1,log2,age,-0.0038711684841193535
protein,CHI3L1,log2,sexM,-0.01816749122198643
protein,CHI3L1,log2,siteB,0.3251422963487768
protein,CHI3L1,log2,plate_idPLT02,-0.3655168717410448
protein,CHI3L1,log2,plate_idPLT03,-0.4072995234746652
protein,FAS,log2,(Intercept),2.480227131820166
protein,FAS,log2,age,-0.004991309081841442
protein,FAS,log2,sexM,0.44199757097971
protein,FAS,log2,siteB,0.4167633009906987
protein,FAS,log2,plate_idPLT02,-0.2987162258073045
protein,FAS,log2,plate_idPLT03,-0.38657617910449354
protein,FASLG,log2,(Intercept),2.201948779002478
protein,FASLG,log2,age,0.0035265392054533566
protein,FASLG,log2,sexM,-0.14254696072765924
protein,FASLG,log2,siteB,0.05559908886633751
protein,FASLG,log2,plate_idPLT02,0.10196244372461151
protein,FASLG,log2,plate_idPLT03,-0.06284227987160267
protein,SELE,log2,(Intercept),3.171257875050041
protein,SELE,log2,age,0.004441811546412828
protein,SELE,log2,sexM,0.010687971523367529
protein,SELE,log2,siteB,0.058542130008696604
protein,SELE,log2,plate_idPLT02,-0.08114605506473875
protein,SELE,log2,plate_idPLT03,-0.17756138695108867
protein,SELP,log2,(Intercept),5.133978943959869
protein,SELP,log2,age,0.004900400654132431
protein,SELP,log2,sexM,-0.0263486627518525
protein,SELP,log2,siteB,0.30021033455413054
protein,SELP,log2,plate_idPLT02,-0.29337225523567
protein,SELP,log2,plate_idPLT03,-0.38416616954948396
protein,ICAM1,log2,(Intercept),5.104854747156773
protein,ICAM1,log2,age,0.002162949385552941
protein,ICAM1,log2,sexM,-0.15303555937468213
protein,ICAM1,log2,siteB,-0.05529443450621156
protein,ICAM1,log2,plate_idPLT02,0.3041850697464067
protein,ICAM1,log2,plate_idPLT03,-0.02934468173499879
protein,VCAM1,log2,(Intercept),4.756023272176679
protein,VCAM1,log2,age,-0.009112740533223114
protein,VCAM1,log2,sexM,0.08550002524909303
protein,VCAM1,log2,siteB,-0.08914153228712128
protein,VCAM1,log2,plate_idPLT02,0.43064393289666575
protein,VCAM1,log2,plate_idPLT03,0.28194034422435826
protein,CXCL10,log2,(Intercept),3.6591330911500917
protein,CXCL10,log2,age,0.0017617142540052788
protein,CXCL10,log2,sexM,0.06746077999403054
protein,CXCL10,log2,siteB,-0.20335864952372737
protein,CXCL10,log2,plate_idPLT02,0.43749941094896205
protein,CXCL10,log2,plate_idPLT03,0.29708382976407255
protein,CCL2,log2,(Intercept),5.668093517925516
protein,CCL2,log2,age,0.0014785686227519607
protein,CCL2,log2,sexM,0.051177021057924474
protein,CCL2,log2,siteB,0.3293141501738476
protein,CCL2,log2,plate_idPLT02,-0.4337695856560193
protein,CCL2,log2,plate_idPLT03,-0.5182080872947127
protein,LEP,log2,(Intercept),5.586344433088322
protein,LEP,log2,age,-0.004562071608979436
protein,LEP,log2,sexM,-0.015336808754493603
protein,LEP,log2,siteB,0.005036262764316193
protein,LEP,log2,plate_idPLT02,0.08788391926998818
protein,LEP,log2,plate_idPLT03,-0.08288177113794512
protein,ADIPOQ,log2,(Intercept),3.4471461095116056
protein,ADIPOQ,log2,age,0.00563248450117876
protein,ADIPOQ,log2,sexM,-0.04178308636598895
protein,ADIPOQ,log2,siteB,-0.32675490480123165
protein,ADIPOQ,log2,plate_idPLT02,0.4012164885103637
protein,ADIPOQ,log2,plate_idPLT03,0.5141012898136739
