region_id,chrom,start,end,nearest_gene,gc_content,repeat_overlap,eligible
CpG_R0001,chr1,135788463,135788636,GENE2722,0.73,False,False
CpG_R0002,chr2,42967585,42967778,GENE0747,0.263,False,False
CpG_R0003,chr4,18605951,18606105,GENE2497,0.347,False,False
CpG_R0004,chr21,13291018,13291188,GENE2769,0.679,False,False
CpG_R0005,chr3,142082690,142082917,GENE2519,0.69,False,False
CpG_R0006,chr17,24459786,24459987,GENE3659,0.554,False,True
CpG_R0007,chr9,8492281,8492548,GENE2675,0.461,False,True
CpG_R0008,chr15,20033431,20033777,GENE2473,0.608,False,False
CpG_R0009,chr18,12045982,12046330,GENE1052,0.57,False,True
CpG_R0010,chr4,110627810,110628011,GENE3784,0.705,False,False
CpG_R0011,chr13,7289514,7289809,GENE3459,0.418,False,True
CpG_R0012,chr19,8357066,8357375,GENE3245,0.469,False,True
CpG_R0013,chr13,52776516,52776852,GENE2567,0.474,False,True
CpG_R0014,chr15,43065525,43065767,GENE0308,0.416,False,True
CpG_R0015,chr20,18578678,18578913,GENE2859,0.82,False,False
CpG_R0016,chr16,19560498,19560682,GENE2166,0.791,False,False
CpG_R0017,chr11,74576035,74576382,GENE0687,0.548,False,True
CpG_R0018,chr5,135940690,135941075,GENE1441,0.631,False,False
CpG_R0019,chr11,11150851,11151041,GENE2270,0.675,False,False
CpG_R0020,chr4,129690686,129690847,GENE1843,0.377,True,False
CpG_R0021,chr10,1516115,1516422,GENE3939,0.285,False,False
CpG_R0022,chr9,32396840,32397105,GENE3915,0.555,False,True
CpG_R0023,chr7,65316853,65317003,GENE1996,0.48,False,True
CpG_R0024,chr17,22908730,22909069,GENE3028,0.581,True,False
CpG_R0025,chr8,111078131,111078429,GENE3396,0.576,True,False
CpG_R0026,chr9,172549,172734,GENE1531,0.711,False,False
CpG_R0027,chr18,51377160,51377521,GENE3635,0.473,False,True
CpG_R0028,chr14,42425150,42425371,GENE2663,0.542,True,False
CpG_R0029,chr8,78693643,78693871,GENE2777,0.598,False,True
CpG_R0030,chr16,30535344,30535632,GENE0193,0.303,False,False
CpG_R0031,chr12,96084949,96085136,GENE0101,0.47,False,True
CpG_R0032,chr19,46963667,46963877,GENE0217,0.598,False,True
CpG_R0033,chr4,88692886,88693206,GENE0959,0.32,False,False
CpG_R0034,chr15,94500155,94500419,GENE3605,0.526,False,True
CpG_R0035,chr10,29775184,29775367,GENE2610,0.415,False,True
CpG_R0036,chr17,78933089,78933299,GENE1021,0.655,False,False
CpG_R0037,chr15,36273639,36274019,GENE1253,0.689,False,False
CpG_R0038,chr11,32824350,32824697,GENE3263,0.604,False,False
CpG_R0039,chr20,51568374,51568687,GENE2153,0.701,False,False
CpG_R0040,chr13,39349039,39349312,GENE3815,0.518,False,True
CpG_R0041,chr6,71725036,71725293,GENE1908,0.592,False,True
CpG_R0042,chr2,5342571,5342970,GENE3195,0.684,False,False
CpG_R0043,chr14,67019041,67019321,GENE3260,0.272,False,False
CpG_R0044,chr8,72438045,72438327,GENE1029,0.403,False,True
CpG_R0045,chr6,38097938,38098088,GENE2401,0.62,False,False
CpG_R0046,chr1,93482377,93482573,GENE1695,0.446,False,True
CpG_R0047,chr19,27464647,27464870,GENE1994,0.624,False,False
CpG_R0048,chr12,47478781,47478935,GENE0930,0.679,False,False
CpG_R0049,chr8,48063533,48063790,GENE1022,0.377,False,False
CpG_R0050,chr12,132131479,132131761,GENE1067,0.507,False,True
CpG_R0051,chr18,69275060,69275299,GENE3948,0.699,False,False
CpG_R0052,chr12,9389323,9389520,GENE0560,0.482,False,True
CpG_R0053,chr8,40164347,40164721,GENE2878,0.392,False,False
CpG_R0054,chr4,129734904,129735226,GENE1453,0.405,False,True
CpG_R0055,chr8,74369554,74369782,GENE0830,0.401,False,True
CpG_R0056,chr11,52048476,52048647,GENE1447,0.712,False,False
CpG_R0057,chr1,96574563,96574858,GENE0920,0.524,False,True
CpG_R0058,chr9,107906768,107907021,GENE0610,0.377,False,False
CpG_R0059,chrX,130635341,130635700,GENE3007,0.468,True,False
CpG_R0060,chr3,90193433,90193740,GENE3896,0.607,False,False
CpG_R0061,chr11,739425,739650,GENE3232,0.484,False,True
CpG_R0062,chr8,105162824,105162980,GENE2638,0.561,False,True
CpG_R0063,chr11,10994969,10995139,GENE0199,0.433,False,True
CpG_R0064,chr20,15825277,15825582,GENE1569,0.541,False,True
CpG_R0065,chr19,24732795,24733040,GENE1958,0.376,False,False
CpG_R0066,chr22,22170303,22170519,GENE2868,0.45,False,True
CpG_R0067,chr4,64763967,64764144,GENE2392,0.516,False,True
CpG_R0068,chr22,26515490,26515725,GENE2786,0.667,False,False
CpG_R0069,chr1,78379207,78379439,GENE0659,0.754,False,False
CpG_R0070,chr22,29077088,29077292,GENE1545,0.456,False,True
CpG_R0071,chr1,85143338,85143499,GENE2466,0.494,False,True
CpG_R0072,chr3,48273155,48273320,GENE1020,0.623,False,False
CpG_R0073,chr17,20631424,20631624,GENE2208,0.545,False,True
CpG_R0074,chr9,59904442,59904682,GENE2260,0.502,False,True
CpG_R0075,chrX,149250856,149251031,GENE3097,0.449,False,True
CpG_R0076,chr8,71963732,71963978,GENE0206,0.808,False,False
CpG_R0077,chr6,131459644,131459993,GENE1179,0.283,False,False
CpG_R0078,chr19,24331587,24331776,GENE2764,0.38,False,False
CpG_R0079,chr20,30497721,30498019,GENE1534,0.81,False,False
CpG_R0080,chr20,41097034,41097254,GENE3617,0.65,False,False
CpG_R0081,chr12,1041087,1041242,GENE3896,0.394,False,False
CpG_R0082,chr22,5812733,5813111,GENE3077,0.739,False,False
CpG_R0083,chr6,12741455,12741802,GENE1668,0.325,True,False
CpG_R0084,chr6,76158343,76158563,GENE0768,0.375,False,False
CpG_R0085,chrX,44605137,44605431,GENE3202,0.518,False,True
CpG_R0086,chr4,34311440,34311751,GENE2339,0.709,False,False
CpG_R0087,chr8,131517776,131517938,GENE2463,0.446,False,True
CpG_R0088,chr3,43073176,43073519,GENE2653,0.799,False,False
CpG_R0089,chr1,34865741,34865935,GENE1450,0.683,False,False
CpG_R0090,chr5,92813643,92813909,GENE2863,0.703,False,False
CpG_R0091,chr5,54093133,54093352,GENE0322,0.709,False,False
CpG_R0092,chr22,31705347,31705613,GENE3535,0.633,True,False
CpG_R0093,chr14,86482632,86482995,GENE0425,0.695,False,False
CpG_R0094,chr19,7304738,7305036,GENE0598,0.346,False,False
CpG_R0095,chr20,14991593,14991990,GENE0444,0.581,False,True
CpG_R0096,chr20,40869784,40870178,GENE2495,0.793,False,False
CpG_R0097,chr20,32076904,32077227,GENE2543,0.446,True,False
CpG_R0098,chr15,462215,462500,GENE2976,0.789,False,False
CpG_R0099,chr8,56110263,56110437,GENE3074,0.43,False,True
CpG_R0100,chr15,43010727,43010929,GENE0841,0.756,False,False
CpG_R0101,chr13,111577260,111577466,GENE3596,0.751,False,False
CpG_R0102,chrX,145177079,145177472,GENE3862,0.396,False,False
CpG_R0103,chrX,35878118,35878435,GENE2549,0.59,False,True
CpG_R0104,chr17,78215789,78216146,GENE0040,0.482,False,True
CpG_R0105,chr8,130386835,130387207,GENE0563,0.556,False,True
CpG_R0106,chr18,1973818,1974023,GENE1074,0.38,False,False
CpG_R0107,chrX,146265487,146265677,GENE1326,0.583,False,True
CpG_R0108,chr11,69019505,69019748,GENE1725,0.68,True,False
CpG_R0109,chr18,30852057,30852346,GENE0705,0.787,False,False
CpG_R0110,chr13,39899316,39899612,GENE2003,0.3,False,False
CpG_R0111,chr9,53002564,53002918,GENE3311,0.782,False,False
CpG_R0112,chr4,18873366,18873562,GENE3409,0.621,False,False
CpG_R0113,chr15,29197800,29198047,GENE2129,0.662,False,False
CpG_R0114,chr12,117721605,117721791,GENE3317,0.576,False,True
CpG_R0115,chr21,3306251,3306545,GENE1571,0.394,False,False
CpG_R0116,chr8,144084319,144084564,GENE2392,0.452,False,True
CpG_R0117,chr14,25669778,25670051,GENE3593,0.614,False,False
CpG_R0118,chr20,10011425,10011652,GENE1149,0.535,False,True
CpG_R0119,chr8,115084387,115084600,GENE3853,0.703,False,False
CpG_R0120,chr22,8630808,8630973,GENE0964,0.533,False,True
CpG_R0121,chr10,81864537,81864929,GENE0010,0.653,False,False
CpG_R0122,chr4,14806637,14806906,GENE0132,0.586,False,True
CpG_R0123,chr3,88523022,88523373,GENE3566,0.658,False,False
CpG_R0124,chr19,45811866,45812138,GENE2599,0.769,False,False
CpG_R0125,chrX,42370785,42370985,GENE0309,0.576,False,True
CpG_R0126,chr9,51598855,51599209,GENE1505,0.262,False,False
CpG_R0127,chr14,93478567,93478929,GENE3162,0.567,False,True
CpG_R0128,chr10,51897165,51897356,GENE0498,0.129,False,False
CpG_R0129,chr11,105631942,105632233,GENE2740,0.564,False,True
CpG_R0130,chr11,41556702,41556916,GENE0666,0.809,False,False
CpG_R0131,chrX,66791912,66792153,GENE3601,0.519,False,True
CpG_R0132,chr3,70421778,70421966,GENE0986,0.71,False,False
CpG_R0133,chr3,125036804,125037101,GENE3044,0.462,False,True
CpG_R0134,chr6,126713121,126713447,GENE3258,0.477,False,True
CpG_R0135,chr8,11582989,11583270,GENE3799,0.758,False,False
CpG_R0136,chr18,1029766,1030011,GENE2071,0.685,False,False
CpG_R0137,chr15,7597347,7597743,GENE1113,0.684,True,False
CpG_R0138,chr7,55204201,55204597,GENE3708,0.531,False,True
CpG_R0139,chr20,61590363,61590729,GENE3528,0.698,False,False
CpG_R0140,chr2,59977595,59977877,GENE2241,0.612,False,False
CpG_R0141,chr14,9303407,9303643,GENE3449,0.56,False,True
CpG_R0142,chr11,84644050,84644226,GENE3317,0.891,False,False
CpG_R0143,chr4,10034418,10034649,GENE1493,0.643,False,False
CpG_R0144,chr19,43179764,43180076,GENE1470,0.667,False,False
CpG_R0145,chr4,104443636,104443803,GENE0235,0.62,False,False
CpG_R0146,chr6,120439069,120439433,GENE0973,0.452,False,True
CpG_R0147,chr13,27527025,27527404,GENE2973,0.689,False,False
CpG_R0148,chr4,98636137,98636527,GENE1207,0.328,False,False
CpG_R0149,chr2,7327448,7327740,GENE0916,0.518,False,True
CpG_R0150,chr20,49631147,49631364,GENE1733,0.532,False,True
CpG_R0151,chr13,95525072,95525277,GENE1105,0.325,False,False
CpG_R0152,chr4,97189714,97189982,GENE2468,0.497,False,True
CpG_R0153,chrX,53492471,53492764,GENE2376,0.474,False,True
CpG_R0154,chr9,35202109,35202301,GENE1694,0.505,False,True
CpG_R0155,chr19,43237852,43238073,GENE0804,0.705,False,False
CpG_R0156,chr11,72579152,72579398,GENE1424,0.425,False,True
CpG_R0157,chr10,114734013,114734234,GENE1959,0.495,False,True
CpG_R0158,chr12,6075070,6075262,GENE3640,0.627,False,False
CpG_R0159,chr3,95614309,95614603,GENE0068,0.589,False,True
CpG_R0160,chrX,64751594,64751947,GENE0440,0.673,False,False
CpG_R0161,chr16,52471204,52471588,GENE2962,0.719,True,False
CpG_R0162,chr20,47868131,47868293,GENE1859,0.56,False,True
CpG_R0163,chr6,133153490,133153718,GENE2891,0.337,False,False
CpG_R0164,chr3,14610606,14610834,GENE0980,0.867,False,False
CpG_R0165,chr5,55119627,55119987,GENE1203,0.327,False,False
CpG_R0166,chr21,17884051,17884390,GENE3735,0.347,True,False
CpG_R0167,chr16,59778219,59778495,GENE3111,0.544,False,True
CpG_R0168,chr2,10136053,10136347,GENE2232,0.486,False,True
CpG_R0169,chr4,132051630,132051837,GENE0159,0.415,False,True
CpG_R0170,chrX,118988190,118988535,GENE1716,0.552,False,True
CpG_R0171,chr12,62370333,62370503,GENE2249,0.434,False,True
CpG_R0172,chr12,9424207,9424493,GENE2060,0.5,False,True
CpG_R0173,chr5,31186324,31186683,GENE0579,0.352,False,False
CpG_R0174,chr20,42169739,42170128,GENE1722,0.546,True,False
CpG_R0175,chr14,6739788,6739995,GENE2615,0.291,False,False
CpG_R0176,chr19,1561424,1561757,GENE2235,0.436,False,True
CpG_R0177,chr2,103545041,103545357,GENE0114,0.434,False,True
CpG_R0178,chr3,854848,855108,GENE1564,0.605,False,False
CpG_R0179,chr22,42698571,42698822,GENE3311,0.354,False,False
CpG_R0180,chr3,23351031,23351395,GENE2349,0.331,False,False
CpG_R0181,chr18,63323594,63323804,GENE3957,0.477,False,True
CpG_R0182,chr19,13340509,13340707,GENE0748,0.482,False,True
CpG_R0183,chr8,47340428,47340716,GENE0659,0.525,False,True
CpG_R0184,chrX,99355508,99355678,GENE2356,0.635,False,False
CpG_R0185,chr7,68585772,68586147,GENE1072,0.733,False,False
CpG_R0186,chr6,115920832,115921033,GENE2698,0.648,False,False
CpG_R0187,chr6,147011657,147012017,GENE2581,0.325,False,False
CpG_R0188,chr2,70160637,70161022,GENE1473,0.36,False,False
CpG_R0189,chr16,68559426,68559671,GENE0318,0.503,False,True
CpG_R0190,chr7,58571944,58572206,GENE3766,0.823,False,False
CpG_R0191,chr16,25072016,25072278,GENE0655,0.502,False,True
CpG_R0192,chr1,64551524,64551730,GENE2778,0.388,False,False
CpG_R0193,chr9,1987071,1987287,GENE0796,0.524,True,False
CpG_R0194,chr3,96743067,96743283,GENE3652,0.684,False,False
CpG_R0195,chr20,36676080,36676367,GENE0768,0.608,False,False
CpG_R0196,chr4,140655508,140655808,GENE1543,0.431,False,True
CpG_R0197,chr1,5841054,5841255,GENE0553,0.421,False,True
CpG_R0198,chr4,14567540,14567758,GENE1832,0.546,True,False
CpG_R0199,chr6,120338663,120338867,GENE0857,0.548,False,True
CpG_R0200,chr9,44412834,44413148,GENE0212,0.65,False,False
CpG_R0201,chr21,20867969,20868184,GENE1745,0.628,False,False
CpG_R0202,chr4,147731769,147732068,GENE1925,0.792,False,False
CpG_R0203,chr20,11288657,11289018,GENE0556,0.653,False,False
CpG_R0204,chr22,29373416,29373800,GENE3331,0.319,False,False
CpG_R0205,chr12,62460270,62460513,GENE0071,0.471,False,True
CpG_R0206,chr14,11541300,11541526,GENE2478,0.247,False,False
CpG_R0207,chr8,74087024,74087184,GENE2267,0.355,False,False
CpG_R0208,chr14,69574204,69574588,GENE0452,0.293,False,False
CpG_R0209,chr22,22717969,22718195,GENE0473,0.614,False,False
CpG_R0210,chr8,48145021,48145347,GENE0533,0.512,False,True
CpG_R0211,chr1,85896273,85896610,GENE2311,0.482,False,True
CpG_R0212,chr1,3019626,3019963,GENE0905,0.64,False,False
CpG_R0213,chr11,133821016,133821195,GENE2000,0.425,False,True
CpG_R0214,chr5,111875636,111875883,GENE1381,0.306,False,False
CpG_R0215,chr19,53630615,53630808,GENE0625,0.431,False,True
CpG_R0216,chrX,116232472,116232816,GENE2568,0.459,False,True
CpG_R0217,chr7,123589530,123589929,GENE3792,0.586,False,True
CpG_R0218,chr9,43722122,43722335,GENE1091,0.741,False,False
CpG_R0219,chr11,129680313,129680676,GENE0175,0.402,False,True
CpG_R0220,chr11,48595656,48595940,GENE0373,0.793,False,False
CpG_R0221,chr6,87372278,87372545,GENE0842,0.705,False,False
CpG_R0222,chr11,77549974,77550144,GENE0483,0.25,False,False
CpG_R0223,chr20,46227878,46228138,GENE3854,0.596,False,True
CpG_R0224,chr17,31507302,31507628,GENE0071,0.632,False,False
CpG_R0225,chr15,72966161,72966434,GENE2118,0.439,False,True
CpG_R0226,chr1,103873322,103873566,GENE2706,0.367,False,False
CpG_R0227,chr3,79551822,79552175,GENE0960,0.663,False,False
CpG_R0228,chr19,22846132,22846329,GENE2584,0.438,False,True
CpG_R0229,chr18,64045477,64045872,GENE3250,0.5,True,False
CpG_R0230,chr13,81135393,81135702,GENE0056,0.521,False,True
CpG_R0231,chr20,19514665,19514849,GENE2937,0.328,True,False
CpG_R0232,chr12,10926201,10926450,GENE1070,0.491,False,True
CpG_R0233,chr3,26382086,26382396,GENE2198,0.427,False,True
CpG_R0234,chrX,58782628,58782825,GENE1610,0.425,False,True
CpG_R0235,chr15,53290935,53291307,GENE1052,0.714,False,False
CpG_R0236,chr22,29024247,29024507,GENE3214,0.544,False,True
CpG_R0237,chr22,49206658,49207020,GENE3744,0.752,False,False
CpG_R0238,chr6,60742590,60742905,GENE3116,0.693,False,False
CpG_R0239,chr4,140289956,140290178,GENE0080,0.552,False,True
CpG_R0240,chr20,31969548,31969947,GENE2585,0.671,False,False
CpG_R0241,chr14,74164529,74164837,GENE0809,0.672,False,False
CpG_R0242,chr2,56608433,56608685,GENE1543,0.463,False,True
CpG_R0243,chr12,13574109,13574298,GENE0580,0.702,False,False
CpG_R0244,chr15,9292637,9293007,GENE0855,0.668,False,False
CpG_R0245,chr18,61574834,61575199,GENE2804,0.694,False,False
CpG_R0246,chr20,2748102,2748396,GENE0511,0.5,False,True
CpG_R0247,chr7,117698823,117699003,GENE2463,0.613,False,False
CpG_R0248,chr4,116638378,116638674,GENE0434,0.502,False,True
CpG_R0249,chr9,15169596,15169748,GENE2886,0.71,False,False
CpG_R0250,chr6,1629376,1629548,GENE1537,0.739,True,False
CpG_R0251,chr15,3157490,3157855,GENE3163,0.619,False,False
CpG_R0252,chr14,373130,373299,GENE2483,0.66,False,False
CpG_R0253,chr14,54497183,54497513,GENE3621,0.522,False,True
CpG_R0254,chr15,34733618,34733962,GENE1356,0.743,False,False
CpG_R0255,chrX,92088777,92089085,GENE1680,0.459,True,False
CpG_R0256,chr21,15471755,15471938,GENE2871,0.531,False,True
CpG_R0257,chr17,58974626,58974855,GENE0538,0.666,False,False
CpG_R0258,chr11,33238147,33238442,GENE0053,0.499,False,True
CpG_R0259,chr20,2824139,2824383,GENE1742,0.516,True,False
CpG_R0260,chr16,45801725,45802062,GENE2552,0.708,False,False
CpG_R0261,chr9,38249610,38249994,GENE1769,0.689,False,False
CpG_R0262,chr2,83280772,83281098,GENE0260,0.555,False,True
CpG_R0263,chr2,24108313,24108479,GENE1848,0.476,True,False
CpG_R0264,chr1,94209566,94209818,GENE2476,0.266,False,False
CpG_R0265,chr1,77095067,77095225,GENE1899,0.426,False,True
CpG_R0266,chr2,14899232,14899478,GENE1768,0.61,False,False
CpG_R0267,chr19,559020,559192,GENE1949,0.497,False,True
CpG_R0268,chr7,28001917,28002312,GENE3088,0.434,False,True
CpG_R0269,chr13,5132216,5132580,GENE1715,0.548,False,True
CpG_R0270,chr13,97694397,97694679,GENE2962,0.627,False,False
CpG_R0271,chr18,4976118,4976434,GENE0980,0.704,False,False
CpG_R0272,chr1,126015036,126015402,GENE0296,0.533,False,True
CpG_R0273,chr4,102068849,102069113,GENE1446,0.487,False,True
CpG_R0274,chr7,53377570,53377811,GENE2972,0.442,False,True
CpG_R0275,chr15,100755042,100755368,GENE3104,0.725,False,False
CpG_R0276,chr20,56101957,56102136,GENE3216,0.511,False,True
CpG_R0277,chr15,58402758,58402999,GENE2922,0.742,False,False
CpG_R0278,chr3,77683671,77683852,GENE0007,0.592,False,True
CpG_R0279,chr2,123365888,123366153,GENE2989,0.627,False,False
CpG_R0280,chr13,42703284,42703548,GENE1085,0.589,False,True
CpG_R0281,chr8,134811686,134811982,GENE0165,0.585,False,True
CpG_R0282,chr9,73491532,73491903,GENE0507,0.393,False,False
CpG_R0283,chr9,88170039,88170225,GENE3140,0.778,False,False
CpG_R0284,chr14,6371545,6371790,GENE0987,0.398,False,False
CpG_R0285,chr14,34277938,34278250,GENE2040,0.4,False,True
CpG_R0286,chr13,54989117,54989268,GENE0982,0.668,False,False
CpG_R0287,chr11,6718929,6719278,GENE3039,0.436,False,True
CpG_R0288,chr17,28866326,28866549,GENE3440,0.253,False,False
CpG_R0289,chr19,52530756,52531063,GENE2382,0.452,False,True
CpG_R0290,chr16,68042354,68042592,GENE2069,0.369,False,False
CpG_R0291,chr5,55338593,55338749,GENE1041,0.452,False,True
CpG_R0292,chr2,136183196,136183440,GENE0803,0.702,False,False
CpG_R0293,chr11,108537337,108537508,GENE3053,0.596,False,True
CpG_R0294,chr11,97417281,97417568,GENE1578,0.726,False,False
CpG_R0295,chr12,16706635,16706816,GENE2259,0.608,False,False
CpG_R0296,chr3,1584808,1584997,GENE0596,0.572,True,False
CpG_R0297,chr6,24018147,24018439,GENE2111,0.663,False,False
CpG_R0298,chr15,89043502,89043729,GENE0168,0.653,False,False
CpG_R0299,chr21,1728047,1728262,GENE2302,0.353,False,False
CpG_R0300,chr19,46831435,46831591,GENE2942,0.387,False,False
CpG_R0301,chr7,88600788,88601034,GENE0336,0.685,False,False
CpG_R0302,chr20,27442248,27442469,GENE2842,0.68,False,False
CpG_R0303,chr8,48856492,48856770,GENE2281,0.44,False,True
CpG_R0304,chr10,15128256,15128565,GENE2451,0.562,False,True
CpG_R0305,chr10,112772953,112773284,GENE0436,0.557,False,True
CpG_R0306,chr5,146067079,146067258,GENE3341,0.658,False,False
CpG_R0307,chr1,17903128,17903499,GENE3128,0.633,False,False
CpG_R0308,chr11,95971926,95972160,GENE3818,0.51,False,True
CpG_R0309,chr22,41825235,41825533,GENE3841,0.253,False,False
CpG_R0310,chr1,128048578,128048743,GENE1256,0.382,False,False
CpG_R0311,chr2,44110498,44110670,GENE0746,0.628,False,False
CpG_R0312,chr14,90978346,90978577,GENE1224,0.594,False,True
CpG_R0313,chr4,140205398,140205696,GENE0870,0.761,False,False
CpG_R0314,chr12,56527445,56527663,GENE1656,0.347,False,False
CpG_R0315,chr7,97468627,97469022,GENE2443,0.237,False,False
CpG_R0316,chr16,57311075,57311273,GENE2836,0.552,False,True
CpG_R0317,chr14,87008153,87008397,GENE3109,0.479,False,True
CpG_R0318,chr14,18413017,18413393,GENE3992,0.635,False,False
CpG_R0319,chr17,2553379,2553543,GENE0847,0.414,False,True
CpG_R0320,chr2,69278354,69278742,GENE0906,0.644,False,False
CpG_R0321,chr11,117034875,117035154,GENE1478,0.721,False,False
CpG_R0322,chr14,97880008,97880323,GENE2686,0.643,False,False
CpG_R0323,chr15,26518508,26518683,GENE2721,0.364,False,False
CpG_R0324,chr18,37805949,37806339,GENE0531,0.367,True,False
CpG_R0325,chr15,20945154,20945379,GENE3178,0.511,False,True
CpG_R0326,chr6,40284457,40284741,GENE2893,0.701,False,False
CpG_R0327,chrX,36791261,36791477,GENE1759,0.558,True,False
CpG_R0328,chr22,14673787,14674186,GENE0317,0.626,False,False
CpG_R0329,chr3,61367100,61367492,GENE1347,0.591,False,True
CpG_R0330,chr3,88645295,88645660,GENE3913,0.607,False,False
CpG_R0331,chr15,49472595,49472872,GENE0118,0.547,False,True
CpG_R0332,chr19,16155233,16155632,GENE3716,0.532,True,False
CpG_R0333,chrX,89526557,89526808,GENE1195,0.769,False,False
CpG_R0334,chr15,32340551,32340736,GENE2624,0.532,False,True
CpG_R0335,chr17,54207514,54207708,GENE2078,0.729,False,False
CpG_R0336,chr3,143520529,143520699,GENE2469,0.637,False,False
CpG_R0337,chr11,41040719,41041027,GENE0990,0.504,False,True
CpG_R0338,chr5,35309624,35309850,GENE3828,0.739,False,False
CpG_R0339,chr18,64917133,64917404,GENE0765,0.473,False,True
CpG_R0340,chr1,20021114,20021333,GENE2268,0.587,False,True
CpG_R0341,chr5,119709781,119710021,GENE3687,0.424,False,True
CpG_R0342,chr16,17745240,17745467,GENE0147,0.349,False,False
CpG_R0343,chr4,31912957,31913322,GENE1762,0.411,False,True
CpG_R0344,chr9,2760107,2760498,GENE3257,0.841,False,False
CpG_R0345,chr9,91887948,91888318,GENE2920,0.68,False,False
CpG_R0346,chr12,124136534,124136825,GENE3229,0.52,False,True
CpG_R0347,chr13,913889,914221,GENE0675,0.59,False,True
CpG_R0348,chr17,61750000,61750169,GENE3915,0.368,False,False
CpG_R0349,chr18,6875583,6875767,GENE0664,0.599,False,True
CpG_R0350,chr2,102448898,102449203,GENE3261,0.642,False,False
CpG_R0351,chr6,7030798,7030973,GENE0139,0.363,False,False
CpG_R0352,chrX,1004229,1004624,GENE1211,0.57,False,True
CpG_R0353,chr10,29869245,29869404,GENE3689,0.327,False,False
CpG_R0354,chr15,44977371,44977521,GENE0393,0.473,False,True
CpG_R0355,chr9,11023764,11023986,GENE1410,0.64,False,False
CpG_R0356,chr12,9792870,9793062,GENE1487,0.688,False,False
CpG_R0357,chr12,3238849,3239072,GENE2435,0.776,False,False
CpG_R0358,chr16,41858370,41858666,GENE1399,0.624,False,False
CpG_R0359,chr11,23801502,23801652,GENE0709,0.384,False,False
CpG_R0360,chr10,4478064,4478328,GENE1161,0.87,False,False
CpG_R0361,chr7,14505364,14505581,GENE1846,0.347,False,False
CpG_R0362,chr17,57314615,57314797,GENE3229,0.516,False,True
CpG_R0363,chr17,25411317,25411574,GENE1763,0.389,False,False
CpG_R0364,chrX,82932336,82932615,GENE3275,0.542,False,True
CpG_R0365,chr11,34830503,34830749,GENE2434,0.502,False,True
CpG_R0366,chr7,117184492,117184788,GENE2633,0.387,False,False
CpG_R0367,chr20,17719790,17720133,GENE1216,0.546,False,True
CpG_R0368,chr18,40909735,40910040,GENE1433,0.474,True,False
CpG_R0369,chr7,89851484,89851721,GENE3047,0.607,False,False
CpG_R0370,chr13,69257266,69257543,GENE0545,0.385,False,False
CpG_R0371,chr1,13546691,13547006,GENE3331,0.648,False,False
CpG_R0372,chr12,93922753,93923010,GENE1694,0.603,False,False
CpG_R0373,chr17,23595361,23595734,GENE3144,0.406,False,True
CpG_R0374,chr13,96008063,96008339,GENE0165,0.712,False,False
CpG_R0375,chr5,97344275,97344656,GENE2563,0.58,False,True
CpG_R0376,chr13,9855929,9856327,GENE3561,0.27,False,False
CpG_R0377,chr22,14596647,14596975,GENE3019,0.541,False,True
CpG_R0378,chr22,34546621,34546967,GENE3525,0.87,False,False
CpG_R0379,chr13,70163400,70163622,GENE3369,0.64,False,False
CpG_R0380,chr7,79174619,79174855,GENE0704,0.502,False,True
CpG_R0381,chr10,127515479,127515804,GENE1297,0.554,False,True
CpG_R0382,chr13,49512327,49512592,GENE3274,0.562,False,True
CpG_R0383,chr20,47552641,47552830,GENE1227,0.44,False,True
CpG_R0384,chr15,22318846,22319206,GENE0462,0.76,False,False
CpG_R0385,chr20,60329080,60329247,GENE3651,0.583,False,True
CpG_R0386,chr16,25672783,25672985,GENE3668,0.51,False,True
CpG_R0387,chr7,44925998,44926350,GENE0365,0.561,False,True
CpG_R0388,chr19,27911170,27911565,GENE3910,0.652,False,False
CpG_R0389,chr4,86453640,86453880,GENE3263,0.473,False,True
CpG_R0390,chr13,58232743,58233106,GENE1304,0.604,False,False
CpG_R0391,chr21,13630507,13630821,GENE0472,0.702,False,False
CpG_R0392,chr1,49557889,49558055,GENE3172,0.266,True,False
CpG_R0393,chr19,27325943,27326203,GENE1884,0.533,False,True
CpG_R0394,chr10,115349384,115349622,GENE2907,0.728,False,False
CpG_R0395,chr7,132084288,132084493,GENE2303,0.497,False,True
CpG_R0396,chr9,44946088,44946269,GENE2700,0.477,True,False
CpG_R0397,chr14,63008936,63009130,GENE3377,0.417,True,False
CpG_R0398,chr19,11485879,11486111,GENE2076,0.334,False,False
CpG_R0399,chr5,107740448,107740775,GENE0078,0.468,False,True
CpG_R0400,chr19,22328525,22328756,GENE0148,0.5,False,True
CpG_R0401,chr13,31896834,31896985,GENE1095,0.629,False,False
CpG_R0402,chrX,116621485,116621772,GENE3852,0.604,False,False
CpG_R0403,chr14,25709922,25710312,GENE3069,0.478,False,True
CpG_R0404,chr10,62783619,62783828,GENE3816,0.503,False,True
CpG_R0405,chr15,29251527,29251915,GENE1049,0.602,False,False
CpG_R0406,chr16,75651644,75651974,GENE0094,0.498,False,True
CpG_R0407,chr15,36263161,36263402,GENE0303,0.576,False,True
CpG_R0408,chr8,82459809,82460118,GENE1970,0.487,False,True
CpG_R0409,chr1,97027898,97028133,GENE2260,0.565,False,True
CpG_R0410,chr7,103371703,103372044,GENE3450,0.359,False,False
CpG_R0411,chr6,139333370,139333671,GENE3266,0.606,False,False
CpG_R0412,chr2,144955906,144956300,GENE0375,0.568,False,True
CpG_R0413,chr4,46272839,46273053,GENE1145,0.463,False,True
CpG_R0414,chr22,12962434,12962618,GENE3344,0.481,False,True
CpG_R0415,chr4,115636278,115636442,GENE0527,0.375,False,False
CpG_R0416,chr15,62256216,62256412,GENE2870,0.556,False,True
CpG_R0417,chr7,145641022,145641397,GENE2230,0.379,False,False
CpG_R0418,chr13,79319521,79319705,GENE2988,0.763,False,False
CpG_R0419,chr10,21090016,21090261,GENE1319,0.615,False,False
CpG_R0420,chr17,38514748,38514900,GENE3770,0.334,False,False
CpG_R0421,chr12,77706360,77706691,GENE3123,0.646,False,False
CpG_R0422,chr14,1158950,1159174,GENE3919,0.613,False,False
CpG_R0423,chrX,10140002,10140264,GENE0315,0.741,False,False
CpG_R0424,chr4,15581872,15582024,GENE1121,0.412,False,True
CpG_R0425,chr3,45701048,45701361,GENE2006,0.729,False,False
CpG_R0426,chr19,31195512,31195877,GENE0895,0.356,False,False
CpG_R0427,chr1,48619621,48619778,GENE0437,0.701,False,False
CpG_R0428,chr20,53367395,53367549,GENE0873,0.289,False,False
CpG_R0429,chr3,121337745,121338071,GENE1416,0.227,False,False
CpG_R0430,chr22,17038637,17038794,GENE2161,0.423,False,True
CpG_R0431,chr7,91147021,91147185,GENE2728,0.528,False,True
CpG_R0432,chr13,24263726,24264006,GENE3319,0.649,False,False
CpG_R0433,chr17,5847442,5847731,GENE3718,0.718,False,False
CpG_R0434,chr22,1604328,1604505,GENE3641,0.472,False,True
CpG_R0435,chr22,14896726,14897026,GENE2670,0.618,False,False
CpG_R0436,chr16,7417770,7417961,GENE3082,0.531,False,True
CpG_R0437,chr15,20188041,20188347,GENE1556,0.686,False,False
CpG_R0438,chr21,6957654,6957904,GENE1736,0.478,False,True
CpG_R0439,chr1,31521341,31521634,GENE0402,0.533,False,True
CpG_R0440,chr5,133261139,133261336,GENE1566,0.563,False,True
CpG_R0441,chr6,33533309,33533650,GENE1857,0.229,False,False
CpG_R0442,chr4,127693854,127694012,GENE1169,0.53,False,True
CpG_R0443,chr13,63339603,63339957,GENE3224,0.641,False,False
CpG_R0444,chr15,38716746,38716974,GENE3548,0.621,False,False
CpG_R0445,chrX,29070042,29070292,GENE1019,0.595,False,True
CpG_R0446,chr17,60325475,60325775,GENE2106,0.51,False,True
CpG_R0447,chr7,42456000,42456162,GENE0660,0.527,True,False
CpG_R0448,chr16,21412646,21412822,GENE0361,0.491,False,True
CpG_R0449,chr3,8904472,8904744,GENE0485,0.473,False,True
CpG_R0450,chr17,53758439,53758643,GENE0603,0.658,False,False
CpG_R0451,chr10,53278555,53278852,GENE3879,0.373,False,False
CpG_R0452,chr8,140005689,140006018,GENE3913,0.801,False,False
CpG_R0453,chr10,69697191,69697345,GENE3618,0.876,False,False
CpG_R0454,chr21,45340660,45340926,GENE3445,0.575,True,False
CpG_R0455,chr18,19278224,19278374,GENE1870,0.709,False,False
CpG_R0456,chr8,93628322,93628629,GENE0224,0.475,False,True
CpG_R0457,chr16,68781647,68781975,GENE0717,0.625,True,False
CpG_R0458,chr8,23615942,23616132,GENE2908,0.459,False,True
CpG_R0459,chr12,39144556,39144855,GENE3115,0.484,False,True
CpG_R0460,chr4,77080716,77081102,GENE1186,0.662,False,False
CpG_R0461,chr1,133389078,133389401,GENE2244,0.399,False,False
CpG_R0462,chr21,130002,130368,GENE1699,0.326,False,False
CpG_R0463,chr6,119887822,119888202,GENE2064,0.421,False,True
CpG_R0464,chr14,22267831,22268162,GENE2487,0.485,False,True
CpG_R0465,chr18,2047175,2047367,GENE0296,0.749,False,False
CpG_R0466,chr3,35408367,35408615,GENE0832,0.301,False,False
CpG_R0467,chr8,86640101,86640393,GENE2644,0.574,True,False
CpG_R0468,chrX,41635866,41636260,GENE0442,0.45,False,True
CpG_R0469,chr8,37733283,37733622,GENE1072,0.716,False,False
CpG_R0470,chr18,45392325,45392480,GENE0909,0.529,True,False
CpG_R0471,chr14,25101537,25101723,GENE1898,0.439,False,True
CpG_R0472,chr4,117321518,117321765,GENE1800,0.159,False,False
CpG_R0473,chr10,23044910,23045124,GENE3757,0.524,False,True
CpG_R0474,chr16,4884046,4884241,GENE2598,0.302,False,False
CpG_R0475,chr4,101836067,101836264,GENE2408,0.536,False,True
CpG_R0476,chr10,7975979,7976268,GENE2286,0.894,False,False
CpG_R0477,chr16,10985319,10985499,GENE2759,0.777,False,False
CpG_R0478,chr20,6644550,6644932,GENE3439,0.409,False,True
CpG_R0479,chr1,22053401,22053732,GENE1938,0.372,False,False
CpG_R0480,chr10,53142949,53143298,GENE0663,0.628,False,False
CpG_R0481,chr13,64417364,64417687,GENE1438,0.756,False,False
CpG_R0482,chr7,66770475,66770838,GENE0321,0.637,False,False
CpG_R0483,chr14,75408588,75408889,GENE1998,0.355,False,False
CpG_R0484,chr18,25703738,25704023,GENE3191,0.463,False,True
CpG_R0485,chr16,40057469,40057637,GENE2132,0.556,False,True
CpG_R0486,chr4,39581334,39581661,GENE2287,0.425,False,True
CpG_R0487,chr16,70214293,70214637,GENE1347,0.633,False,False
CpG_R0488,chr7,141295209,141295553,GENE2031,0.555,True,False
CpG_R0489,chr1,140556641,140557007,GENE3653,0.58,True,False
CpG_R0490,chrX,36332291,36332509,GENE0978,0.74,False,False
CpG_R0491,chr7,81904810,81905171,GENE2705,0.569,False,True
CpG_R0492,chr20,21584938,21585308,GENE1935,0.522,False,True
CpG_R0493,chr18,8490984,8491153,GENE2516,0.703,False,False
CpG_R0494,chr2,139319458,139319838,GENE2977,0.731,False,False
CpG_R0495,chr1,19475372,19475646,GENE0117,0.544,True,False
CpG_R0496,chr3,101590110,101590472,GENE1002,0.658,False,False
CpG_R0497,chr21,33774394,33774765,GENE0523,0.701,True,False
CpG_R0498,chr17,24715684,24715931,GENE0146,0.657,False,False
CpG_R0499,chr7,31505583,31505836,GENE3232,0.753,False,False
CpG_R0500,chr5,40961795,40962040,GENE0628,0.698,False,False
CpG_R0501,chr14,88039798,88039988,GENE2534,0.58,False,True
CpG_R0502,chr20,30432685,30432973,GENE3454,0.843,False,False
CpG_R0503,chr22,1447963,1448180,GENE2463,0.637,False,False
CpG_R0504,chrX,20985442,20985825,GENE1283,0.358,False,False
CpG_R0505,chr16,42212697,42212905,GENE2660,0.713,False,False
CpG_R0506,chr14,1549006,1549227,GENE2362,0.6,False,True
CpG_R0507,chr21,46553299,46553673,GENE0123,0.646,False,False
CpG_R0508,chr10,8274290,8274674,GENE0980,0.489,False,True
CpG_R0509,chr11,52304538,52304799,GENE2608,0.657,False,False
CpG_R0510,chr13,55572052,55572427,GENE1552,0.517,False,True
CpG_R0511,chr9,97693359,97693705,GENE3247,0.503,True,False
CpG_R0512,chr16,50928837,50929061,GENE0028,0.746,False,False
CpG_R0513,chr19,49390033,49390310,GENE2938,0.649,False,False
CpG_R0514,chr5,45207605,45208001,GENE3873,0.589,False,True
CpG_R0515,chr9,125955339,125955711,GENE0227,0.506,False,True
CpG_R0516,chr16,19990418,19990587,GENE1120,0.462,False,True
CpG_R0517,chr16,53925736,53926102,GENE1554,0.347,False,False
CpG_R0518,chr8,98996597,98996794,GENE2635,0.694,False,False
CpG_R0519,chr12,122265072,122265371,GENE0995,0.623,False,False
CpG_R0520,chr1,138437498,138437780,GENE0942,0.329,False,False
CpG_R0521,chr4,60995769,60996019,GENE1695,0.69,False,False
CpG_R0522,chr22,42159416,42159592,GENE1999,0.593,False,True
CpG_R0523,chr4,22430071,22430417,GENE3490,0.498,False,True
CpG_R0524,chr3,67944014,67944376,GENE2636,0.433,False,True
CpG_R0525,chr6,20293819,20293973,GENE3120,0.36,False,False
CpG_R0526,chr2,104413666,104413950,GENE0488,0.641,False,False
CpG_R0527,chr15,4713483,4713872,GENE1716,0.547,False,True
CpG_R0528,chr11,12739320,12739506,GENE3886,0.696,False,False
CpG_R0529,chr11,129444075,129444471,GENE0998,0.529,False,True
CpG_R0530,chr12,100691813,100692084,GENE0157,0.559,False,True
CpG_R0531,chr12,87322494,87322747,GENE1418,0.642,False,False
CpG_R0532,chr4,126149419,126149688,GENE0819,0.511,False,True
CpG_R0533,chr6,30164945,30165164,GENE2848,0.587,False,True
CpG_R0534,chr20,17134197,17134381,GENE3774,0.599,False,True
CpG_R0535,chr17,38538342,38538614,GENE3056,0.554,False,True
CpG_R0536,chr13,100854862,100855166,GENE1630,0.526,False,True
CpG_R0537,chr16,10119317,10119708,GENE1470,0.623,False,False
CpG_R0538,chr6,76133384,76133724,GENE3220,0.599,True,False
CpG_R0539,chr8,1744460,1744624,GENE0292,0.588,False,True
CpG_R0540,chr15,42072483,42072773,GENE3910,0.557,False,True
CpG_R0541,chr16,4152435,4152673,GENE2545,0.534,False,True
CpG_R0542,chr19,16585014,16585182,GENE2110,0.686,False,False
CpG_R0543,chr1,76292811,76293076,GENE1901,0.523,False,True
CpG_R0544,chr12,108612225,108612532,GENE3776,0.585,False,True
CpG_R0545,chr3,9121243,9121530,GENE2811,0.576,True,False
CpG_R0546,chr1,34668720,34669005,GENE3851,0.866,False,False
CpG_R0547,chr10,50534956,50535189,GENE3484,0.637,False,False
CpG_R0548,chr10,40097959,40098356,GENE3813,0.624,False,False
CpG_R0549,chr9,103311772,103312033,GENE3126,0.783,False,False
CpG_R0550,chr21,16670502,16670716,GENE2889,0.56,False,True
CpG_R0551,chr10,44988612,44988910,GENE0149,0.493,False,True
CpG_R0552,chr15,61596147,61596374,GENE0510,0.447,False,True
CpG_R0553,chr3,148167576,148167820,GENE0656,0.42,False,True
CpG_R0554,chr12,87848924,87849165,GENE1599,0.497,False,True
CpG_R0555,chr19,17860797,17861164,GENE0550,0.476,False,True
CpG_R0556,chr17,38432187,38432431,GENE3099,0.554,False,True
CpG_R0557,chr13,12137416,12137664,GENE0961,0.688,False,False
CpG_R0558,chr9,135103482,135103781,GENE3943,0.526,True,False
CpG_R0559,chr12,79789262,79789514,GENE3972,0.546,False,True
CpG_R0560,chr19,2065501,2065816,GENE0607,0.647,False,False
CpG_R0561,chr20,27358687,27359059,GENE2653,0.325,False,False
CpG_R0562,chr2,99764030,99764414,GENE1836,0.469,False,True
CpG_R0563,chr5,101345424,101345643,GENE0281,0.392,False,False
CpG_R0564,chr18,70790035,70790194,GENE1923,0.547,False,True
CpG_R0565,chr11,15202787,15203186,GENE1782,0.652,False,False
CpG_R0566,chr8,110184982,110185156,GENE2274,0.562,False,True
CpG_R0567,chr6,74015108,74015309,GENE1846,0.521,False,True
CpG_R0568,chr11,127759283,127759499,GENE2235,0.333,False,False
CpG_R0569,chr5,70384855,70385227,GENE2590,0.524,True,False
CpG_R0570,chr14,106015249,106015490,GENE0834,0.695,False,False
CpG_R0571,chr7,110422178,110422500,GENE1242,0.724,False,False
CpG_R0572,chrX,9599516,9599746,GENE0003,0.759,False,False
CpG_R0573,chr6,97998216,97998524,GENE2601,0.62,False,False
CpG_R0574,chr20,17202884,17203259,GENE0388,0.504,True,False
CpG_R0575,chr21,7148050,7148432,GENE2123,0.598,False,True
CpG_R0576,chr16,35333989,35334348,GENE1070,0.672,False,False
CpG_R0577,chr16,49883661,49884048,GENE2837,0.882,False,False
CpG_R0578,chr22,26155239,26155458,GENE2224,0.77,False,False
CpG_R0579,chr6,13730174,13730483,GENE1658,0.619,False,False
CpG_R0580,chr13,8925956,8926308,GENE2515,0.664,False,False
CpG_R0581,chr14,50724343,50724687,GENE0821,0.389,False,False
CpG_R0582,chr9,50586391,50586575,GENE0344,0.472,False,True
CpG_R0583,chr12,27649863,27650199,GENE3072,0.451,False,True
CpG_R0584,chr21,11136894,11137079,GENE1320,0.398,False,False
CpG_R0585,chrX,8303115,8303512,GENE1782,0.695,False,False
CpG_R0586,chr16,18418151,18418396,GENE2541,0.637,False,False
CpG_R0587,chr20,49299375,49299765,GENE3638,0.446,False,True
CpG_R0588,chr7,110245345,110245571,GENE2781,0.423,False,True
CpG_R0589,chr18,47844651,47845003,GENE1442,0.494,False,True
CpG_R0590,chr15,29533671,29533955,GENE3157,0.791,False,False
CpG_R0591,chr5,24337125,24337501,GENE3404,0.492,False,True
CpG_R0592,chr7,19775345,19775596,GENE2182,0.565,True,False
CpG_R0593,chr3,28199511,28199731,GENE0464,0.373,False,False
CpG_R0594,chr19,33679681,33679968,GENE0503,0.511,False,True
CpG_R0595,chr16,8433806,8433985,GENE3245,0.594,False,True
CpG_R0596,chr16,20791239,20791467,GENE1003,0.489,False,True
CpG_R0597,chr21,33274643,33274922,GENE3563,0.583,False,True
CpG_R0598,chr11,18671079,18671342,GENE3228,0.518,False,True
CpG_R0599,chr22,27328267,27328562,GENE3906,0.403,False,True
CpG_R0600,chr22,7568805,7568975,GENE3106,0.645,True,False
CpG_R0601,chrX,23392015,23392306,GENE0358,0.459,False,True
CpG_R0602,chr14,30415576,30415883,GENE0124,0.31,False,False
CpG_R0603,chrX,86242422,86242820,GENE2918,0.567,False,True
CpG_R0604,chr3,85968962,85969121,GENE0546,0.481,False,True
CpG_R0605,chr9,133538755,133539091,GENE0120,0.204,False,False
CpG_R0606,chr14,46575473,46575714,GENE0863,0.631,False,False
CpG_R0607,chr22,37224754,37225135,GENE0044,0.589,True,False
CpG_R0608,chr15,38520806,38520980,GENE1351,0.577,False,True
CpG_R0609,chr2,40019483,40019775,GENE1737,0.629,False,False
CpG_R0610,chr3,128692177,128692494,GENE3556,0.407,False,True
CpG_R0611,chr14,31985973,31986228,GENE2013,0.803,False,False
CpG_R0612,chr5,59563513,59563677,GENE1995,0.541,False,True
CpG_R0613,chr22,24852441,24852790,GENE2669,0.511,False,True
CpG_R0614,chr19,36280248,36280611,GENE1601,0.237,False,False
CpG_R0615,chr6,6750434,6750652,GENE1301,0.643,False,False
CpG_R0616,chr22,20976529,20976813,GENE2366,0.565,False,True
CpG_R0617,chr19,20114731,20114930,GENE0160,0.651,True,False
CpG_R0618,chr1,37582206,37582515,GENE3790,0.561,False,True
CpG_R0619,chr19,8264995,8265154,GENE2063,0.448,False,True
CpG_R0620,chr3,35959331,35959607,GENE1430,0.62,False,False
CpG_R0621,chr18,49687665,49688055,GENE0799,0.705,False,False
CpG_R0622,chr19,19536352,19536519,GENE3601,0.648,False,False
CpG_R0623,chr10,5775168,5775400,GENE0699,0.451,False,True
CpG_R0624,chr15,31798380,31798717,GENE0996,0.479,False,True
CpG_R0625,chr19,52050479,52050757,GENE2950,0.623,False,False
CpG_R0626,chr13,83779843,83780016,GENE2377,0.593,False,True
CpG_R0627,chr13,57899880,57900123,GENE2856,0.31,False,False
CpG_R0628,chr6,115828140,115828403,GENE2201,0.428,False,True
CpG_R0629,chr17,14812799,14813147,GENE2307,0.732,True,False
CpG_R0630,chr18,63266098,63266370,GENE1818,0.499,False,True
CpG_R0631,chr15,41397628,41397810,GENE2523,0.331,False,False
CpG_R0632,chr21,24836388,24836614,GENE1585,0.602,False,False
CpG_R0633,chr17,54785400,54785747,GENE3001,0.466,False,True
CpG_R0634,chr9,51476918,51477133,GENE3133,0.456,False,True
CpG_R0635,chr10,125048079,125048427,GENE2154,0.765,False,False
CpG_R0636,chr2,7091522,7091804,GENE2509,0.675,False,False
CpG_R0637,chr8,1047766,1048006,GENE2377,0.507,False,True
CpG_R0638,chr10,23616008,23616211,GENE1333,0.419,False,True
CpG_R0639,chr20,31977994,31978349,GENE0726,0.553,False,True
CpG_R0640,chr9,49252443,49252663,GENE1200,0.504,False,True
CpG_R0641,chr9,30705325,30705526,GENE2449,0.472,False,True
CpG_R0642,chr21,23729770,23730093,GENE3429,0.549,False,True
CpG_R0643,chr1,29483471,29483837,GENE1247,0.658,False,False
CpG_R0644,chr4,112313030,112313365,GENE3773,0.692,False,False
CpG_R0645,chr10,45314866,45315255,GENE3307,0.816,False,False
CpG_R0646,chr16,68408810,68409112,GENE2792,0.573,False,True
CpG_R0647,chr10,20001267,20001491,GENE2358,0.788,False,False
CpG_R0648,chr17,50179754,50180096,GENE0648,0.856,False,False
CpG_R0649,chr7,75059827,75060182,GENE0145,0.473,False,True
CpG_R0650,chr11,2841206,2841481,GENE3571,0.532,False,True
CpG_R0651,chr11,74807979,74808190,GENE2150,0.454,False,True
CpG_R0652,chr20,30293875,30294226,GENE1948,0.556,False,True
CpG_R0653,chr1,149944439,149944690,GENE0537,0.36,False,False
CpG_R0654,chr16,60873019,60873272,GENE2585,0.59,False,True
CpG_R0655,chr21,43798578,43798955,GENE2565,0.701,False,False
CpG_R0656,chr9,1561181,1561364,GENE3973,0.594,False,True
CpG_R0657,chr22,37629037,37629368,GENE3614,0.556,False,True
CpG_R0658,chr10,12648585,12648764,GENE1144,0.318,False,False
CpG_R0659,chr15,100480843,100481214,GENE0757,0.553,False,True
CpG_R0660,chr9,82767096,82767267,GENE0608,0.589,False,True
CpG_R0661,chr19,2207117,2207465,GENE1552,0.481,False,True
CpG_R0662,chr11,119689480,119689663,GENE0991,0.817,False,False
CpG_R0663,chr9,42396829,42397191,GENE2860,0.477,False,True
CpG_R0664,chr1,71002495,71002866,GENE1794,0.662,False,False
CpG_R0665,chr13,2562527,2562812,GENE2049,0.462,False,True
CpG_R0666,chr22,11756627,11756835,GENE0355,0.748,False,False
CpG_R0667,chr15,1528014,1528242,GENE1393,0.5,False,True
CpG_R0668,chr4,39495045,39495360,GENE0277,0.528,False,True
CpG_R0669,chr12,120388921,120389106,GENE1411,0.676,False,False
CpG_R0670,chr16,14493764,14494001,GENE3915,0.518,False,True
CpG_R0671,chrX,85410706,85410987,GENE2096,0.439,False,True
CpG_R0672,chr18,47630039,47630250,GENE3623,0.762,False,False
CpG_R0673,chr15,22232710,22232950,GENE3248,0.19,False,False
CpG_R0674,chr8,6939908,6940110,GENE3477,0.352,True,False
CpG_R0675,chr15,76458749,76459131,GENE0523,0.374,False,False
CpG_R0676,chr12,85604810,85604966,GENE3152,0.567,False,True
CpG_R0677,chr12,22146466,22146694,GENE1018,0.61,False,False
CpG_R0678,chr16,76372421,76372685,GENE0879,0.494,False,True
CpG_R0679,chr7,75232365,75232521,GENE1189,0.576,False,True
CpG_R0680,chr22,35185118,35185503,GENE2079,0.585,False,True
CpG_R0681,chr12,56055781,56056012,GENE0017,0.815,False,False
CpG_R0682,chr18,6848259,6848418,GENE1300,0.386,False,False
CpG_R0683,chr22,43947369,43947557,GENE3150,0.409,False,True
CpG_R0684,chr14,31409049,31409359,GENE3813,0.348,False,False
CpG_R0685,chr10,49829698,49829955,GENE0742,0.392,False,False
CpG_R0686,chr14,10533055,10533224,GENE0724,0.554,False,True
CpG_R0687,chr11,122259506,122259851,GENE3024,0.421,False,True
CpG_R0688,chr7,18735682,18735926,GENE0580,0.492,False,True
CpG_R0689,chr15,3145822,3146073,GENE3499,0.499,False,True
CpG_R0690,chr3,45394223,45394439,GENE2603,0.474,False,True
CpG_R0691,chr9,130333171,130333391,GENE2771,0.584,False,True
CpG_R0692,chr2,76619646,76619904,GENE1796,0.502,False,True
CpG_R0693,chr11,117974125,117974517,GENE0131,0.604,False,False
CpG_R0694,chr19,31653127,31653456,GENE0206,0.634,False,False
CpG_R0695,chr6,147327529,147327701,GENE0317,0.669,False,False
CpG_R0696,chr4,86646648,86646901,GENE0349,0.664,False,False
CpG_R0697,chr1,59607125,59607309,GENE3322,0.768,False,False
CpG_R0698,chr18,34872976,34873290,GENE1587,0.393,False,False
CpG_R0699,chr12,11737817,11738044,GENE2863,0.391,False,False
CpG_R0700,chr6,138063352,138063749,GENE0065,0.389,False,False
CpG_R0701,chr19,10611636,10612014,GENE3914,0.674,False,False
CpG_R0702,chr18,60413755,60414107,GENE2412,0.635,False,False
CpG_R0703,chr12,80123376,80123627,GENE1854,0.616,False,False
CpG_R0704,chr22,3661693,3661999,GENE3004,0.554,False,True
CpG_R0705,chr6,134371401,134371772,GENE2489,0.487,False,True
CpG_R0706,chr6,110778584,110778908,GENE1875,0.626,False,False
CpG_R0707,chr20,25388557,25388725,GENE3810,0.411,False,True
CpG_R0708,chr11,107059236,107059585,GENE3830,0.384,False,False
CpG_R0709,chr17,32376950,32377162,GENE1551,0.733,False,False
CpG_R0710,chr14,14121997,14122372,GENE1210,0.543,False,True
CpG_R0711,chr20,3720997,3721184,GENE2496,0.711,False,False
CpG_R0712,chr19,29903309,29903702,GENE3018,0.694,False,False
CpG_R0713,chr10,30872388,30872560,GENE3761,0.783,True,False
CpG_R0714,chr18,58837170,58837561,GENE1616,0.579,False,True
CpG_R0715,chr2,138741408,138741572,GENE0235,0.62,False,False
CpG_R0716,chr1,17567193,17567541,GENE1964,0.661,False,False
CpG_R0717,chr19,37222312,37222506,GENE2209,0.269,False,False
CpG_R0718,chr19,54504158,54504494,GENE1678,0.259,False,False
CpG_R0719,chr14,31794900,31795112,GENE0725,0.649,True,False
CpG_R0720,chr14,70786338,70786596,GENE1497,0.529,False,True
CpG_R0721,chr16,58256185,58256464,GENE2961,0.626,False,False
CpG_R0722,chr6,124912503,124912704,GENE2524,0.817,False,False
CpG_R0723,chrX,12728088,12728323,GENE2008,0.768,False,False
CpG_R0724,chr16,63132688,63132941,GENE0061,0.702,False,False
CpG_R0725,chr19,18514002,18514339,GENE1853,0.622,False,False
CpG_R0726,chr22,2855681,2855992,GENE0134,0.719,False,False
CpG_R0727,chr14,48887130,48887418,GENE1513,0.571,False,True
CpG_R0728,chr7,26321043,26321238,GENE1350,0.637,False,False
CpG_R0729,chr4,118553173,118553548,GENE2760,0.448,False,True
CpG_R0730,chr10,5933342,5933601,GENE3741,0.503,False,True
CpG_R0731,chr18,23190053,23190402,GENE0066,0.605,False,False
CpG_R0732,chr20,15887295,15887462,GENE3739,0.592,False,True
CpG_R0733,chr7,110878966,110879197,GENE0708,0.411,False,True
CpG_R0734,chr21,32631201,32631591,GENE3524,0.196,False,False
CpG_R0735,chr9,2316147,2316513,GENE1799,0.371,False,False
CpG_R0736,chr22,1262198,1262490,GENE1000,0.717,True,False
CpG_R0737,chr21,29745184,29745444,GENE2516,0.531,False,True
CpG_R0738,chr5,60710829,60711117,GENE3649,0.74,False,False
CpG_R0739,chr12,112465024,112465283,GENE2858,0.453,False,True
CpG_R0740,chr17,40906039,40906218,GENE2893,0.437,False,True
CpG_R0741,chr11,52139735,52140111,GENE3094,0.638,False,False
CpG_R0742,chr11,124108927,124109172,GENE3681,0.379,False,False
CpG_R0743,chr4,16844357,16844628,GENE0187,0.64,False,False
CpG_R0744,chrX,17439945,17440288,GENE2636,0.567,False,True
CpG_R0745,chr19,5063619,5063829,GENE1819,0.211,False,False
CpG_R0746,chr6,135859674,135860047,GENE1130,0.494,True,False
CpG_R0747,chr19,7159391,7159568,GENE2737,0.784,False,False
CpG_R0748,chr4,71961414,71961702,GENE3160,0.562,False,True
CpG_R0749,chr1,149230105,149230408,GENE3307,0.638,False,False
CpG_R0750,chr12,44585314,44585623,GENE1026,0.541,False,True
CpG_R0751,chr22,13655841,13656120,GENE3054,0.487,False,True
CpG_R0752,chr12,18815381,18815565,GENE3256,0.735,False,False
CpG_R0753,chr20,20864385,20864736,GENE2494,0.492,False,True
CpG_R0754,chr9,28069617,28069904,GENE2055,0.606,False,False
CpG_R0755,chr11,7958058,7958344,GENE3345,0.412,False,True
CpG_R0756,chr3,2627200,2627355,GENE1866,0.477,False,True
CpG_R0757,chr14,21752214,21752388,GENE2933,0.544,False,True
CpG_R0758,chr21,3280371,3280584,GENE1970,0.451,False,True
CpG_R0759,chr12,89042644,89042952,GENE2745,0.54,False,True
CpG_R0760,chr5,7411397,7411548,GENE2627,0.326,False,False
CpG_R0761,chr16,13750478,13750862,GENE1002,0.775,False,False
CpG_R0762,chr1,97256973,97257256,GENE2660,0.538,False,True
CpG_R0763,chr10,18906475,18906789,GENE1410,0.444,True,False
CpG_R0764,chr18,17181034,17181190,GENE0805,0.517,False,True
CpG_R0765,chr15,78334469,78334780,GENE0421,0.475,False,True
CpG_R0766,chr9,7127596,7127843,GENE0595,0.483,True,False
CpG_R0767,chr17,42056563,42056942,GENE1813,0.497,False,True
CpG_R0768,chr3,54859192,54859428,GENE3196,0.378,False,False
CpG_R0769,chr14,23852917,23853217,GENE0479,0.514,False,True
CpG_R0770,chr16,35763572,35763930,GENE2112,0.409,False,True
CpG_R0771,chr11,60529598,60529814,GENE3893,0.291,False,False
CpG_R0772,chr18,51806704,51806882,GENE3222,0.788,False,False
CpG_R0773,chr1,26086995,26087347,GENE3457,0.38,False,False
CpG_R0774,chr19,48371191,48371548,GENE1616,0.481,False,True
CpG_R0775,chr14,87030884,87031215,GENE3055,0.616,False,False
CpG_R0776,chr2,26147188,26147390,GENE0512,0.592,True,False
CpG_R0777,chr16,32197783,32197981,GENE3796,0.77,False,False
CpG_R0778,chr9,10754556,10754853,GENE2603,0.528,False,True
CpG_R0779,chr2,122330865,122331019,GENE1471,0.428,False,True
CpG_R0780,chr15,94307424,94307673,GENE1526,0.508,False,True
CpG_R0781,chr6,107595316,107595675,GENE1185,0.476,False,True
CpG_R0782,chr16,47904217,47904372,GENE3665,0.38,False,False
CpG_R0783,chr11,95835697,95836043,GENE0310,0.669,False,False
CpG_R0784,chr4,36183557,36183739,GENE0450,0.698,False,False
CpG_R0785,chr4,119026437,119026631,GENE0928,0.446,False,True
CpG_R0786,chr9,91384863,91385260,GENE3100,0.519,False,True
CpG_R0787,chr22,41007944,41008297,GENE2872,0.321,False,False
CpG_R0788,chr13,102164665,102165044,GENE1483,0.614,False,False
CpG_R0789,chr15,10329736,10329926,GENE3689,0.679,False,False
CpG_R0790,chr4,60177166,60177429,GENE1057,0.505,False,True
CpG_R0791,chr21,43433852,43434211,GENE0791,0.452,False,True
CpG_R0792,chr6,41612477,41612733,GENE2539,0.413,False,True
CpG_R0793,chr2,98143361,98143631,GENE1324,0.673,False,False
CpG_R0794,chr14,44511776,44512046,GENE1672,0.582,False,True
CpG_R0795,chr12,38816776,38816940,GENE1407,0.429,False,True
CpG_R0796,chr1,148883841,148884132,GENE0734,0.739,False,False
CpG_R0797,chr21,45540259,45540645,GENE3426,0.521,False,True
CpG_R0798,chr2,62416387,62416770,GENE1299,0.437,False,True
CpG_R0799,chr15,16247375,16247536,GENE0847,0.568,False,True
CpG_R0800,chr1,61440505,61440856,GENE1757,0.473,False,True
CpG_R0801,chr9,82385577,82385827,GENE0491,0.648,False,False
CpG_R0802,chr22,35044342,35044582,GENE3592,0.581,False,True
CpG_R0803,chr9,62617679,62617912,GENE1913,0.818,True,False
CpG_R0804,chr7,59211429,59211804,GENE1114,0.505,False,True
CpG_R0805,chr14,92762010,92762347,GENE3061,0.854,False,False
CpG_R0806,chr7,15202061,15202272,GENE1934,0.543,True,False
CpG_R0807,chr10,34796016,34796320,GENE1179,0.479,False,True
CpG_R0808,chr17,53506841,53507177,GENE1256,0.463,False,True
CpG_R0809,chr11,61417576,61417913,GENE0358,0.489,False,True
CpG_R0810,chr14,12614789,12615057,GENE3330,0.307,True,False
CpG_R0811,chr6,83810559,83810886,GENE3856,0.427,False,True
CpG_R0812,chr20,53051671,53051929,GENE0797,0.536,False,True
CpG_R0813,chr11,412056,412251,GENE2235,0.392,False,False
CpG_R0814,chrX,87979240,87979599,GENE2192,0.498,False,True
CpG_R0815,chr20,49252556,49252811,GENE0922,0.573,False,True
CpG_R0816,chr22,14773782,14773986,GENE2973,0.545,False,True
CpG_R0817,chr15,645214,645400,GENE2636,0.564,False,True
CpG_R0818,chr6,97674998,97675331,GENE2310,0.465,False,True
CpG_R0819,chr11,9930732,9931129,GENE1252,0.462,False,True
CpG_R0820,chr20,32295677,32295827,GENE2255,0.684,False,False
CpG_R0821,chr12,70365503,70365884,GENE0585,0.498,False,True
CpG_R0822,chr13,110611038,110611231,GENE2729,0.557,True,False
CpG_R0823,chr15,26467421,26467729,GENE1202,0.468,False,True
CpG_R0824,chr1,73836670,73836899,GENE3886,0.364,True,False
CpG_R0825,chr6,122283631,122284006,GENE1829,0.478,False,True
CpG_R0826,chr16,68241240,68241537,GENE3309,0.485,True,False
CpG_R0827,chr13,75904615,75904937,GENE2873,0.484,False,True
CpG_R0828,chr10,10602870,10603129,GENE1259,0.379,False,False
CpG_R0829,chr17,40719226,40719500,GENE1621,0.839,False,False
CpG_R0830,chr20,7187869,7188262,GENE1695,0.22,False,False
CpG_R0831,chr13,109716403,109716627,GENE3726,0.531,False,True
CpG_R0832,chr21,8033832,8034196,GENE0108,0.58,False,True
CpG_R0833,chr22,4223229,4223599,GENE3409,0.628,False,False
CpG_R0834,chr13,11949569,11949890,GENE3201,0.618,False,False
CpG_R0835,chr20,5250717,5250871,GENE0395,0.684,False,False
CpG_R0836,chr17,66620826,66621160,GENE0199,0.448,False,True
CpG_R0837,chr8,106187933,106188207,GENE1327,0.549,False,True
CpG_R0838,chr3,31682078,31682457,GENE0856,0.68,False,False
CpG_R0839,chr9,36706856,36707238,GENE0043,0.651,False,False
CpG_R0840,chr17,47265734,47266033,GENE2604,0.496,False,True
CpG_R0841,chr15,43828543,43828764,GENE0026,0.503,False,True
CpG_R0842,chr15,2103239,2103575,GENE0253,0.47,False,True
CpG_R0843,chr12,48972798,48973063,GENE3463,0.257,False,False
CpG_R0844,chrX,131582574,131582739,GENE3556,0.332,False,False
CpG_R0845,chr19,33859705,33859950,GENE0108,0.678,False,False
CpG_R0846,chr11,101833043,101833263,GENE2295,0.272,False,False
CpG_R0847,chr16,7799801,7800195,GENE3354,0.717,False,False
CpG_R0848,chr6,112537203,112537593,GENE2354,0.665,False,False
CpG_R0849,chr16,27193037,27193317,GENE3281,0.673,False,False
CpG_R0850,chr8,65070411,65070755,GENE3365,0.366,False,False
CpG_R0851,chr2,107104190,107104372,GENE3688,0.517,False,True
CpG_R0852,chr7,100333801,100333994,GENE0014,0.668,False,False
CpG_R0853,chr20,3040059,3040246,GENE2420,0.698,True,False
CpG_R0854,chr4,137367557,137367832,GENE0982,0.591,True,False
CpG_R0855,chr22,34767312,34767698,GENE3673,0.771,False,False
CpG_R0856,chr16,26524908,26525117,GENE1131,0.744,False,False
CpG_R0857,chr12,817416,817605,GENE0948,0.742,False,False
CpG_R0858,chr7,91526108,91526432,GENE0960,0.576,False,True
CpG_R0859,chr2,107118429,107118743,GENE1833,0.605,False,False
CpG_R0860,chr15,20569561,20569957,GENE1343,0.52,False,True
CpG_R0861,chr7,36312975,36313297,GENE1728,0.541,True,False
CpG_R0862,chr22,48198905,48199196,GENE2225,0.62,False,False
CpG_R0863,chr13,41250379,41250774,GENE1547,0.551,False,True
CpG_R0864,chr12,58685705,58685887,GENE1804,0.556,False,True
CpG_R0865,chr14,26748658,26748939,GENE1338,0.507,False,True
CpG_R0866,chr17,68713709,68714084,GENE1294,0.592,False,True
CpG_R0867,chr3,79927987,79928176,GENE3872,0.567,False,True
CpG_R0868,chr13,112524704,112525009,GENE2886,0.56,False,True
CpG_R0869,chr20,18603842,18604130,GENE3710,0.322,False,False
CpG_R0870,chr17,7413363,7413626,GENE0826,0.453,False,True
CpG_R0871,chr9,8420449,8420804,GENE0563,0.384,False,False
CpG_R0872,chr7,103981909,103982061,GENE1303,0.732,False,False
CpG_R0873,chr5,82791480,82791738,GENE1754,0.647,False,False
CpG_R0874,chr5,15199231,15199409,GENE3250,0.744,False,False
CpG_R0875,chr10,5909980,5910236,GENE2504,0.849,False,False
CpG_R0876,chr22,12367113,12367467,GENE3873,0.571,False,True
CpG_R0877,chr7,71156986,71157257,GENE2943,0.422,False,True
CpG_R0878,chr12,74666879,74667269,GENE0222,0.614,False,False
CpG_R0879,chr4,36473872,36474037,GENE0644,0.272,False,False
CpG_R0880,chr18,10960238,10960449,GENE2474,0.622,False,False
CpG_R0881,chr15,63210411,63210598,GENE2971,0.319,False,False
CpG_R0882,chr21,35723660,35723844,GENE0949,0.609,False,False
CpG_R0883,chr21,43642403,43642659,GENE3099,0.467,False,True
CpG_R0884,chr18,46139552,46139927,GENE2067,0.685,False,False
CpG_R0885,chr9,53375312,53375522,GENE1236,0.464,False,True
CpG_R0886,chr6,146246645,146246956,GENE0651,0.635,False,False
CpG_R0887,chr22,33694378,33694739,GENE3494,0.369,False,False
CpG_R0888,chr22,19621644,19621975,GENE3167,0.699,False,False
CpG_R0889,chr4,112830967,112831331,GENE2203,0.64,False,False
CpG_R0890,chrX,86752499,86752666,GENE3140,0.584,False,True
CpG_R0891,chr6,80481158,80481515,GENE3620,0.256,False,False
CpG_R0892,chr14,62323857,62324182,GENE3841,0.383,False,False
CpG_R0893,chr11,60585034,60585368,GENE3374,0.379,False,False
CpG_R0894,chr17,56122003,56122237,GENE1767,0.747,False,False
CpG_R0895,chrX,139168929,139169148,GENE1525,0.349,False,False
CpG_R0896,chr11,119865883,119866077,GENE2163,0.711,False,False
CpG_R0897,chr16,38456826,38457119,GENE2220,0.742,False,False
CpG_R0898,chr5,36257207,36257580,GENE1926,0.724,False,False
CpG_R0899,chr22,44927408,44927801,GENE2291,0.318,False,False
CpG_R0900,chr10,88329688,88330043,GENE1832,0.541,False,True
CpG_R0901,chr22,22718914,22719144,GENE3093,0.65,False,False
CpG_R0902,chr20,39279917,39280259,GENE1591,0.566,True,False
CpG_R0903,chrX,113424340,113424696,GENE1133,0.766,False,False
CpG_R0904,chr20,18682736,18682983,GENE3600,0.702,False,False
CpG_R0905,chr18,76393577,76393921,GENE1895,0.722,False,False
CpG_R0906,chr9,88985551,88985829,GENE3646,0.815,False,False
CpG_R0907,chr19,19514274,19514582,GENE1290,0.54,True,False
CpG_R0908,chr5,132965822,132966096,GENE3938,0.613,False,False
CpG_R0909,chr19,48565960,48566141,GENE2984,0.522,False,True
CpG_R0910,chr3,69426418,69426633,GENE3551,0.629,False,False
CpG_R0911,chr5,5058854,5059165,GENE1912,0.803,True,False
CpG_R0912,chr2,35641501,35641872,GENE3751,0.52,False,True
CpG_R0913,chr8,105809351,105809616,GENE0870,0.613,False,False
CpG_R0914,chr8,98791828,98792089,GENE3514,0.574,False,True
CpG_R0915,chr3,2190935,2191217,GENE2789,0.565,False,True
CpG_R0916,chr16,32754192,32754489,GENE1938,0.641,False,False
CpG_R0917,chr4,111400378,111400593,GENE3112,0.535,False,True
CpG_R0918,chr17,11969300,11969565,GENE2385,0.386,False,False
CpG_R0919,chr1,43380448,43380609,GENE1288,0.793,False,False
CpG_R0920,chr6,62111776,62112140,GENE0443,0.304,False,False
CpG_R0921,chr14,94530588,94530973,GENE2225,0.784,False,False
CpG_R0922,chr21,8335698,8336089,GENE1103,0.611,False,False
CpG_R0923,chr7,109856424,109856619,GENE1124,0.409,False,True
CpG_R0924,chr18,46411696,46412015,GENE3459,0.691,False,False
CpG_R0925,chrX,7359440,7359698,GENE1923,0.676,False,False
CpG_R0926,chr9,109645642,109646029,GENE3351,0.586,False,True
CpG_R0927,chr16,27132364,27132520,GENE2330,0.63,False,False
CpG_R0928,chr4,47135033,47135292,GENE3769,0.395,False,False
CpG_R0929,chr10,61921909,61922288,GENE3605,0.794,False,False
CpG_R0930,chr15,46545415,46545773,GENE3064,0.642,False,False
CpG_R0931,chr6,36835707,36836064,GENE1578,0.781,False,False
CpG_R0932,chr22,33005090,33005354,GENE2723,0.366,False,False
CpG_R0933,chr17,10486879,10487274,GENE1731,0.398,False,False
CpG_R0934,chr15,6683661,6684056,GENE0927,0.63,False,False
CpG_R0935,chr5,79455061,79455386,GENE3441,0.221,False,False
CpG_R0936,chr17,47108762,47108970,GENE2820,0.625,False,False
CpG_R0937,chr21,15849027,15849405,GENE2994,0.528,False,True
CpG_R0938,chr7,133858204,133858456,GENE3854,0.619,False,False
CpG_R0939,chr3,135861046,135861316,GENE0123,0.399,False,False
CpG_R0940,chr18,49663848,49664114,GENE3212,0.55,True,False
CpG_R0941,chr7,114641006,114641253,GENE3786,0.397,False,False
CpG_R0942,chr6,68636737,68637028,GENE3335,0.575,False,True
CpG_R0943,chr18,7387550,7387703,GENE3210,0.477,False,True
CpG_R0944,chrX,5269720,5270095,GENE2272,0.648,False,False
CpG_R0945,chr16,45039246,45039600,GENE1888,0.631,False,False
CpG_R0946,chr14,64125569,64125895,GENE1183,0.604,False,False
CpG_R0947,chr8,33225149,33225361,GENE3623,0.48,False,True
CpG_R0948,chr6,23557877,23558099,GENE2209,0.807,False,False
CpG_R0949,chr11,36413069,36413356,GENE1524,0.533,False,True
CpG_R0950,chr20,62493981,62494235,GENE3603,0.516,True,False
CpG_R0951,chr10,124240900,124241084,GENE1297,0.726,False,False
CpG_R0952,chr2,110200741,110201054,GENE2096,0.643,False,False
CpG_R0953,chr20,12096990,12097201,GENE2760,0.778,False,False
CpG_R0954,chr6,127177008,127177391,GENE3121,0.555,False,True
CpG_R0955,chr18,35821312,35821608,GENE3541,0.348,False,False
CpG_R0956,chr5,26854827,26855025,GENE0424,0.581,False,True
CpG_R0957,chr20,5226156,5226430,GENE2727,0.579,False,True
CpG_R0958,chr19,52136313,52136668,GENE3822,0.459,False,True
CpG_R0959,chr6,70789193,70789502,GENE1359,0.569,False,True
CpG_R0960,chr21,29786432,29786829,GENE1570,0.68,False,False
CpG_R0961,chr22,43068469,43068836,GENE2259,0.635,False,False
CpG_R0962,chrX,105938307,105938503,GENE0987,0.547,False,True
CpG_R0963,chr20,32751602,32751816,GENE0581,0.477,False,True
CpG_R0964,chr16,11307515,11307756,GENE3935,0.338,False,False
CpG_R0965,chr19,37479526,37479768,GENE2781,0.754,False,False
CpG_R0966,chr9,50204451,50204818,GENE0047,0.422,False,True
CpG_R0967,chr1,142464056,142464440,GENE3256,0.536,True,False
CpG_R0968,chr4,398791,398958,GENE1389,0.441,False,True
CpG_R0969,chr16,29548661,29549039,GENE2136,0.406,False,True
CpG_R0970,chr8,9855314,9855708,GENE2155,0.423,False,True
CpG_R0971,chr5,2249830,2250088,GENE1299,0.599,False,True
CpG_R0972,chr17,13118140,13118375,GENE2466,0.879,False,False
CpG_R0973,chr12,7370969,7371187,GENE2424,0.347,False,False
CpG_R0974,chr19,29989190,29989462,GENE0225,0.504,False,True
CpG_R0975,chrX,113997441,113997740,GENE1709,0.264,False,False
CpG_R0976,chr5,52951822,52952036,GENE2606,0.815,False,False
CpG_R0977,chr5,3502244,3502459,GENE2485,0.894,False,False
CpG_R0978,chr13,5125182,5125352,GENE1344,0.612,False,False
CpG_R0979,chr5,34640779,34641168,GENE2128,0.561,False,True
CpG_R0980,chr13,93331443,93331803,GENE3017,0.32,False,False
CpG_R0981,chr4,124188844,124189211,GENE0122,0.423,False,True
CpG_R0982,chr20,55898963,55899171,GENE0165,0.588,False,True
CpG_R0983,chr6,127571950,127572103,GENE3025,0.565,False,True
CpG_R0984,chr3,106423189,106423469,GENE0924,0.509,False,True
CpG_R0985,chr18,20809728,20809985,GENE3149,0.696,True,False
CpG_R0986,chr13,100126133,100126304,GENE1783,0.489,False,True
CpG_R0987,chr20,40953459,40953711,GENE2201,0.425,False,True
CpG_R0988,chr1,102978489,102978735,GENE0005,0.536,False,True
CpG_R0989,chr21,45153985,45154357,GENE3552,0.419,False,True
CpG_R0990,chr6,7597697,7597910,GENE0084,0.667,False,False
CpG_R0991,chr14,32583453,32583711,GENE3659,0.698,False,False
CpG_R0992,chr1,117778132,117778508,GENE2860,0.462,False,True
CpG_R0993,chr18,34479034,34479378,GENE3914,0.43,False,True
CpG_R0994,chr3,7764729,7764979,GENE3888,0.529,False,True
CpG_R0995,chr14,41789383,41789559,GENE0129,0.473,False,True
CpG_R0996,chr8,33697601,33697922,GENE3263,0.705,False,False
CpG_R0997,chr17,7436832,7437186,GENE3944,0.417,False,True
CpG_R0998,chr11,4740610,4740963,GENE2671,0.48,False,True
CpG_R0999,chr16,13904783,13904956,GENE0823,0.564,False,True
CpG_R1000,chr2,126346921,126347251,GENE2857,0.483,False,True
CpG_R1001,chr17,57132777,57133068,GENE3377,0.537,False,True
CpG_R1002,chr4,92488694,92488957,GENE3562,0.604,False,False
CpG_R1003,chr16,23417199,23417500,GENE3391,0.4,False,True
CpG_R1004,chr14,1299947,1300335,GENE3114,0.368,False,False
CpG_R1005,chr8,88545451,88545676,GENE1663,0.585,False,True
CpG_R1006,chr11,22068837,22069131,GENE0897,0.487,False,True
CpG_R1007,chr14,89610094,89610439,GENE0845,0.615,False,False
CpG_R1008,chr3,96954446,96954829,GENE0281,0.507,True,False
CpG_R1009,chr11,8153775,8154150,GENE2072,0.353,False,False
CpG_R1010,chr19,21041488,21041817,GENE2762,0.248,False,False
CpG_R1011,chr7,13597147,13597383,GENE0868,0.428,False,True
CpG_R1012,chr19,3921463,3921690,GENE0192,0.616,False,False
CpG_R1013,chr22,5154386,5154777,GENE1265,0.29,False,False
CpG_R1014,chr22,37840071,37840443,GENE2848,0.561,False,True
CpG_R1015,chr13,93423719,93423991,GENE2267,0.633,False,False
CpG_R1016,chr4,54802696,54802941,GENE0723,0.502,False,True
CpG_R1017,chr13,91801453,91801611,GENE1912,0.671,False,False
CpG_R1018,chr22,17796097,17796337,GENE2269,0.734,False,False
CpG_R1019,chr10,59292249,59292583,GENE0794,0.623,False,False
CpG_R1020,chr16,30889412,30889802,GENE2225,0.584,False,True
CpG_R1021,chr3,45503758,45504124,GENE1544,0.227,False,False
CpG_R1022,chr2,42434654,42434942,GENE2801,0.532,True,False
CpG_R1023,chr12,9925442,9925819,GENE1243,0.458,False,True
CpG_R1024,chr22,28829576,28829962,GENE2552,0.658,False,False
CpG_R1025,chr14,4092413,4092658,GENE3383,0.685,False,False
CpG_R1026,chr16,2224633,2224791,GENE2806,0.614,False,False
CpG_R1027,chr4,102155420,102155640,GENE3430,0.496,False,True
CpG_R1028,chr8,31543529,31543698,GENE1804,0.553,False,True
CpG_R1029,chr17,6586101,6586458,GENE1233,0.585,False,True
CpG_R1030,chr9,74969875,74970186,GENE1939,0.727,False,False
CpG_R1031,chr22,26428667,26428874,GENE3503,0.606,False,False
CpG_R1032,chr20,18258152,18258511,GENE1328,0.75,False,False
CpG_R1033,chr4,92927106,92927439,GENE3040,0.344,False,False
CpG_R1034,chr8,96080625,96080839,GENE0343,0.389,False,False
CpG_R1035,chr8,3995844,3996225,GENE0751,0.41,False,True
CpG_R1036,chr18,47085270,47085468,GENE0858,0.818,False,False
CpG_R1037,chr21,34580935,34581317,GENE2968,0.517,True,False
CpG_R1038,chr7,91202228,91202457,GENE0251,0.762,False,False
CpG_R1039,chr8,80979013,80979276,GENE3626,0.472,False,True
CpG_R1040,chr6,71328406,71328562,GENE0136,0.528,False,True
CpG_R1041,chr19,38867698,38867909,GENE0622,0.647,False,False
CpG_R1042,chr18,2241789,2242066,GENE0319,0.425,False,True
CpG_R1043,chr19,16439578,16439928,GENE1357,0.506,False,True
CpG_R1044,chr12,6661178,6661508,GENE2257,0.439,False,True
CpG_R1045,chr11,11975801,11975979,GENE0825,0.622,False,False
CpG_R1046,chr22,6619668,6619834,GENE2056,0.644,False,False
CpG_R1047,chr7,40062210,40062437,GENE2159,0.864,False,False
CpG_R1048,chr11,121796991,121797234,GENE2533,0.915,False,False
CpG_R1049,chr4,89974090,89974245,GENE0124,0.765,False,False
CpG_R1050,chr21,9577010,9577241,GENE0346,0.429,False,True
CpG_R1051,chr12,122669264,122669491,GENE0649,0.464,False,True
CpG_R1052,chr22,9784777,9784981,GENE3548,0.713,False,False
CpG_R1053,chr19,4294190,4294455,GENE0185,0.219,False,False
CpG_R1054,chr19,15299180,15299379,GENE1723,0.57,False,True
CpG_R1055,chr16,63448402,63448719,GENE1458,0.607,False,False
CpG_R1056,chr10,67063782,67064114,GENE1364,0.366,False,False
CpG_R1057,chr13,60472298,60472581,GENE2860,0.683,False,False
CpG_R1058,chr10,3358790,3359173,GENE1526,0.694,False,False
CpG_R1059,chr4,2189907,2190141,GENE2785,0.38,False,False
CpG_R1060,chr19,39447259,39447520,GENE1735,0.31,False,False
CpG_R1061,chr4,65414587,65414867,GENE3411,0.535,False,True
CpG_R1062,chr12,123952410,123952802,GENE1116,0.577,False,True
CpG_R1063,chr5,66347772,66348138,GENE0685,0.481,False,True
CpG_R1064,chr18,48888848,48889059,GENE0111,0.45,False,True
CpG_R1065,chr4,7482076,7482432,GENE2333,0.546,False,True
CpG_R1066,chr19,3788064,3788298,GENE0575,0.492,False,True
CpG_R1067,chr20,63090227,63090538,GENE0369,0.619,False,False
CpG_R1068,chr15,43435730,43436035,GENE0633,0.804,False,False
CpG_R1069,chr8,96564493,96564784,GENE0515,0.66,False,False
CpG_R1070,chr4,73363051,73363244,GENE3352,0.418,False,True
CpG_R1071,chr21,12255587,12255840,GENE3093,0.363,False,False
CpG_R1072,chr7,943722,944063,GENE1087,0.697,False,False
CpG_R1073,chrX,118232752,118233030,GENE2676,0.515,False,True
CpG_R1074,chr15,27416107,27416396,GENE1026,0.359,False,False
CpG_R1075,chr9,36795354,36795638,GENE3732,0.292,False,False
CpG_R1076,chr1,148719314,148719655,GENE0824,0.345,False,False
CpG_R1077,chrX,145136179,145136378,GENE3580,0.595,False,True
CpG_R1078,chr21,2791477,2791661,GENE0495,0.586,False,True
CpG_R1079,chr22,3576182,3576485,GENE1927,0.701,False,False
CpG_R1080,chr3,33357065,33357258,GENE0830,0.714,False,False
CpG_R1081,chr18,66357142,66357310,GENE2702,0.433,False,True
CpG_R1082,chr9,88563335,88563526,GENE1887,0.607,False,False
CpG_R1083,chr15,43540007,43540173,GENE2520,0.251,False,False
CpG_R1084,chrX,104422673,104423033,GENE1668,0.627,False,False
CpG_R1085,chr16,13772283,13772647,GENE3086,0.712,False,False
CpG_R1086,chr20,26526959,26527232,GENE2613,0.559,False,True
CpG_R1087,chr21,45139488,45139689,GENE0171,0.658,False,False
CpG_R1088,chr13,4922149,4922394,GENE3763,0.691,False,False
CpG_R1089,chr7,66440759,66440999,GENE3955,0.522,False,True
CpG_R1090,chr21,36318932,36319198,GENE2570,0.338,False,False
CpG_R1091,chr3,135783920,135784146,GENE1234,0.522,False,True
CpG_R1092,chrX,75030542,75030862,GENE3916,0.542,False,True
CpG_R1093,chr21,22164853,22165005,GENE1829,0.669,False,False
CpG_R1094,chr7,38081724,38081876,GENE1839,0.629,False,False
CpG_R1095,chr20,12507006,12507172,GENE2470,0.608,False,False
CpG_R1096,chr10,63089767,63090165,GENE1291,0.354,False,False
CpG_R1097,chr5,83972420,83972693,GENE3643,0.42,False,True
CpG_R1098,chr3,98579378,98579658,GENE3178,0.677,False,False
CpG_R1099,chr8,114493278,114493589,GENE1085,0.459,False,True
CpG_R1100,chr12,20917620,20917881,GENE1100,0.169,False,False
CpG_R1101,chr12,33806971,33807260,GENE3691,0.339,False,False
CpG_R1102,chr22,42147420,42147576,GENE2304,0.429,False,True
CpG_R1103,chr16,41038960,41039138,GENE1315,0.377,False,False
CpG_R1104,chr12,116035260,116035458,GENE2777,0.19,False,False
CpG_R1105,chr11,121532657,121533021,GENE0111,0.747,False,False
CpG_R1106,chr5,71197517,71197697,GENE2529,0.459,False,True
CpG_R1107,chr10,91483212,91483561,GENE2872,0.492,False,True
CpG_R1108,chr2,46274949,46275292,GENE0668,0.426,False,True
CpG_R1109,chr12,130436646,130436921,GENE1755,0.607,True,False
CpG_R1110,chr22,41634977,41635278,GENE1921,0.667,False,False
CpG_R1111,chr7,35831642,35831888,GENE3163,0.661,False,False
CpG_R1112,chr11,15056806,15057007,GENE0767,0.275,False,False
CpG_R1113,chr2,94706300,94706465,GENE0659,0.662,False,False
CpG_R1114,chr8,100308039,100308417,GENE1598,0.614,False,False
CpG_R1115,chr2,83172375,83172681,GENE0533,0.683,False,False
CpG_R1116,chr17,33929661,33930051,GENE0177,0.422,False,True
CpG_R1117,chrX,59616373,59616613,GENE0543,0.609,False,False
CpG_R1118,chr5,56253328,56253618,GENE0872,0.787,False,False
CpG_R1119,chr13,47250050,47250345,GENE1067,0.452,False,True
CpG_R1120,chr7,70565194,70565369,GENE2612,0.316,False,False
CpG_R1121,chr6,68550443,68550795,GENE1629,0.547,False,True
CpG_R1122,chr17,13981112,13981340,GENE3630,0.545,False,True
CpG_R1123,chr21,2155942,2156293,GENE0661,0.583,False,True
CpG_R1124,chr20,48171052,48171326,GENE0369,0.691,True,False
CpG_R1125,chr15,26191217,26191500,GENE0799,0.774,False,False
CpG_R1126,chr12,24309489,24309835,GENE3136,0.324,False,False
CpG_R1127,chr19,27061516,27061800,GENE2937,0.633,False,False
CpG_R1128,chr13,97894099,97894378,GENE2080,0.48,False,True
CpG_R1129,chr1,111628133,111628428,GENE2475,0.657,False,False
CpG_R1130,chr5,145822272,145822611,GENE3579,0.552,True,False
CpG_R1131,chr11,104462768,104462931,GENE3356,0.753,False,False
CpG_R1132,chr14,7651041,7651372,GENE0047,0.318,False,False
CpG_R1133,chrX,86925944,86926296,GENE2768,0.638,False,False
CpG_R1134,chr21,7700259,7700558,GENE0953,0.501,True,False
CpG_R1135,chr13,106181950,106182301,GENE0847,0.548,False,True
CpG_R1136,chr13,32674161,32674434,GENE2897,0.491,False,True
CpG_R1137,chr16,3552831,3553166,GENE1386,0.545,False,True
CpG_R1138,chr5,128125788,128126181,GENE2315,0.855,False,False
CpG_R1139,chr3,55211825,55212218,GENE1020,0.836,False,False
CpG_R1140,chr12,62561321,62561574,GENE1661,0.633,False,False
CpG_R1141,chr8,20437345,20437647,GENE1907,0.499,False,True
CpG_R1142,chr2,10947525,10947714,GENE0557,0.731,False,False
CpG_R1143,chr7,84127387,84127784,GENE0542,0.559,False,True
CpG_R1144,chr18,32545326,32545645,GENE2222,0.264,False,False
CpG_R1145,chr14,34571176,34571499,GENE0888,0.476,False,True
CpG_R1146,chr3,52151688,52152030,GENE0360,0.424,False,True
CpG_R1147,chr4,15954275,15954669,GENE0448,0.467,False,True
CpG_R1148,chr2,138169684,138169861,GENE1160,0.713,False,False
CpG_R1149,chr19,34150752,34150949,GENE3169,0.303,False,False
CpG_R1150,chr10,92146022,92146357,GENE0800,0.567,False,True
CpG_R1151,chr7,115758175,115758471,GENE1867,0.732,True,False
CpG_R1152,chr15,70679409,70679645,GENE0995,0.503,False,True
CpG_R1153,chr11,61077947,61078166,GENE0392,0.531,False,True
CpG_R1154,chr15,19219882,19220206,GENE1784,0.585,False,True
CpG_R1155,chr4,128406606,128406757,GENE2770,0.668,False,False
CpG_R1156,chr9,122778867,122779049,GENE3710,0.386,False,False
CpG_R1157,chr14,28194780,28195001,GENE1731,0.471,False,True
CpG_R1158,chr20,19163448,19163602,GENE3145,0.445,False,True
CpG_R1159,chr14,22825304,22825597,GENE1979,0.487,False,True
CpG_R1160,chr17,52552915,52553069,GENE1266,0.753,False,False
CpG_R1161,chr13,11185864,11186254,GENE3899,0.659,False,False
CpG_R1162,chr17,1688512,1688849,GENE1857,0.55,False,True
CpG_R1163,chrX,136933222,136933548,GENE1295,0.293,False,False
CpG_R1164,chr5,82646517,82646863,GENE0001,0.544,True,False
CpG_R1165,chrX,144492707,144492960,GENE0233,0.48,False,True
CpG_R1166,chr15,38113864,38114162,GENE1503,0.508,False,True
CpG_R1167,chr5,36294314,36294496,GENE0778,0.631,False,False
CpG_R1168,chr10,128985955,128986206,GENE1061,0.776,False,False
CpG_R1169,chr5,11252636,11252873,GENE1649,0.635,False,False
CpG_R1170,chr14,44150797,44151047,GENE3525,0.692,False,False
CpG_R1171,chr12,13784647,13784927,GENE3375,0.665,False,False
CpG_R1172,chr8,73918673,73918973,GENE2916,0.564,False,True
CpG_R1173,chr19,11317745,11317980,GENE1489,0.494,False,True
CpG_R1174,chr19,48330884,48331271,GENE0426,0.64,False,False
CpG_R1175,chr12,21511493,21511726,GENE3651,0.302,True,False
CpG_R1176,chr22,27281715,27281989,GENE3408,0.563,False,True
CpG_R1177,chr9,35270532,35270785,GENE0458,0.599,False,True
CpG_R1178,chr19,41372894,41373261,GENE3023,0.881,False,False
CpG_R1179,chr19,23182330,23182723,GENE0210,0.369,False,False
CpG_R1180,chr3,87455282,87455554,GENE0014,0.639,False,False
CpG_R1181,chr22,40041069,40041427,GENE0285,0.552,False,True
CpG_R1182,chr5,53299211,53299427,GENE0931,0.472,False,True
CpG_R1183,chr18,31188309,31188594,GENE1641,0.538,False,True
CpG_R1184,chr19,19184493,19184675,GENE3641,0.739,False,False
CpG_R1185,chr18,3991609,3991937,GENE1099,0.418,True,False
CpG_R1186,chr22,5847054,5847254,GENE0131,0.567,False,True
CpG_R1187,chr10,72898825,72899034,GENE3907,0.488,False,True
CpG_R1188,chr20,49828680,49829073,GENE3450,0.665,False,False
CpG_R1189,chrX,111903789,111904077,GENE3495,0.453,False,True
CpG_R1190,chr14,32413491,32413752,GENE0021,0.723,False,False
CpG_R1191,chr8,11733152,11733356,GENE0771,0.609,False,False
CpG_R1192,chr4,104502284,104502561,GENE0887,0.796,False,False
CpG_R1193,chr18,13265707,13266063,GENE3003,0.758,False,False
CpG_R1194,chr21,18221415,18221792,GENE0947,0.632,False,False
CpG_R1195,chr5,26359013,26359369,GENE0574,0.298,False,False
CpG_R1196,chr7,135130412,135130727,GENE0900,0.529,False,True
CpG_R1197,chr20,64128710,64128941,GENE1337,0.504,True,False
CpG_R1198,chr13,83284273,83284591,GENE3907,0.573,False,True
CpG_R1199,chr14,100114587,100114743,GENE0638,0.353,False,False
CpG_R1200,chr17,65720267,65720497,GENE2487,0.544,False,True
CpG_R1201,chr12,29705994,29706177,GENE0336,0.589,False,True
CpG_R1202,chr8,77724178,77724412,GENE1652,0.566,False,True
CpG_R1203,chr12,457986,458137,GENE0700,0.464,False,True
CpG_R1204,chr15,94977053,94977372,GENE3516,0.672,False,False
CpG_R1205,chr20,11314409,11314753,GENE1286,0.552,False,True
CpG_R1206,chr16,12123150,12123304,GENE3799,0.68,False,False
CpG_R1207,chr12,9322553,9322749,GENE3421,0.4,False,True
CpG_R1208,chr13,62694658,62694840,GENE1276,0.377,True,False
CpG_R1209,chr22,4659880,4660090,GENE2341,0.504,False,True
CpG_R1210,chr17,3918991,3919371,GENE2252,0.419,False,True
CpG_R1211,chr17,18877825,18878220,GENE3781,0.703,False,False
CpG_R1212,chr7,10149359,10149569,GENE1933,0.577,False,True
CpG_R1213,chrX,27467976,27468287,GENE3242,0.648,False,False
CpG_R1214,chr8,7014586,7014819,GENE1053,0.82,False,False
CpG_R1215,chr22,16966007,16966269,GENE2097,0.478,False,True
CpG_R1216,chr19,35412942,35413291,GENE1765,0.265,False,False
CpG_R1217,chr4,55738516,55738750,GENE0955,0.677,False,False
CpG_R1218,chr16,49538014,49538239,GENE1203,0.742,False,False
CpG_R1219,chr5,73980617,73980795,GENE0218,0.705,False,False
CpG_R1220,chr2,48965305,48965461,GENE3842,0.813,False,False
CpG_R1221,chr2,114911042,114911370,GENE1847,0.615,True,False
CpG_R1222,chr11,133618566,133618855,GENE2876,0.395,False,False
CpG_R1223,chr12,60150302,60150572,GENE1890,0.827,False,False
CpG_R1224,chrX,43042268,43042629,GENE0954,0.378,False,False
CpG_R1225,chr12,41599108,41599328,GENE0338,0.713,False,False
CpG_R1226,chr22,41989149,41989346,GENE3126,0.425,False,True
CpG_R1227,chr4,13408880,13409242,GENE1915,0.552,False,True
CpG_R1228,chr14,56766869,56767193,GENE3099,0.774,False,False
CpG_R1229,chr4,15739119,15739372,GENE3223,0.492,False,True
CpG_R1230,chr7,82910936,82911293,GENE2831,0.666,False,False
CpG_R1231,chr14,24178578,24178907,GENE2394,0.355,False,False
CpG_R1232,chr11,80829334,80829489,GENE3457,0.524,False,True
CpG_R1233,chr14,44609360,44609522,GENE2986,0.603,False,False
CpG_R1234,chr20,11461429,11461658,GENE3558,0.524,False,True
CpG_R1235,chr11,19375391,19375718,GENE2574,0.549,False,True
CpG_R1236,chr12,66182511,66182783,GENE1268,0.527,False,True
CpG_R1237,chr15,89627065,89627399,GENE2918,0.592,False,True
CpG_R1238,chr9,17745604,17745928,GENE0430,0.825,False,False
CpG_R1239,chr3,78162747,78163100,GENE1926,0.713,False,False
CpG_R1240,chr22,48089438,48089829,GENE3848,0.303,False,False
CpG_R1241,chr8,133728629,133728928,GENE2526,0.453,False,True
CpG_R1242,chr6,108397799,108398177,GENE2142,0.386,False,False
CpG_R1243,chr3,90957655,90958030,GENE3832,0.754,False,False
CpG_R1244,chr19,52751936,52752137,GENE2932,0.545,False,True
CpG_R1245,chr16,6181982,6182169,GENE0386,0.647,True,False
CpG_R1246,chr5,83117609,83117970,GENE1516,0.51,False,True
CpG_R1247,chr13,53191616,53191951,GENE0811,0.655,False,False
CpG_R1248,chr16,27465839,27466008,GENE1424,0.572,False,True
CpG_R1249,chr11,80486266,80486552,GENE1554,0.794,False,False
CpG_R1250,chr8,139783300,139783451,GENE3097,0.345,False,False
CpG_R1251,chr18,67446446,67446621,GENE3167,0.31,False,False
CpG_R1252,chr3,60249670,60249886,GENE3937,0.559,False,True
CpG_R1253,chr12,28525043,28525338,GENE2439,0.679,False,False
CpG_R1254,chrX,133015741,133015892,GENE0959,0.571,False,True
CpG_R1255,chr18,36648984,36649328,GENE2089,0.2,False,False
CpG_R1256,chr3,81817267,81817420,GENE0813,0.385,False,False
CpG_R1257,chr22,18289842,18290040,GENE1610,0.655,False,False
CpG_R1258,chr13,25651357,25651569,GENE2407,0.341,False,False
CpG_R1259,chr3,23782819,23783110,GENE3518,0.347,False,False
CpG_R1260,chr5,142408588,142408937,GENE1853,0.455,False,True
CpG_R1261,chr8,37699358,37699516,GENE2812,0.582,False,True
CpG_R1262,chr20,47904824,47905098,GENE1308,0.56,False,True
CpG_R1263,chr2,93875211,93875432,GENE3373,0.835,False,False
CpG_R1264,chrX,34171702,34172090,GENE3690,0.523,False,True
CpG_R1265,chr14,64398643,64398881,GENE3876,0.863,False,False
CpG_R1266,chr2,59212253,59212521,GENE3137,0.558,False,True
CpG_R1267,chr20,21676282,21676592,GENE0318,0.79,True,False
CpG_R1268,chr1,29759810,29759964,GENE1260,0.443,False,True
CpG_R1269,chr7,140671712,140671949,GENE3006,0.476,False,True
CpG_R1270,chr15,24453866,24454138,GENE2443,0.361,False,False
CpG_R1271,chr5,77874239,77874596,GENE1957,0.79,False,False
CpG_R1272,chr16,73077966,73078125,GENE2912,0.492,False,True
CpG_R1273,chr13,39802425,39802609,GENE1690,0.709,False,False
CpG_R1274,chr6,43482172,43482452,GENE3035,0.487,False,True
CpG_R1275,chr4,56323726,56323987,GENE2922,0.593,False,True
CpG_R1276,chr17,24219768,24220136,GENE1575,0.6,True,False
CpG_R1277,chr3,64000806,64001148,GENE1483,0.718,False,False
CpG_R1278,chr21,43131488,43131842,GENE0957,0.65,False,False
CpG_R1279,chr22,11881989,11882336,GENE1233,0.216,False,False
CpG_R1280,chr8,86565896,86566165,GENE2407,0.706,False,False
CpG_R1281,chr6,72721735,72722132,GENE3957,0.401,False,True
CpG_R1282,chr17,4559805,4560184,GENE1461,0.493,False,True
CpG_R1283,chr3,136500239,136500517,GENE2522,0.523,False,True
CpG_R1284,chr20,56854841,56855137,GENE3110,0.433,False,True
CpG_R1285,chr19,41460520,41460768,GENE0049,0.702,False,False
CpG_R1286,chr6,43882487,43882819,GENE3572,0.685,False,False
CpG_R1287,chrX,28451581,28451835,GENE2761,0.658,False,False
CpG_R1288,chr15,51373548,51373787,GENE1448,0.713,False,False
CpG_R1289,chr2,55379624,55379990,GENE0476,0.588,False,True
CpG_R1290,chr16,12826952,12827264,GENE1036,0.479,False,True
CpG_R1291,chr16,62024496,62024745,GENE3693,0.651,False,False
CpG_R1292,chr7,70871586,70871955,GENE1597,0.824,False,False
CpG_R1293,chr2,18887513,18887819,GENE2289,0.572,False,True
CpG_R1294,chr11,58721561,58721882,GENE0251,0.318,False,False
CpG_R1295,chr15,34827012,34827345,GENE0807,0.404,False,True
CpG_R1296,chr9,105169442,105169823,GENE2844,0.345,False,False
CpG_R1297,chr14,20914875,20915236,GENE2008,0.621,False,False
CpG_R1298,chr2,47324303,47324676,GENE2288,0.372,False,False
CpG_R1299,chr2,35724968,35725135,GENE3485,0.379,False,False
CpG_R1300,chr13,20145614,20145832,GENE2527,0.598,False,True
CpG_R1301,chr1,52817737,52817952,GENE0683,0.498,False,True
CpG_R1302,chr14,32498666,32498844,GENE0713,0.802,False,False
CpG_R1303,chr18,60820119,60820285,GENE2567,0.557,False,True
CpG_R1304,chr1,143766202,143766543,GENE1434,0.566,False,True
CpG_R1305,chr21,37203977,37204222,GENE2575,0.606,False,False
CpG_R1306,chr19,18040386,18040650,GENE3964,0.731,False,False
CpG_R1307,chr18,52633057,52633330,GENE1179,0.443,False,True
CpG_R1308,chr17,11805663,11805827,GENE0483,0.648,False,False
CpG_R1309,chr12,111883632,111883985,GENE2163,0.676,False,False
CpG_R1310,chr12,98439064,98439331,GENE1439,0.553,False,True
CpG_R1311,chr11,57938806,57938990,GENE1269,0.577,False,True
CpG_R1312,chr2,1370920,1371305,GENE1546,0.622,False,False
CpG_R1313,chr8,128386746,128386896,GENE3652,0.567,False,True
CpG_R1314,chr18,20818169,20818389,GENE3524,0.838,False,False
CpG_R1315,chr19,24053154,24053523,GENE0546,0.576,False,True
CpG_R1316,chr3,81742862,81743114,GENE3014,0.637,True,False
CpG_R1317,chr11,13306487,13306653,GENE2561,0.698,False,False
CpG_R1318,chr5,137247890,137248188,GENE1394,0.668,False,False
CpG_R1319,chr5,77576709,77576960,GENE0392,0.251,False,False
CpG_R1320,chr4,75357464,75357740,GENE0130,0.586,False,True
CpG_R1321,chr9,135913628,135913989,GENE2889,0.442,False,True
CpG_R1322,chrX,13614174,13614346,GENE3638,0.562,False,True
CpG_R1323,chr9,42164777,42165163,GENE1692,0.686,False,False
CpG_R1324,chr1,19572658,19573025,GENE2314,0.404,False,True
CpG_R1325,chr10,32437149,32437525,GENE2581,0.477,False,True
CpG_R1326,chr4,98590563,98590920,GENE0408,0.463,False,True
CpG_R1327,chr19,13291990,13292309,GENE2800,0.369,False,False
CpG_R1328,chr13,64910970,64911172,GENE1326,0.535,False,True
CpG_R1329,chr11,8485358,8485743,GENE1963,0.481,False,True
CpG_R1330,chr17,22426942,22427317,GENE1150,0.468,False,True
CpG_R1331,chr22,12055845,12056130,GENE0383,0.702,False,False
CpG_R1332,chr1,38721143,38721430,GENE1197,0.466,False,True
CpG_R1333,chr3,93802800,93802972,GENE0280,0.639,False,False
CpG_R1334,chrX,38289049,38289411,GENE3254,0.377,False,False
CpG_R1335,chrX,110340522,110340720,GENE3082,0.541,True,False
CpG_R1336,chr13,72222330,72222496,GENE2824,0.517,False,True
CpG_R1337,chr15,48457919,48458142,GENE3828,0.357,False,False
CpG_R1338,chr3,75691365,75691587,GENE0381,0.741,False,False
CpG_R1339,chr15,96730202,96730434,GENE2749,0.588,False,True
CpG_R1340,chr5,21169897,21170210,GENE3579,0.333,False,False
CpG_R1341,chr22,20896571,20896945,GENE3615,0.852,False,False
CpG_R1342,chr3,63495695,63496021,GENE0669,0.339,False,False
CpG_R1343,chr16,53619124,53619436,GENE0463,0.544,False,True
CpG_R1344,chr20,22281827,22282060,GENE1764,0.501,False,True
CpG_R1345,chr20,60892550,60892929,GENE3177,0.551,False,True
CpG_R1346,chr19,41846188,41846390,GENE3955,0.487,False,True
CpG_R1347,chr8,138393086,138393298,GENE0510,0.725,False,False
CpG_R1348,chr8,18994853,18995104,GENE1908,0.592,False,True
CpG_R1349,chr22,12634537,12634723,GENE2853,0.554,True,False
CpG_R1350,chr18,15809199,15809563,GENE2746,0.692,False,False
CpG_R1351,chr13,18116734,18116974,GENE3187,0.714,False,False
CpG_R1352,chrX,63825396,63825680,GENE1455,0.586,False,True
CpG_R1353,chr6,33213148,33213537,GENE1418,0.469,False,True
CpG_R1354,chr15,30669632,30669960,GENE1715,0.53,False,True
CpG_R1355,chr21,41424283,41424554,GENE0509,0.472,False,True
CpG_R1356,chr7,121299792,121300002,GENE2595,0.731,True,False
CpG_R1357,chr16,9618388,9618639,GENE3603,0.344,False,False
CpG_R1358,chr2,125194232,125194503,GENE2192,0.596,False,True
CpG_R1359,chrX,48350501,48350774,GENE2870,0.383,False,False
CpG_R1360,chr6,119067781,119068035,GENE2586,0.387,False,False
CpG_R1361,chr21,12388697,12388896,GENE0323,0.691,False,False
CpG_R1362,chr4,49916301,49916648,GENE2950,0.762,False,False
CpG_R1363,chr21,25305177,25305512,GENE0222,0.586,False,True
CpG_R1364,chr6,132184395,132184764,GENE0479,0.553,False,True
CpG_R1365,chr18,49780793,49781030,GENE3929,0.57,False,True
CpG_R1366,chr12,7780150,7780547,GENE1028,0.65,False,False
CpG_R1367,chr11,2719780,2720108,GENE3807,0.665,False,False
CpG_R1368,chrX,63814489,63814866,GENE1955,0.46,False,True
CpG_R1369,chr10,113698052,113698363,GENE3712,0.234,False,False
CpG_R1370,chr16,72059098,72059452,GENE3550,0.447,False,True
CpG_R1371,chr1,1752348,1752548,GENE2172,0.533,False,True
CpG_R1372,chr15,13888568,13888900,GENE1335,0.533,False,True
CpG_R1373,chr10,75753127,75753412,GENE2923,0.691,False,False
CpG_R1374,chr4,137018671,137019063,GENE3686,0.771,True,False
CpG_R1375,chr21,2245205,2245389,GENE1797,0.276,False,False
CpG_R1376,chr7,95131889,95132284,GENE2757,0.622,False,False
CpG_R1377,chr5,27127542,27127867,GENE0312,0.69,False,False
CpG_R1378,chr6,139020384,139020548,GENE3205,0.215,False,False
CpG_R1379,chr12,7281052,7281440,GENE3274,0.574,False,True
CpG_R1380,chr15,46630763,46630946,GENE0776,0.678,False,False
CpG_R1381,chr19,49431909,49432248,GENE0974,0.641,True,False
CpG_R1382,chr8,40753390,40753689,GENE3683,0.731,False,False
CpG_R1383,chr22,6496484,6496867,GENE2094,0.619,False,False
CpG_R1384,chr15,39494315,39494668,GENE2599,0.36,False,False
CpG_R1385,chr19,3046170,3046479,GENE2189,0.41,False,True
CpG_R1386,chr9,48740762,48741126,GENE1697,0.678,False,False
CpG_R1387,chr8,102306122,102306416,GENE2191,0.703,False,False
CpG_R1388,chr18,22120496,22120817,GENE3927,0.244,True,False
CpG_R1389,chr21,17998825,17999082,GENE1004,0.546,True,False
CpG_R1390,chr22,22518092,22518431,GENE0708,0.63,False,False
CpG_R1391,chr22,30455290,30455470,GENE0551,0.693,False,False
CpG_R1392,chr16,38214768,38215020,GENE2158,0.773,False,False
CpG_R1393,chr19,17468057,17468246,GENE2410,0.508,False,True
CpG_R1394,chr10,123371121,123371414,GENE3552,0.43,False,True
CpG_R1395,chr10,21484871,21485196,GENE1119,0.662,False,False
CpG_R1396,chr22,5884381,5884709,GENE0898,0.432,False,True
CpG_R1397,chr18,61633323,61633714,GENE0217,0.752,False,False
CpG_R1398,chr3,13786999,13787216,GENE3785,0.627,False,False
CpG_R1399,chr8,43075984,43076242,GENE0050,0.571,False,True
CpG_R1400,chr20,55721998,55722251,GENE2955,0.51,False,True
CpG_R1401,chrX,64479725,64479944,GENE0150,0.452,False,True
CpG_R1402,chr17,3626515,3626680,GENE2766,0.526,False,True
CpG_R1403,chr6,39492773,39493131,GENE3151,0.653,False,False
CpG_R1404,chr7,40030500,40030695,GENE3039,0.693,False,False
CpG_R1405,chr19,37956899,37957160,GENE2114,0.38,False,False
CpG_R1406,chr14,64704040,64704403,GENE3457,0.416,False,True
CpG_R1407,chr9,78636086,78636314,GENE2335,0.769,False,False
CpG_R1408,chr13,60287019,60287386,GENE3139,0.255,False,False
CpG_R1409,chr20,62445607,62445789,GENE2839,0.306,False,False
CpG_R1410,chr12,13276728,13277094,GENE1841,0.546,False,True
CpG_R1411,chr12,130119510,130119842,GENE2649,0.576,False,True
CpG_R1412,chr2,21897077,21897291,GENE3783,0.562,False,True
CpG_R1413,chr22,47298396,47298712,GENE2060,0.639,False,False
CpG_R1414,chr18,27277980,27278259,GENE0436,0.715,True,False
CpG_R1415,chr2,5155493,5155713,GENE1089,0.695,True,False
CpG_R1416,chr7,20309246,20309566,GENE2609,0.368,False,False
CpG_R1417,chr4,108081065,108081232,GENE2502,0.628,False,False
CpG_R1418,chr7,147556344,147556680,GENE3450,0.642,False,False
CpG_R1419,chr6,118733234,118733561,GENE1557,0.475,False,True
CpG_R1420,chr16,27210213,27210465,GENE3222,0.609,True,False
CpG_R1421,chr16,42617942,42618143,GENE1542,0.578,False,True
CpG_R1422,chr21,31187304,31187510,GENE3792,0.486,False,True
CpG_R1423,chr16,73240815,73241164,GENE1978,0.763,False,False
CpG_R1424,chr3,27756779,27757138,GENE2283,0.611,False,False
CpG_R1425,chr1,71339861,71340133,GENE3235,0.674,False,False
CpG_R1426,chr10,101404698,101405067,GENE2333,0.404,True,False
CpG_R1427,chr1,78838082,78838317,GENE2626,0.735,False,False
CpG_R1428,chr11,74665150,74665331,GENE0284,0.638,False,False
CpG_R1429,chr14,23197976,23198303,GENE0015,0.636,False,False
CpG_R1430,chr15,79047799,79048175,GENE1830,0.433,False,True
CpG_R1431,chr13,61601141,61601537,GENE2915,0.667,False,False
CpG_R1432,chrX,46353767,46354111,GENE2206,0.332,False,False
CpG_R1433,chr10,79585087,79585466,GENE1675,0.536,False,True
CpG_R1434,chr3,48099601,48099851,GENE2210,0.58,False,True
CpG_R1435,chr16,73275878,73276047,GENE1750,0.562,False,True
CpG_R1436,chr10,104232851,104233170,GENE1300,0.477,False,True
CpG_R1437,chr17,21840596,21840993,GENE1629,0.607,False,False
CpG_R1438,chr18,44479207,44479511,GENE1029,0.524,True,False
CpG_R1439,chr19,11891534,11891773,GENE0713,0.828,False,False
CpG_R1440,chr18,49571772,49572139,GENE2043,0.407,False,True
CpG_R1441,chr21,5402590,5402880,GENE0109,0.372,False,False
CpG_R1442,chr8,110352193,110352580,GENE3118,0.547,False,True
CpG_R1443,chr4,39697199,39697516,GENE3695,0.693,False,False
CpG_R1444,chr9,34397902,34398146,GENE1210,0.365,False,False
CpG_R1445,chr10,72761969,72762222,GENE1955,0.502,False,True
CpG_R1446,chr6,85908187,85908339,GENE2019,0.69,True,False
CpG_R1447,chr17,20217728,20217914,GENE1857,0.331,False,False
CpG_R1448,chr11,92394200,92394383,GENE0048,0.657,False,False
CpG_R1449,chr16,38601363,38601684,GENE1020,0.346,False,False
CpG_R1450,chr15,10965947,10966307,GENE1630,0.482,False,True
CpG_R1451,chr22,21384589,21384967,GENE2095,0.707,False,False
CpG_R1452,chrX,89695049,89695436,GENE0296,0.707,False,False
CpG_R1453,chr8,88275647,88275988,GENE0029,0.773,False,False
CpG_R1454,chr21,31565485,31565809,GENE3794,0.678,False,False
CpG_R1455,chr16,38882008,38882274,GENE1587,0.513,False,True
CpG_R1456,chr19,8284985,8285229,GENE2713,0.615,False,False
CpG_R1457,chr11,7130852,7131051,GENE2364,0.505,False,True
CpG_R1458,chr5,62065522,62065698,GENE1391,0.569,False,True
CpG_R1459,chr12,78333202,78333592,GENE2067,0.566,False,True
CpG_R1460,chr10,1655571,1655970,GENE0498,0.657,False,False
CpG_R1461,chr17,51872419,51872764,GENE1398,0.282,False,False
CpG_R1462,chr9,58614750,58615007,GENE0496,0.704,False,False
CpG_R1463,chr17,14465249,14465569,GENE1112,0.45,False,True
CpG_R1464,chr6,3213408,3213576,GENE3214,0.477,False,True
CpG_R1465,chr12,95393875,95394240,GENE3120,0.286,False,False
CpG_R1466,chr17,22349751,22349971,GENE1332,0.666,False,False
CpG_R1467,chr1,93832878,93833074,GENE1216,0.426,False,True
CpG_R1468,chr6,37294106,37294499,GENE1097,0.567,False,True
CpG_R1469,chr6,128944174,128944528,GENE2862,0.432,False,True
CpG_R1470,chr1,97378329,97378582,GENE0083,0.68,True,False
CpG_R1471,chr8,95821992,95822242,GENE3004,0.38,False,False
CpG_R1472,chr8,16630491,16630870,GENE1782,0.427,False,True
CpG_R1473,chr22,35252316,35252533,GENE2812,0.456,False,True
CpG_R1474,chr10,77117262,77117422,GENE3984,0.516,False,True
CpG_R1475,chr19,6155956,6156183,GENE2731,0.399,False,False
CpG_R1476,chr4,119275637,119275799,GENE3353,0.741,False,False
CpG_R1477,chr16,17192086,17192307,GENE0681,0.638,False,False
CpG_R1478,chr7,31737903,31738070,GENE2254,0.746,False,False
CpG_R1479,chr10,20391647,20391941,GENE3538,0.631,False,False
CpG_R1480,chr7,64663491,64663837,GENE3450,0.751,False,False
CpG_R1481,chrX,125736952,125737264,GENE0638,0.608,False,False
CpG_R1482,chr11,10396827,10397023,GENE2108,0.549,False,True
CpG_R1483,chr2,5463401,5463694,GENE0478,0.526,False,True
CpG_R1484,chr2,86442179,86442391,GENE2258,0.741,False,False
CpG_R1485,chr9,1150752,1151001,GENE3485,0.473,False,True
CpG_R1486,chr3,12402144,12402416,GENE2628,0.588,False,True
CpG_R1487,chr12,26396021,26396386,GENE3859,0.654,False,False
CpG_R1488,chr2,103296366,103296683,GENE2925,0.504,False,True
CpG_R1489,chr17,64010482,64010873,GENE1492,0.627,False,False
CpG_R1490,chr7,98825490,98825816,GENE0190,0.597,False,True
CpG_R1491,chr2,81982409,81982601,GENE3502,0.529,False,True
CpG_R1492,chr6,143184634,143184884,GENE3781,0.484,False,True
CpG_R1493,chr8,55248198,55248549,GENE3809,0.548,False,True
CpG_R1494,chr22,21775460,21775763,GENE3731,0.544,False,True
CpG_R1495,chr20,20607932,20608294,GENE3933,0.43,False,True
CpG_R1496,chr17,34204777,34204979,GENE3062,0.585,True,False
CpG_R1497,chr5,72124966,72125313,GENE0283,0.349,False,False
CpG_R1498,chr5,70549634,70549936,GENE0117,0.522,False,True
CpG_R1499,chr7,98877690,98877951,GENE3636,0.709,False,False
CpG_R1500,chr22,7731481,7731751,GENE1563,0.499,False,True
CpG_R1501,chr2,102514520,102514907,GENE1138,0.81,False,False
CpG_R1502,chr2,49561736,49562073,GENE1715,0.787,False,False
CpG_R1503,chr1,102383748,102384111,GENE1038,0.591,False,True
CpG_R1504,chr1,125055382,125055619,GENE3465,0.433,False,True
CpG_R1505,chr1,14729829,14730081,GENE3277,0.491,False,True
CpG_R1506,chr19,20503233,20503599,GENE1184,0.774,False,False
CpG_R1507,chr18,79203430,79203694,GENE0940,0.787,False,False
CpG_R1508,chr18,6484908,6485100,GENE1668,0.79,False,False
CpG_R1509,chrX,50979240,50979409,GENE1789,0.482,False,True
CpG_R1510,chr19,53016564,53016816,GENE0559,0.289,False,False
CpG_R1511,chr20,30582770,30583142,GENE3330,0.431,False,True
CpG_R1512,chr1,26369493,26369795,GENE2034,0.549,False,True
CpG_R1513,chr21,33745078,33745397,GENE0910,0.551,True,False
CpG_R1514,chr5,145895876,145896214,GENE1767,0.43,False,True
CpG_R1515,chr18,78131596,78131816,GENE3454,0.625,False,False
CpG_R1516,chr7,149343626,149343935,GENE3212,0.676,False,False
CpG_R1517,chr21,31740409,31740717,GENE2320,0.441,False,True
CpG_R1518,chr9,80750039,80750227,GENE2002,0.641,False,False
CpG_R1519,chr7,21263364,21263688,GENE2670,0.521,False,True
CpG_R1520,chr17,54043481,54043826,GENE3181,0.367,False,False
CpG_R1521,chr5,68944173,68944465,GENE1411,0.383,False,False
CpG_R1522,chr7,69930484,69930766,GENE0644,0.522,False,True
CpG_R1523,chr20,12812700,12812917,GENE0426,0.294,False,False
CpG_R1524,chr1,134951284,134951650,GENE2068,0.629,False,False
CpG_R1525,chr9,28740419,28740773,GENE2858,0.457,False,True
CpG_R1526,chr6,139119218,139119570,GENE1453,0.544,False,True
CpG_R1527,chr15,21415593,21415810,GENE1131,0.577,False,True
CpG_R1528,chr1,116419510,116419692,GENE3956,0.741,False,False
CpG_R1529,chr2,138407508,138407856,GENE3198,0.714,True,False
CpG_R1530,chr13,11412830,11412984,GENE3598,0.769,False,False
CpG_R1531,chr7,58401986,58402287,GENE2635,0.736,False,False
CpG_R1532,chr19,23664906,23665153,GENE0878,0.633,False,False
CpG_R1533,chr13,58229312,58229507,GENE2971,0.418,False,True
CpG_R1534,chr2,77986949,77987183,GENE0467,0.698,False,False
CpG_R1535,chr18,45905226,45905506,GENE0914,0.676,False,False
CpG_R1536,chr9,109533588,109533924,GENE2710,0.479,False,True
CpG_R1537,chr14,81936526,81936746,GENE0506,0.276,False,False
CpG_R1538,chr2,14034589,14034797,GENE1922,0.559,False,True
CpG_R1539,chr7,124079716,124080023,GENE1203,0.788,False,False
CpG_R1540,chr13,8335519,8335791,GENE0755,0.466,False,True
CpG_R1541,chrX,120559251,120559591,GENE2705,0.501,True,False
CpG_R1542,chr4,92010655,92011047,GENE1643,0.562,False,True
CpG_R1543,chr4,69685894,69686272,GENE0715,0.533,False,True
CpG_R1544,chr14,66999204,66999468,GENE2999,0.5,False,True
CpG_R1545,chr13,28564695,28564980,GENE2190,0.647,False,False
CpG_R1546,chr9,47410584,47410881,GENE2254,0.62,False,False
CpG_R1547,chr15,29649682,29649849,GENE1774,0.781,False,False
CpG_R1548,chr6,110304643,110304858,GENE2501,0.647,False,False
CpG_R1549,chr6,128375226,128375483,GENE2009,0.629,False,False
CpG_R1550,chr12,102060093,102060489,GENE0499,0.545,False,True
CpG_R1551,chr16,30532663,30532964,GENE0111,0.564,False,True
CpG_R1552,chr10,5629086,5629416,GENE1091,0.695,False,False
CpG_R1553,chr16,3056193,3056549,GENE2200,0.72,False,False
CpG_R1554,chr16,80461038,80461249,GENE1557,0.454,True,False
CpG_R1555,chr18,21430708,21431066,GENE1632,0.629,False,False
CpG_R1556,chr14,37768796,37769079,GENE1950,0.642,False,False
CpG_R1557,chr22,11028820,11029098,GENE0912,0.305,False,False
CpG_R1558,chr10,7380279,7380568,GENE0422,0.518,False,True
CpG_R1559,chr21,25403150,25403436,GENE2816,0.656,False,False
CpG_R1560,chr11,18499446,18499675,GENE2784,0.79,False,False
CpG_R1561,chr5,83163172,83163444,GENE2069,0.605,False,False
CpG_R1562,chr18,10988040,10988192,GENE1522,0.594,False,True
CpG_R1563,chr4,91791218,91791433,GENE2559,0.467,False,True
CpG_R1564,chr4,2239728,2240033,GENE0842,0.59,False,True
CpG_R1565,chr3,72441680,72441855,GENE3429,0.739,False,False
CpG_R1566,chr12,24885413,24885715,GENE1330,0.448,False,True
CpG_R1567,chr22,47540710,47540864,GENE3383,0.318,False,False
CpG_R1568,chr2,65272737,65272894,GENE3669,0.816,False,False
CpG_R1569,chr6,117520698,117520990,GENE1988,0.271,False,False
CpG_R1570,chr7,80867683,80867937,GENE3405,0.46,False,True
CpG_R1571,chr6,22052186,22052484,GENE2307,0.667,False,False
CpG_R1572,chr20,28012353,28012661,GENE2487,0.624,False,False
CpG_R1573,chr6,109935824,109936186,GENE0298,0.301,True,False
CpG_R1574,chr7,2524343,2524557,GENE1071,0.31,False,False
CpG_R1575,chr11,86120154,86120523,GENE2133,0.503,True,False
CpG_R1576,chr9,95410194,95410421,GENE1873,0.506,False,True
CpG_R1577,chr21,17304828,17305154,GENE0983,0.607,False,False
CpG_R1578,chr15,79673298,79673468,GENE1528,0.56,False,True
CpG_R1579,chr4,145709291,145709448,GENE3189,0.445,False,True
CpG_R1580,chr22,29457046,29457396,GENE3399,0.491,False,True
CpG_R1581,chr14,97016778,97017139,GENE2238,0.723,False,False
CpG_R1582,chr2,140743500,140743896,GENE1664,0.419,True,False
CpG_R1583,chr21,12534791,12535167,GENE1519,0.256,False,False
CpG_R1584,chr8,69675495,69675879,GENE0390,0.499,True,False
CpG_R1585,chr21,6424032,6424262,GENE3248,0.559,True,False
CpG_R1586,chr16,4659878,4660044,GENE2835,0.493,False,True
CpG_R1587,chr10,22353037,22353254,GENE0814,0.776,False,False
CpG_R1588,chr6,48923786,48924055,GENE2026,0.846,False,False
CpG_R1589,chr10,113522507,113522743,GENE1128,0.771,True,False
CpG_R1590,chr8,58732859,58733197,GENE3365,0.614,False,False
CpG_R1591,chr8,26948901,26949085,GENE2649,0.595,False,True
CpG_R1592,chr13,54606441,54606676,GENE0907,0.434,False,True
CpG_R1593,chr17,5175356,5175698,GENE2205,0.427,False,True
CpG_R1594,chr8,3515466,3515709,GENE1987,0.356,False,False
CpG_R1595,chr4,111494031,111494323,GENE0187,0.496,False,True
CpG_R1596,chr10,104656647,104657001,GENE1885,0.522,False,True
CpG_R1597,chrX,9720977,9721150,GENE0842,0.528,False,True
CpG_R1598,chr22,8622485,8622722,GENE3114,0.647,True,False
CpG_R1599,chr8,4621981,4622201,GENE2103,0.618,True,False
CpG_R1600,chr11,105489182,105489375,GENE1115,0.69,False,False
CpG_R1601,chr18,60847183,60847542,GENE1654,0.445,True,False
CpG_R1602,chr15,88882250,88882483,GENE2710,0.519,False,True
CpG_R1603,chr14,27293757,27294010,GENE2325,0.523,False,True
CpG_R1604,chr10,35334170,35334356,GENE3428,0.316,False,False
CpG_R1605,chr5,117504389,117504771,GENE2008,0.322,False,False
CpG_R1606,chr19,28101101,28101317,GENE3239,0.345,False,False
CpG_R1607,chr22,11410112,11410319,GENE2117,0.665,False,False
CpG_R1608,chr19,52396281,52396487,GENE3975,0.567,False,True
CpG_R1609,chr18,80093112,80093467,GENE1011,0.37,False,False
CpG_R1610,chr9,129421065,129421337,GENE0052,0.357,False,False
CpG_R1611,chr11,113410651,113410848,GENE0467,0.715,True,False
CpG_R1612,chr16,66876559,66876739,GENE2618,0.473,False,True
CpG_R1613,chr10,12609331,12609660,GENE0621,0.441,False,True
CpG_R1614,chr20,30101860,30102223,GENE2898,0.755,False,False
CpG_R1615,chr19,27573576,27573953,GENE2159,0.535,False,True
CpG_R1616,chr9,134846262,134846522,GENE0848,0.652,True,False
CpG_R1617,chrX,77881607,77881941,GENE2474,0.734,False,False
CpG_R1618,chr3,136472599,136472875,GENE2917,0.76,False,False
CpG_R1619,chr9,8525893,8526134,GENE3416,0.423,False,True
CpG_R1620,chr20,11420376,11420653,GENE2249,0.608,False,False
CpG_R1621,chr10,17997502,17997770,GENE1388,0.543,False,True
CpG_R1622,chr9,16548384,16548596,GENE3686,0.564,False,True
CpG_R1623,chr19,27694205,27694438,GENE1953,0.802,False,False
CpG_R1624,chr8,101864101,101864362,GENE2955,0.337,False,False
CpG_R1625,chr12,112639642,112639822,GENE1847,0.768,False,False
CpG_R1626,chr14,60802884,60803105,GENE1823,0.564,False,True
CpG_R1627,chr11,19493105,19493348,GENE3574,0.72,False,False
CpG_R1628,chr10,31172291,31172497,GENE1283,0.676,False,False
CpG_R1629,chr6,105071134,105071493,GENE3113,0.727,True,False
CpG_R1630,chr5,104853512,104853889,GENE1335,0.512,False,True
CpG_R1631,chr9,87318721,87319017,GENE3622,0.554,False,True
CpG_R1632,chr19,327233,327443,GENE3174,0.472,False,True
CpG_R1633,chr12,15969691,15969932,GENE3448,0.632,False,False
CpG_R1634,chr8,85681996,85682154,GENE1277,0.644,False,False
CpG_R1635,chr12,81183408,81183588,GENE3502,0.674,False,False
CpG_R1636,chr18,29726092,29726368,GENE1542,0.714,False,False
CpG_R1637,chr9,104269580,104269763,GENE3228,0.31,True,False
CpG_R1638,chr18,30152822,30153184,GENE0390,0.664,False,False
CpG_R1639,chrX,149657950,149658210,GENE2025,0.546,False,True
CpG_R1640,chr19,34200572,34200737,GENE2651,0.225,False,False
CpG_R1641,chr3,47696749,47696908,GENE3263,0.264,False,False
CpG_R1642,chr3,128002887,128003106,GENE1335,0.697,False,False
CpG_R1643,chr17,65591258,65591441,GENE3057,0.366,False,False
CpG_R1644,chr7,131729102,131729462,GENE0759,0.71,True,False
CpG_R1645,chr3,87199705,87199980,GENE2414,0.75,False,False
CpG_R1646,chr20,5056759,5057133,GENE2885,0.502,False,True
CpG_R1647,chr9,29436614,29436796,GENE0191,0.708,True,False
CpG_R1648,chr10,5521001,5521242,GENE3950,0.681,False,False
CpG_R1649,chr3,122196064,122196314,GENE1332,0.68,False,False
CpG_R1650,chr17,60080627,60080987,GENE2810,0.504,False,True
CpG_R1651,chr8,105770181,105770341,GENE3924,0.596,False,True
CpG_R1652,chr10,9576342,9576716,GENE3541,0.711,False,False
CpG_R1653,chr13,65499361,65499649,GENE2909,0.107,False,False
CpG_R1654,chr22,40809410,40809740,GENE3912,0.417,True,False
CpG_R1655,chr5,94829294,94829676,GENE0259,0.698,False,False
CpG_R1656,chr18,23222966,23223221,GENE3028,0.32,False,False
CpG_R1657,chr15,101723126,101723419,GENE0141,0.684,False,False
CpG_R1658,chr17,51388400,51388559,GENE2709,0.508,False,True
CpG_R1659,chr3,72842149,72842539,GENE3230,0.817,False,False
CpG_R1660,chr8,115896446,115896607,GENE3985,0.46,False,True
CpG_R1661,chr3,51979018,51979390,GENE2879,0.579,False,True
CpG_R1662,chr3,78496100,78496405,GENE0798,0.697,False,False
CpG_R1663,chr16,31803470,31803856,GENE3099,0.471,False,True
CpG_R1664,chr1,25248559,25248853,GENE2194,0.539,False,True
CpG_R1665,chr10,23791496,23791794,GENE1439,0.335,False,False
CpG_R1666,chr5,128679352,128679731,GENE2524,0.445,False,True
CpG_R1667,chr12,1879069,1879426,GENE1642,0.355,False,False
CpG_R1668,chr15,25090505,25090692,GENE1784,0.543,True,False
CpG_R1669,chr9,80744921,80745216,GENE2545,0.421,False,True
CpG_R1670,chr22,17252387,17252621,GENE0956,0.613,False,False
CpG_R1671,chr4,42998073,42998230,GENE2201,0.348,False,False
CpG_R1672,chr1,78926730,78927061,GENE1782,0.349,False,False
CpG_R1673,chr17,50280669,50281009,GENE1651,0.63,False,False
CpG_R1674,chr4,70920577,70920951,GENE2029,0.866,False,False
CpG_R1675,chr5,141197375,141197652,GENE3060,0.729,False,False
CpG_R1676,chrX,50778685,50778911,GENE1435,0.54,False,True
CpG_R1677,chr15,29439072,29439446,GENE1931,0.457,False,True
CpG_R1678,chr8,36781139,36781453,GENE0460,0.775,False,False
CpG_R1679,chr20,3521579,3521824,GENE1132,0.658,False,False
CpG_R1680,chr1,31405517,31405722,GENE1991,0.557,True,False
CpG_R1681,chr5,64882033,64882328,GENE1529,0.507,False,True
CpG_R1682,chr6,124099159,124099425,GENE1251,0.652,False,False
CpG_R1683,chr2,131030972,131031367,GENE0105,0.495,False,True
CpG_R1684,chr22,27537013,27537314,GENE3203,0.521,False,True
CpG_R1685,chr17,59414122,59414472,GENE1871,0.553,False,True
CpG_R1686,chr3,108434898,108435215,GENE2879,0.505,False,True
CpG_R1687,chr4,37848296,37848472,GENE3591,0.521,False,True
CpG_R1688,chr6,137904901,137905053,GENE3595,0.585,False,True
CpG_R1689,chr16,71199654,71199969,GENE0604,0.647,False,False
CpG_R1690,chr17,70548510,70548763,GENE3881,0.405,False,True
CpG_R1691,chr17,51917075,51917248,GENE1216,0.684,False,False
CpG_R1692,chr12,10658268,10658472,GENE2309,0.597,False,True
CpG_R1693,chr8,75295123,75295498,GENE3847,0.581,False,True
CpG_R1694,chr15,21999494,21999648,GENE1646,0.425,False,True
CpG_R1695,chr21,14883667,14884018,GENE2071,0.539,False,True
CpG_R1696,chr6,956172,956504,GENE2524,0.34,False,False
CpG_R1697,chr10,8556872,8557160,GENE3115,0.538,True,False
CpG_R1698,chr21,18339983,18340228,GENE3126,0.208,False,False
CpG_R1699,chr18,53637627,53637831,GENE0193,0.416,False,True
CpG_R1700,chr1,103594132,103594468,GENE1255,0.629,False,False
CpG_R1701,chr15,37722322,37722633,GENE3874,0.475,False,True
CpG_R1702,chr16,60340860,60341015,GENE2373,0.753,False,False
CpG_R1703,chr19,40144322,40144601,GENE1639,0.458,True,False
CpG_R1704,chr9,17530005,17530341,GENE0544,0.762,False,False
CpG_R1705,chr5,21881552,21881732,GENE3360,0.589,False,True
CpG_R1706,chr7,98041624,98041822,GENE0751,0.534,False,True
CpG_R1707,chr10,17719232,17719441,GENE1955,0.532,False,True
CpG_R1708,chr13,15242871,15243192,GENE1068,0.595,False,True
CpG_R1709,chr4,65636242,65636420,GENE1945,0.694,False,False
CpG_R1710,chr19,40726526,40726775,GENE1998,0.586,False,True
CpG_R1711,chr4,50496221,50496472,GENE2423,0.263,False,False
CpG_R1712,chr2,6173924,6174197,GENE1591,0.625,False,False
CpG_R1713,chr21,481871,482029,GENE1143,0.732,False,False
CpG_R1714,chr6,62062174,62062534,GENE3486,0.519,False,True
CpG_R1715,chr1,100722826,100723086,GENE2488,0.349,False,False
CpG_R1716,chrX,80762447,80762661,GENE0780,0.639,False,False
CpG_R1717,chr15,14590171,14590483,GENE3720,0.224,False,False
CpG_R1718,chr12,97930611,97930915,GENE2806,0.457,False,True
CpG_R1719,chr22,47868303,47868506,GENE0261,0.657,False,False
CpG_R1720,chr3,20568586,20568846,GENE3861,0.8,False,False
CpG_R1721,chrX,57951750,57952051,GENE0827,0.522,False,True
CpG_R1722,chr14,44736151,44736308,GENE2723,0.42,False,True
CpG_R1723,chr21,29961252,29961525,GENE0931,0.517,False,True
CpG_R1724,chr6,32164947,32165123,GENE2253,0.46,False,True
CpG_R1725,chr1,100893209,100893462,GENE0861,0.424,False,True
CpG_R1726,chr6,102521745,102521945,GENE3847,0.692,False,False
CpG_R1727,chr14,85997930,85998162,GENE0174,0.326,True,False
CpG_R1728,chr5,118216085,118216444,GENE2836,0.649,False,False
CpG_R1729,chr3,149474319,149474514,GENE3775,0.37,False,False
CpG_R1730,chr18,848142,848504,GENE2220,0.849,False,False
CpG_R1731,chr21,16352717,16353045,GENE3964,0.588,False,True
CpG_R1732,chr4,70971888,70972079,GENE2260,0.762,False,False
CpG_R1733,chr4,131351792,131352064,GENE1133,0.596,False,True
CpG_R1734,chr16,1336103,1336301,GENE0226,0.651,False,False
CpG_R1735,chr3,98573716,98574083,GENE0995,0.543,False,True
CpG_R1736,chr12,96835963,96836323,GENE2661,0.497,False,True
CpG_R1737,chr7,29148299,29148530,GENE1734,0.212,False,False
CpG_R1738,chr9,87041646,87041804,GENE0943,0.614,False,False
CpG_R1739,chr20,19484858,19485052,GENE0437,0.639,False,False
CpG_R1740,chr14,23022013,23022357,GENE1596,0.324,False,False
CpG_R1741,chr2,65361268,65361499,GENE3075,0.518,False,True
CpG_R1742,chr12,76478403,76478652,GENE1045,0.738,False,False
CpG_R1743,chr11,70458709,70459037,GENE2378,0.784,False,False
CpG_R1744,chr7,42644950,42645279,GENE2729,0.458,False,True
CpG_R1745,chr2,100009079,100009284,GENE3427,0.487,False,True
CpG_R1746,chr22,48625670,48626007,GENE3917,0.407,False,True
CpG_R1747,chr5,84465229,84465519,GENE0729,0.457,False,True
CpG_R1748,chr4,85970177,85970348,GENE1466,0.248,False,False
CpG_R1749,chr7,26307126,26307361,GENE0102,0.61,False,False
CpG_R1750,chr14,66569646,66569820,GENE0385,0.503,False,True
CpG_R1751,chr12,80335991,80336287,GENE3006,0.528,False,True
CpG_R1752,chr18,68224989,68225322,GENE0274,0.586,False,True
CpG_R1753,chr8,8261260,8261518,GENE3670,0.47,False,True
CpG_R1754,chr20,9735672,9735838,GENE0899,0.812,False,False
CpG_R1755,chr1,35042450,35042696,GENE3008,0.56,False,True
CpG_R1756,chr5,40117127,40117464,GENE2872,0.611,False,False
CpG_R1757,chr6,117138554,117138916,GENE0134,0.563,False,True
CpG_R1758,chr1,64622890,64623073,GENE3639,0.746,True,False
CpG_R1759,chr21,7898910,7899201,GENE0913,0.398,False,False
CpG_R1760,chr5,123776175,123776571,GENE0002,0.756,False,False
CpG_R1761,chr7,83795682,83796048,GENE2696,0.516,False,True
CpG_R1762,chr22,49645827,49646044,GENE3094,0.619,False,False
CpG_R1763,chr4,77906240,77906444,GENE0186,0.645,False,False
CpG_R1764,chr15,23049586,23049860,GENE1468,0.407,False,True
CpG_R1765,chr17,50940038,50940343,GENE1693,0.317,False,False
CpG_R1766,chr11,112795499,112795772,GENE1832,0.705,False,False
CpG_R1767,chr17,57879422,57879668,GENE2073,0.63,False,False
CpG_R1768,chr19,36755229,36755448,GENE1201,0.47,False,True
CpG_R1769,chr9,11332379,11332568,GENE3604,0.471,False,True
CpG_R1770,chr2,2071497,2071737,GENE0404,0.539,False,True
CpG_R1771,chr18,62794789,62795035,GENE1130,0.456,False,True
CpG_R1772,chr10,131462944,131463223,GENE2234,0.726,True,False
CpG_R1773,chr11,79908373,79908548,GENE3291,0.648,False,False
CpG_R1774,chr5,3317632,3317992,GENE2882,0.524,False,True
CpG_R1775,chr14,30913180,30913514,GENE1731,0.674,False,False
CpG_R1776,chr18,23343411,23343718,GENE3197,0.408,False,True
CpG_R1777,chr14,43883020,43883323,GENE2330,0.5,False,True
CpG_R1778,chrX,140973596,140973806,GENE0507,0.377,True,False
CpG_R1779,chr1,55317924,55318131,GENE1910,0.357,False,False
CpG_R1780,chr22,16447933,16448159,GENE1960,0.61,False,False
CpG_R1781,chr20,14790126,14790316,GENE0593,0.462,False,True
CpG_R1782,chr13,67226870,67227169,GENE1347,0.876,False,False
CpG_R1783,chr20,61395694,61396056,GENE1758,0.334,False,False
CpG_R1784,chr22,5283261,5283484,GENE3676,0.372,False,False
CpG_R1785,chr2,103204493,103204868,GENE1310,0.399,False,False
CpG_R1786,chr15,40476285,40476539,GENE2289,0.354,False,False
CpG_R1787,chr10,113248363,113248716,GENE2746,0.574,False,True
CpG_R1788,chr14,28160716,28160964,GENE3831,0.326,False,False
CpG_R1789,chr14,19221486,19221707,GENE0043,0.545,False,True
CpG_R1790,chr1,49089832,49090201,GENE0268,0.48,False,True
CpG_R1791,chr20,57679461,57679858,GENE0346,0.51,False,True
CpG_R1792,chrX,137003238,137003519,GENE1106,0.567,False,True
CpG_R1793,chr20,15172472,15172742,GENE3947,0.715,False,False
CpG_R1794,chr16,40213786,40213962,GENE2314,0.642,False,False
CpG_R1795,chr19,7433923,7434151,GENE0882,0.275,True,False
CpG_R1796,chr18,76874621,76874977,GENE1022,0.32,False,False
CpG_R1797,chr19,8491096,8491285,GENE0910,0.653,False,False
CpG_R1798,chrX,49465900,49466118,GENE2627,0.809,False,False
CpG_R1799,chr16,37906750,37906943,GENE2170,0.693,False,False
CpG_R1800,chr10,60948772,60949076,GENE0615,0.475,False,True
CpG_R1801,chr22,20224502,20224810,GENE2728,0.305,False,False
CpG_R1802,chr6,147829769,147830093,GENE2419,0.484,False,True
CpG_R1803,chr18,52244405,52244764,GENE0283,0.481,False,True
CpG_R1804,chr13,19213129,19213359,GENE2907,0.655,False,False
CpG_R1805,chr16,37907994,37908242,GENE3276,0.257,False,False
CpG_R1806,chr16,56388132,56388404,GENE3233,0.432,False,True
CpG_R1807,chr7,117763292,117763487,GENE3619,0.668,False,False
CpG_R1808,chr16,5800635,5800948,GENE3850,0.647,False,False
CpG_R1809,chr5,2058173,2058545,GENE1945,0.569,False,True
CpG_R1810,chr17,38234083,38234248,GENE3232,0.631,False,False
CpG_R1811,chr21,6072523,6072720,GENE3837,0.698,False,False
CpG_R1812,chr5,77293197,77293363,GENE0013,0.461,False,True
CpG_R1813,chr6,50356763,50357032,GENE2781,0.821,False,False
CpG_R1814,chr1,75377013,75377172,GENE2818,0.55,False,True
CpG_R1815,chr3,47398548,47398893,GENE1241,0.431,False,True
CpG_R1816,chr20,17896859,17897192,GENE2026,0.453,False,True
CpG_R1817,chrX,50686115,50686366,GENE1444,0.528,False,True
CpG_R1818,chr7,49351516,49351823,GENE1852,0.56,True,False
CpG_R1819,chr7,131329207,131329604,GENE1713,0.495,False,True
CpG_R1820,chr20,54047230,54047427,GENE3552,0.566,False,True
CpG_R1821,chr19,31379751,31380137,GENE0715,0.451,False,True
CpG_R1822,chr5,110864646,110864857,GENE3520,0.179,False,False
CpG_R1823,chr5,138981273,138981520,GENE0672,0.576,True,False
CpG_R1824,chr12,128447191,128447347,GENE0543,0.686,False,False
CpG_R1825,chr21,8207267,8207520,GENE3816,0.56,True,False
CpG_R1826,chr1,106466178,106466467,GENE0423,0.491,False,True
CpG_R1827,chr17,78798303,78798650,GENE2452,0.609,False,False
CpG_R1828,chr5,116892869,116893104,GENE3160,0.614,False,False
CpG_R1829,chr2,7448557,7448872,GENE2003,0.47,False,True
CpG_R1830,chr19,27907336,27907617,GENE2066,0.711,False,False
CpG_R1831,chr7,3475926,3476117,GENE3485,0.744,False,False
CpG_R1832,chrX,99649071,99649380,GENE2908,0.655,False,False
CpG_R1833,chr16,56161204,56161445,GENE1613,0.472,False,True
CpG_R1834,chr14,7400498,7400797,GENE3054,0.498,False,True
CpG_R1835,chr17,32549800,32550004,GENE1466,0.609,False,False
CpG_R1836,chr20,28322978,28323262,GENE3267,0.453,False,True
CpG_R1837,chrX,34692927,34693099,GENE1749,0.493,False,True
CpG_R1838,chr12,13934448,13934628,GENE3387,0.608,False,False
CpG_R1839,chr6,20726288,20726607,GENE1522,0.441,False,True
CpG_R1840,chr14,35965025,35965238,GENE3228,0.318,False,False
CpG_R1841,chr21,9185235,9185422,GENE1060,0.74,False,False
CpG_R1842,chr12,119922707,119922894,GENE3600,0.514,False,True
CpG_R1843,chr18,6579951,6580134,GENE2643,0.425,False,True
CpG_R1844,chr7,71860095,71860419,GENE1050,0.439,False,True
CpG_R1845,chr3,107817210,107817370,GENE2103,0.404,False,True
CpG_R1846,chr12,15170274,15170455,GENE3734,0.665,True,False
CpG_R1847,chr7,93196837,93197138,GENE0522,0.656,False,False
CpG_R1848,chr4,73722955,73723191,GENE1757,0.537,False,True
CpG_R1849,chr8,54503410,54503656,GENE2108,0.692,False,False
CpG_R1850,chr9,93429602,93429840,GENE1268,0.656,False,False
CpG_R1851,chr6,85790263,85790460,GENE0098,0.463,False,True
CpG_R1852,chr12,63314626,63315002,GENE1482,0.702,False,False
CpG_R1853,chrX,91714184,91714407,GENE1942,0.752,False,False
CpG_R1854,chr9,16624085,16624353,GENE1491,0.563,False,True
CpG_R1855,chr14,32879381,32879661,GENE1468,0.564,False,True
CpG_R1856,chr5,126617889,126618192,GENE2926,0.629,False,False
CpG_R1857,chr20,11602361,11602755,GENE1913,0.362,False,False
CpG_R1858,chr12,16772015,16772193,GENE3760,0.709,False,False
CpG_R1859,chr3,136262302,136262461,GENE3528,0.652,False,False
CpG_R1860,chr7,76828278,76828557,GENE2433,0.462,False,True
CpG_R1861,chr6,39487998,39488299,GENE2824,0.546,False,True
CpG_R1862,chr11,22170524,22170872,GENE0432,0.297,False,False
CpG_R1863,chr20,43096458,43096658,GENE1082,0.328,False,False
CpG_R1864,chr7,115660176,115660556,GENE2626,0.3,False,False
CpG_R1865,chr14,94850692,94850919,GENE0194,0.591,False,True
CpG_R1866,chr5,25287068,25287306,GENE3133,0.413,False,True
CpG_R1867,chr15,33620624,33620901,GENE2613,0.691,False,False
CpG_R1868,chr22,19702343,19702548,GENE3495,0.823,False,False
CpG_R1869,chr13,44919097,44919421,GENE3554,0.612,False,False
CpG_R1870,chr11,238144,238354,GENE0901,0.497,False,True
CpG_R1871,chr14,2503336,2503544,GENE3312,0.387,False,False
CpG_R1872,chr17,38478780,38479042,GENE3614,0.431,False,True
CpG_R1873,chr17,4888904,4889153,GENE1830,0.756,False,False
CpG_R1874,chr20,37523429,37523792,GENE1107,0.528,False,True
CpG_R1875,chr20,4624148,4624373,GENE2062,0.629,False,False
CpG_R1876,chr19,28892404,28892613,GENE1457,0.417,False,True
CpG_R1877,chr20,32448790,32449100,GENE0679,0.799,True,False
CpG_R1878,chr3,114328318,114328682,GENE3485,0.446,False,True
CpG_R1879,chr4,56513475,56513781,GENE3809,0.397,True,False
CpG_R1880,chr18,13942762,13943126,GENE0017,0.347,False,False
CpG_R1881,chr8,60142955,60143354,GENE1314,0.33,False,False
CpG_R1882,chr16,15631583,15631779,GENE2257,0.355,False,False
CpG_R1883,chr7,36807665,36807996,GENE3255,0.738,False,False
CpG_R1884,chr22,13492830,13493131,GENE2812,0.487,False,True
CpG_R1885,chr2,46316781,46317106,GENE3536,0.506,False,True
CpG_R1886,chr17,5635794,5636185,GENE3389,0.505,False,True
CpG_R1887,chr15,46604250,46604544,GENE0912,0.625,False,False
CpG_R1888,chr9,80802475,80802828,GENE1788,0.416,False,True
CpG_R1889,chr1,31787772,31787924,GENE2200,0.511,True,False
CpG_R1890,chr11,46069410,46069678,GENE2967,0.692,False,False
CpG_R1891,chr14,22952400,22952646,GENE3440,0.537,False,True
CpG_R1892,chr10,61516551,61516801,GENE0987,0.62,False,False
CpG_R1893,chr6,109807575,109807742,GENE3647,0.631,False,False
CpG_R1894,chr17,31207053,31207302,GENE3262,0.452,False,True
CpG_R1895,chr1,89009686,89009883,GENE3590,0.774,True,False
CpG_R1896,chr20,32702890,32703073,GENE0277,0.611,False,False
CpG_R1897,chr10,49992948,49993175,GENE2078,0.757,False,False
CpG_R1898,chr13,7391216,7391375,GENE0089,0.256,False,False
CpG_R1899,chr11,72766865,72767165,GENE2628,0.797,False,False
CpG_R1900,chr21,36402551,36402812,GENE1087,0.422,False,True
CpG_R1901,chr7,30206515,30206710,GENE1046,0.486,False,True
CpG_R1902,chr3,117150402,117150750,GENE2032,0.492,False,True
CpG_R1903,chr3,12393251,12393548,GENE1094,0.703,False,False
CpG_R1904,chr16,49186790,49186993,GENE0682,0.647,False,False
CpG_R1905,chr5,118100778,118101024,GENE2844,0.836,False,False
CpG_R1906,chr7,117191086,117191476,GENE2189,0.662,False,False
CpG_R1907,chr2,139350571,139350890,GENE3679,0.419,False,True
CpG_R1908,chr9,123939301,123939467,GENE0792,0.352,False,False
CpG_R1909,chr10,41832338,41832499,GENE0345,0.351,False,False
CpG_R1910,chr5,95297353,95297508,GENE1290,0.463,False,True
CpG_R1911,chr13,26976435,26976714,GENE0236,0.638,False,False
CpG_R1912,chr7,19120910,19121276,GENE3592,0.652,False,False
CpG_R1913,chr16,54213841,54214114,GENE1766,0.414,False,True
CpG_R1914,chr15,82101788,82102009,GENE1074,0.617,False,False
CpG_R1915,chrX,143883949,143884172,GENE3078,0.367,False,False
CpG_R1916,chr15,24872411,24872762,GENE2704,0.626,False,False
CpG_R1917,chr10,43938255,43938632,GENE1655,0.587,True,False
CpG_R1918,chr9,62154556,62154898,GENE3869,0.301,False,False
CpG_R1919,chr2,9145185,9145578,GENE1547,0.601,False,False
CpG_R1920,chr8,94212308,94212621,GENE2666,0.495,False,True
CpG_R1921,chrX,80787889,80788120,GENE2344,0.753,True,False
CpG_R1922,chr17,61460778,61460939,GENE3597,0.617,False,False
CpG_R1923,chr7,20479271,20479587,GENE3739,0.494,False,True
CpG_R1924,chr8,72888706,72888912,GENE3075,0.538,False,True
CpG_R1925,chr1,49798708,49799022,GENE1348,0.56,False,True
CpG_R1926,chr8,35041493,35041689,GENE0008,0.592,True,False
CpG_R1927,chr18,11778418,11778720,GENE2363,0.325,False,False
CpG_R1928,chr3,45369304,45369679,GENE3115,0.455,False,True
CpG_R1929,chr16,21284393,21284767,GENE1655,0.616,False,False
CpG_R1930,chr21,462023,462229,GENE2225,0.514,True,False
CpG_R1931,chr7,113555790,113556160,GENE1967,0.39,False,False
CpG_R1932,chr6,141081298,141081488,GENE1991,0.489,False,True
CpG_R1933,chr22,39299409,39299807,GENE2554,0.731,False,False
CpG_R1934,chr10,77443390,77443746,GENE1558,0.556,False,True
CpG_R1935,chr15,91980166,91980392,GENE1654,0.857,False,False
CpG_R1936,chr21,6299880,6300173,GENE0870,0.362,False,False
CpG_R1937,chr6,103196318,103196515,GENE1542,0.532,False,True
CpG_R1938,chr20,7392877,7393264,GENE2976,0.578,False,True
CpG_R1939,chr4,102665715,102666038,GENE1618,0.62,False,False
CpG_R1940,chr15,26586265,26586425,GENE2924,0.328,False,False
CpG_R1941,chr22,27714083,27714412,GENE3756,0.556,False,True
CpG_R1942,chr9,68370963,68371234,GENE3643,0.394,False,False
CpG_R1943,chrX,130849720,130849968,GENE2482,0.377,False,False
CpG_R1944,chr20,4060612,4060919,GENE2186,0.549,False,True
CpG_R1945,chr15,71894870,71895221,GENE1092,0.417,False,True
CpG_R1946,chr7,36280818,36281176,GENE1103,0.389,False,False
CpG_R1947,chr17,45191160,45191338,GENE0778,0.795,False,False
CpG_R1948,chr19,32344334,32344704,GENE2138,0.44,False,True
CpG_R1949,chr5,133694997,133695239,GENE0489,0.47,False,True
CpG_R1950,chr20,38796061,38796328,GENE0198,0.482,False,True
CpG_R1951,chr10,86672126,86672309,GENE3405,0.465,False,True
CpG_R1952,chr12,102698127,102698519,GENE1582,0.594,False,True
CpG_R1953,chr21,7115353,7115600,GENE3342,0.594,False,True
CpG_R1954,chr14,66343700,66343926,GENE0081,0.507,False,True
CpG_R1955,chr9,86344723,86344984,GENE2467,0.519,False,True
CpG_R1956,chr18,10289875,10290077,GENE3777,0.479,False,True
CpG_R1957,chr17,57634170,57634370,GENE0624,0.519,True,False
CpG_R1958,chr9,58516190,58516447,GENE0056,0.281,False,False
CpG_R1959,chr16,15816952,15817149,GENE2157,0.418,False,True
CpG_R1960,chr21,37778272,37778493,GENE0432,0.264,False,False
CpG_R1961,chr11,107810081,107810441,GENE3843,0.571,False,True
CpG_R1962,chr2,117084137,117084485,GENE1550,0.629,False,False
CpG_R1963,chr9,95218444,95218594,GENE2587,0.735,False,False
CpG_R1964,chr15,76352828,76353055,GENE1296,0.542,False,True
CpG_R1965,chrX,119532228,119532414,GENE0556,0.511,False,True
CpG_R1966,chr17,34899970,34900335,GENE1704,0.627,False,False
CpG_R1967,chr2,836114,836481,GENE2862,0.73,False,False
CpG_R1968,chr6,141795914,141796166,GENE0893,0.727,False,False
CpG_R1969,chr4,85060104,85060474,GENE2294,0.526,False,True
CpG_R1970,chr5,96580625,96580785,GENE0695,0.297,False,False
CpG_R1971,chr22,14979418,14979641,GENE1494,0.488,False,True
CpG_R1972,chr19,19113448,19113824,GENE0635,0.418,False,True
CpG_R1973,chr22,17922412,17922654,GENE1555,0.396,False,False
CpG_R1974,chr19,39962492,39962833,GENE2912,0.353,False,False
CpG_R1975,chr13,105922184,105922377,GENE1809,0.375,False,False
CpG_R1976,chr4,113083639,113084009,GENE0556,0.358,True,False
CpG_R1977,chr10,4855921,4856269,GENE1777,0.608,False,False
CpG_R1978,chr20,58183339,58183722,GENE2729,0.462,False,True
CpG_R1979,chr7,87742887,87743040,GENE0868,0.676,False,False
CpG_R1980,chr4,102172561,102172715,GENE1839,0.589,False,True
CpG_R1981,chr14,30409833,30410187,GENE0028,0.528,False,True
CpG_R1982,chr1,63621085,63621392,GENE0504,0.601,False,False
CpG_R1983,chr4,69372238,69372439,GENE3342,0.176,False,False
CpG_R1984,chr20,56951312,56951651,GENE1721,0.373,False,False
CpG_R1985,chr2,87738685,87739010,GENE1216,0.59,False,True
CpG_R1986,chr4,29411472,29411694,GENE0024,0.54,False,True
CpG_R1987,chr15,6949361,6949655,GENE2888,0.502,False,True
CpG_R1988,chr3,62340536,62340927,GENE3499,0.394,False,False
CpG_R1989,chr18,55804982,55805158,GENE3744,0.556,False,True
CpG_R1990,chr2,39376666,39376848,GENE0308,0.317,False,False
CpG_R1991,chr18,62620175,62620485,GENE1307,0.945,False,False
CpG_R1992,chr8,111779225,111779582,GENE2975,0.666,False,False
CpG_R1993,chr4,139859882,139860053,GENE0827,0.66,False,False
CpG_R1994,chr4,51731583,51731850,GENE2094,0.442,True,False
CpG_R1995,chr13,11365620,11365978,GENE2643,0.419,False,True
CpG_R1996,chr17,57469379,57469694,GENE3538,0.599,False,True
CpG_R1997,chr22,233285,233448,GENE0724,0.571,False,True
CpG_R1998,chr3,87423545,87423885,GENE1617,0.324,False,False
CpG_R1999,chr15,5618997,5619319,GENE0853,0.485,False,True
CpG_R2000,chr2,21253223,21253388,GENE1552,0.588,False,True
